设备品牌,设备类型,产品型号,CVE编号,漏洞描述,攻击向量,厂商补丁链接,受影响版本,公开日期
Tp-Link,Smart Home Device,tapo_h100,CVE-2024-10523,This vulnerability exists in TP-Link IoT Smart Hub due to storage of Wi-Fi credentials in plain text within the device firmware. An attacker with physical access could exploit this by extracting the firmware and analyzing the binary data to obtain the Wi-Fi credentials stored on the vulnerable device.,Physical,Not provided,"2.3, before 1.5.22",2024-11-04
Tp-Link,Networking Device,vn020-f3v(t),CVE-2024-11237,"A vulnerability, which was classified as critical, has been found in TP-Link VN020 F3v(T) TT_V6.2.1021. Affected by this issue is some unknown functionality of the component DHCP DISCOVER Packet Parser. The manipulation of the argument hostname leads to stack-based buffer overflow. The attack may be launched remotely. The exploit has been disclosed to the public and may be used.",Network,https://www.tp-link.com/ | https://vuldb.com/?id.284672 | https://vuldb.com/?submit.438408,2.3,2024-11-15
Tp-Link,Networking Device,Unknown,CVE-2024-1179,"TP-Link Omada ER605 DHCPv6 Client Options Stack-based Buffer Overflow Remote Code Execution Vulnerability. This vulnerability allows network-adjacent attackers to execute arbitrary code on affected installations of TP-Link Omada ER605 routers. Authentication is not required to exploit this vulnerability.

The specific flaw exists within the handling of DHCP options. The issue results from the lack of proper validation of the length of user-supplied data prior to copying it to a fixed-length stack-based buffer. An attacker can leverage this vulnerability to execute code in the context of root. Was ZDI-CAN-22420.",,Not provided,unknown versions,2024-04-01
Tp-Link,Networking Device,Unknown,CVE-2024-1180,"TP-Link Omada ER605 Access Control Command Injection Remote Code Execution Vulnerability. This vulnerability allows network-adjacent attackers to execute arbitrary code on affected installations of TP-Link Omada ER605. Authentication is required to exploit this vulnerability.

The specific issue exists within the handling of the name field in the access control user interface. The issue results from the lack of proper validation of a user-supplied string before using it to execute a system call. An attacker can leverage this vulnerability to execute code in the context of root. Was ZDI-CAN-22227.",,Not provided,unknown versions,2024-04-03
Tp-Link,Networking Device,Unknown,CVE-2024-12342,A vulnerability was found in TP-Link VN020 F3v(T) TT_V6.2.1021. It has been rated as critical. This issue affects some unknown processing of the file /control/WANIPConnection of the component Incomplete SOAP Request Handler. The manipulation leads to denial of service. The attack can only be initiated within the local network. The exploit has been disclosed to the public and may be used.,,https://www.tp-link.com/ | https://vuldb.com/?id.287261,unknown versions,2024-12-08
Tp-Link,Networking Device,vn020_f3v,CVE-2024-12343,A vulnerability classified as critical has been found in TP-Link VN020 F3v(T) TT_V6.2.1021. Affected is an unknown function of the file /control/WANIPConnection of the component SOAP Request Handler. The manipulation of the argument NewConnectionType leads to buffer overflow. The attack needs to be done within the local network. The exploit has been disclosed to the public and may be used.,Adjacent Network,https://www.tp-link.com/ | https://vuldb.com/?submit.446212 | https://vuldb.com/?id.287262,2.3,2024-12-08
Tp-Link,Networking Device,vn020_f3v,CVE-2024-12344,"A vulnerability, which was classified as critical, was found in TP-Link VN020 F3v(T) TT_V6.2.1021. This affects an unknown part of the component FTP USER Command Handler. The manipulation leads to memory corruption. It is possible to initiate the attack remotely. The exploit has been disclosed to the public and may be used.",Network,https://www.tp-link.com/ | https://vuldb.com/?submit.452658 | https://vuldb.com/?id.287265,2.3,2024-12-08
Tp-Link,Router,"archer_ax3000_firmware,archer_ax5400_firmware,deco_x50_firmware,deco_xe200",CVE-2024-21773,Multiple TP-LINK products allow a network-adjacent unauthenticated attacker with access to the product from the LAN port or Wi-Fi to execute arbitrary OS commands on the product that has pre-specified target devices and blocked URLs in parental control settings.,Adjacent Network,https://www.tp-link.com/jp/support/download/deco-x50/v1/#Firmware | https://www.tp-link.com/jp/support/download/archer-ax5400/#Firmware | https://www.tp-link.com/jp/support/download/deco-xe200/#Firmware | https://www.tp-link.com/jp/support/download/archer-ax3000/#Firmware | https://www.tp-link.com/jp/support/download/archer-air-r5/v1/#Firmware,"2.3, before 1.1.2, 2.3, before 1.1.2, 2.3, before 1.4.1, 2.3, before 1.2.5",2024-01-11
Tp-Link,Router,"archer_ax3000_firmware,archer_ax5400_firmware,archer_axe75",CVE-2024-21821,Multiple TP-LINK products allow a network-adjacent authenticated attacker with access to the product from the LAN port or Wi-Fi to execute arbitrary OS commands.,Adjacent Network,https://www.tp-link.com/jp/support/download/archer-axe75/#Firmware | https://www.tp-link.com/jp/support/download/archer-air-r5/v1/#Firmware | https://www.tp-link.com/jp/support/download/archer-ax5400/#Firmware | https://www.tp-link.com/jp/support/download/archer-ax3000/#Firmware,"2.3, before 1.1.2, 2.3, before 1.1.2, 2.3, before 1.1.9",2024-01-11
Tp-Link,Networking Device,Unknown,CVE-2024-21827,A leftover debug code vulnerability exists in the cli_server debug functionality of Tp-Link ER7206 Omada Gigabit VPN Router 1.4.1 Build 20240117 Rel.57421. A specially crafted series of network requests can lead to arbitrary command execution. An attacker can send a sequence of requests to trigger this vulnerability.,,Not provided,unknown versions,2024-06-25
Tp-Link,Router,"archer_ax3000_firmware,archer_ax5400_firmware,deco_x50_firmware,deco_xe200_firmware,archer_axe75",CVE-2024-21833,"Multiple TP-LINK products allow a network-adjacent unauthenticated attacker with access to the product to execute arbitrary OS commands. The affected device, with the initial configuration, allows login only from the LAN port or Wi-Fi.",Adjacent Network,https://www.tp-link.com/jp/support/download/archer-axe75/#Firmware | https://www.tp-link.com/jp/support/download/deco-x50/v1/#Firmware | https://www.tp-link.com/jp/support/download/archer-ax5400/#Firmware | https://www.tp-link.com/jp/support/download/deco-xe200/#Firmware | https://www.tp-link.com/jp/support/download/archer-ax3000/#Firmware,"2.3, before 1.1.2, 2.3, before 1.1.2, 2.3, before 1.4.1, 2.3, before 1.2.5, 2.3, before 1.1.9",2024-01-11
Tp-Link,Router,archer_ax50,CVE-2024-2188,"Cross-Site Scripting (XSS) vulnerability stored in TP-Link Archer AX50 affecting firmware version 1.0.11 build 2022052. This vulnerability could allow an unauthenticated attacker to create a port mapping rule via a SOAP request and store a malicious JavaScript payload within that rule, which could result in an execution of the JavaScript payload when the rule is loaded.",Network,https://www.incibe.es/en/incibe-cert/notices/aviso/cross-site-scripting-vulnerability-tp-link-archer-ax50,2.3,2024-03-05
Tp-Link,Networking Device,mr200,CVE-2024-22733,"TP Link MR200 V4 Firmware version 210201 was discovered to contain a null-pointer-dereference in the web administration panel on /cgi/login via the sign, Action or LoginStatus query parameters which could lead to a denial of service by a local or remote unauthenticated attacker.",Network,https://lenoctambule.dev/post/dos-on-tp-link-web-admin-panel,2.3,2024-11-01
Tp-Link,Networking Device,Unknown,CVE-2024-25139,"In TP-Link Omada er605 1.0.1 through (v2.6) 2.2.3, a cloud-brd binary is susceptible to an integer overflow that leads to a heap-based buffer overflow. After heap shaping, an attacker can achieve code execution in the context of the cloud-brd binary that runs at the root level. This is fixed in ER605(UN)_v2_2.2.4 Build 020240119.",,https://github.com/microsoft/Microsoft-TP-Link-Research-Team | https://www.tp-link.com/us/omada-sdn/,unknown versions,2024-03-14
Tp-Link,Networking Device,Unknown,CVE-2024-31340,"TP-Link Tether versions prior to 4.5.13 and TP-Link Tapo versions prior to 3.3.6 do not properly validate certificates, which may allow a remote unauthenticated attacker to eavesdrop on an encrypted communication via a man-in-the-middle attack.",,Not provided,unknown versions,2024-05-22
Tp-Link,Networking Device,Unknown,CVE-2024-35495,An Information Disclosure vulnerability in the Telemetry component in TP-Link Kasa KP125M V1.0.0 and Tapo P125M 1.0.0 Build 220930 Rel.143947 allows attackers to observe device state via observing network traffic.,,https://github.com/Chapoly1305/tp-link-cve/blob/main/CVE-2024-35495.md,unknown versions,2024-09-30
Tp-Link,Networking Device,Unknown,CVE-2024-37661,TP-LINK TL-7DR5130 v1.0.23 is vulnerable to forged ICMP redirect message attacks. An attacker in the same WLAN as the victim can hijack the traffic between the victim and any remote server by sending out forged ICMP redirect messages.,,Not provided,unknown versions,2024-06-17
Tp-Link,Networking Device,Unknown,CVE-2024-37662,TP-LINK TL-7DR5130 v1.0.23 is vulnerable to TCP DoS or hijacking attacks. An attacker in the same WLAN as the victim can disconnect or hijack the traffic between the victim and any remote server by sending out forged TCP RST messages to evict NAT mappings in the router.,,Not provided,unknown versions,2024-06-17
Tp-Link,Networking Device,Unknown,CVE-2024-38471,"Multiple TP-LINK products allow a network-adjacent attacker with an administrative privilege to execute arbitrary OS commands by restoring a crafted backup file. The affected device, with the initial configuration, allows login only from the LAN port or Wi-Fi.",,https://www.tp-link.com/jp/support/download/archer-axe75/#Firmware | https://www.tp-link.com/jp/support/download/archer-axe5400/#Firmware | https://www.tp-link.com/jp/support/download/archer-ax5400/#Firmware | https://www.tp-link.com/jp/support/download/ | https://www.tp-link.com/jp/support/download/archer-ax3000/#Firmware | https://www.tp-link.com/jp/support/download/archer-air-r5/v1/#Firmware,unknown versions,2024-07-04
Tp-Link,Networking Device,Unknown,CVE-2024-4224,"An authenticated stored cross-site scripting (XSS) exists in the TP-Link TL-SG1016DE affecting version TL-SG1016DE(UN) V7.6_1.0.0 Build 20230616, which could allow an adversary to run JavaScript in an administrator's browser. This issue was fixed in TL-SG1016DE(UN) V7_1.0.1 Build 20240628.",,https://www.tp-link.com/en/support/download/tl-sg1016de/v7/#Firmware,unknown versions,2024-07-15
Tp-Link,Networking Device,re365,CVE-2024-42815,"In the TP-Link RE365 V1_180213, there is a buffer overflow vulnerability due to the lack of length verification for the USER_AGENT field in /usr/bin/httpd. Attackers who successfully exploit this vulnerability can cause the remote target device to crash or execute arbitrary commands.",,https://securityonline.info/cve-2024-42815-cvss-9-8-buffer-overflow-flaw-in-tp-link-routers-opens-door-to-rce/,2.3,2024-08-19
Tp-Link,Networking Device,wr941nd,CVE-2024-46313,TP-Link WR941ND V6 has a stack overflow vulnerability in the ssid parameter in /userRpm/popupSiteSurveyRpm.htm.,,https://github.com/abcdefg-png/IoT-vulnerable/blob/main/TP-LINK/WR-941ND/popupSiteSurveyRpm.md,2.3,2024-09-30
Tp-Link,Networking Device,Unknown,CVE-2024-46325,TP-Link WR740N V6 has a stack overflow vulnerability via the ssid parameter in /userRpm/popupSiteSurveyRpm.htm url.,,https://github.com/abcdefg-png/IoT-vulnerable/blob/main/TP-LINK/WR740N/popupSiteSurveyRpm.md,unknown versions,2024-10-07
Tp-Link,Networking Device,Unknown,CVE-2024-46340,"TL-WR845N(UN)_V4_201214, TP-Link TL-WR845N(UN)_V4_200909, and TL-WR845N(UN)_V4_190219 was discovered to transmit user credentials in plaintext after executing a factory reset.",,https://security.iiita.ac.in/iot/factory-reset.docx,unknown versions,2024-12-10
Tp-Link,Networking Device,Unknown,CVE-2024-46341,"TP-Link TL-WR845N(UN)_V4_190219 was discovered to transmit credentials in base64 encoded form, which can be easily decoded by an attacker executing a man-in-the-middle attack.",,https://security.iiita.ac.in/iot/base64-authorization.docx,unknown versions,2024-12-10
Tp-Link,Networking Device,tl-wdr5620,CVE-2024-46486,TP-LINK TL-WDR5620 v2.3 was discovered to contain a remote code execution (RCE) vulnerability via the httpProcDataSrv function.,,Not provided,2.3,2024-10-04
Tp-Link,Networking Device,Unknown,CVE-2024-46548,"TP-Link Tapo P125M and Kasa KP125M v1.0.3 was discovered to improperly validate certificates, allowing attackers to eavesdrop on communications and access sensitive information via a man-in-the-middle attack.",,https://github.com/Chapoly1305/tp-link-cve/blob/main/CVE-2024-46548.md,unknown versions,2024-09-30
Tp-Link,Networking Device,Unknown,CVE-2024-46549,An issue in the TP-Link MQTT Broker and API gateway of TP-Link Kasa KP125M v1.0.3 allows attackers to establish connections by impersonating devices owned by other users.,,https://github.com/Chapoly1305/tp-link-cve/blob/main/CVE-2024-46549.md,unknown versions,2024-09-30
Tp-Link,Networking Device,Unknown,CVE-2024-48288,TP-Link TL-IPC42C V4.0_20211227_1.0.16 is vulnerable to command injection due to the lack of malicious code verification on both the frontend and backend.,,https://github.com/GroundCTL2MajorTom/pocs/blob/main/TP-Link_TL-IPC42C_RCE.md,unknown versions,2024-11-21
Tp-Link,Networking Device,Unknown,CVE-2024-48710,"In TP-Link TL-WDR7660 1.0, the wlanTimerRuleJsonToBin function handles the parameter string name without checking it, which can lead to stack overflow vulnerabilities.",,Not provided,unknown versions,2024-10-15
Tp-Link,Networking Device,Unknown,CVE-2024-48712,"In TP-Link TL-WDR7660 1.0, the rtRuleJsonToBin function handles the parameter string name without checking it, which can lead to stack overflow vulnerabilities.",,Not provided,unknown versions,2024-10-15
Tp-Link,Networking Device,Unknown,CVE-2024-48713,"In TP-Link TL-WDR7660 1.0, the wacWhitelistJsonToBin function handles the parameter string name without checking it, which can lead to stack overflow vulnerabilities.",,Not provided,unknown versions,2024-10-15
Tp-Link,Networking Device,Unknown,CVE-2024-48714,"In TP-Link TL-WDR7660 v1.0, the guestRuleJsonToBin function handles the parameter string name without checking it, which can lead to stack overflow vulnerabilities.",,Not provided,unknown versions,2024-10-15
Tp-Link,Networking Device,Unknown,CVE-2024-5035,"The affected device expose a network service called ""rftest"" that is vulnerable to unauthenticated command injection on ports TCP/8888, TCP/8889, and TCP/8890. By successfully exploiting this flaw, remote unauthenticated attacker can gain arbitrary command execution on the device with elevated privileges.This issue affects Archer C4500X: through 1_1.1.6.",,https://onekey.com/blog/security-advisory-remote-command-execution-on-tp-link-archer-c5400x/ | https://www.tp-link.com/en/support/download/archer-c5400x/#Firmware,unknown versions,2024-05-27
Tp-Link,Networking Device,tl-wr845n,CVE-2024-50699,"TP-Link TL-WR845N(UN)_V4_201214, TL-WR845N(UN)_V4_200909 and TL-WR845N(UN)_V4_190219 were discovered to contain weak default credentials for the Administrator account.",,https://security.iiita.ac.in/iot/base64-authorization.docx | https://security.iiita.ac.in/iot/password-reset-missing-tplink.pdf,"2.3, 2.3, 2.3",2024-12-10
Tp-Link,Networking Device,Unknown,CVE-2024-5227,"TP-Link Omada ER605 PPTP VPN username Command Injection Remote Code Execution Vulnerability. This vulnerability allows network-adjacent attackers to execute arbitrary code on affected installations of TP-Link Omada ER605 routers. Authentication is not required to exploit this vulnerability. However, devices are only vulnerable if configured to use a PPTP VPN with LDAP authentication.

The specific flaw exists within the handling of the username parameter provided to the /usr/bin/pppd endpoint. The issue results from the lack of proper validation of a user-supplied string before using it to execute a system call. An attacker can leverage this vulnerability to execute code in the context of root. Was ZDI-CAN-22446.",,Not provided,unknown versions,2024-05-23
Tp-Link,Networking Device,Unknown,CVE-2024-5228,"TP-Link Omada ER605  Comexe DDNS Response Handling Heap-based Buffer Overflow Remote Code Execution Vulnerability. This vulnerability allows network-adjacent attackers to execute arbitrary code on affected installations of TP-Link Omada ER605 routers. Authentication is not required to exploit this vulnerability. However, devices are vulnerable only if configured to use the Comexe DDNS service.

The specific flaw exists within the handling of DNS responses. The issue results from the lack of proper validation of the length of user-supplied data prior to copying it to a fixed-length heap-based buffer. An attacker can leverage this vulnerability to execute code in the context of root. Was ZDI-CAN-22383.",,Not provided,unknown versions,2024-05-23
Tp-Link,Networking Device,Unknown,CVE-2024-5242,"TP-Link Omada ER605 Stack-based Buffer Overflow Remote Code Execution Vulnerability. This vulnerability allows network-adjacent attackers to execute arbitrary code on affected installations of TP-Link Omada ER605 routers. Authentication is not required to exploit this vulnerability. However, devices are vulnerable only if configured to use the Comexe DDNS service.

The specific flaw exists within the handling of DDNS error codes. The issue results from the lack of proper validation of the length of user-supplied data prior to copying it to a fixed-length stack-based buffer. An attacker can leverage this vulnerability to execute code in the context of root. Was ZDI-CAN-22522.",,Not provided,unknown versions,2024-05-23
Tp-Link,Networking Device,Unknown,CVE-2024-5243,"TP-Link Omada ER605 Buffer Overflow Remote Code Execution Vulnerability. This vulnerability allows network-adjacent attackers to execute arbitrary code on affected installations of TP-Link Omada ER605 routers. Authentication is not required to exploit this vulnerability. However, devices are vulnerable only if configured to use the Comexe DDNS service.

The specific flaw exists within the handling of DNS names. The issue results from the lack of proper validation of the length of user-supplied data prior to copying it to a buffer. An attacker can leverage this vulnerability to execute code in the context of root. Was ZDI-CAN-22523.",,Not provided,unknown versions,2024-05-23
Tp-Link,Networking Device,Unknown,CVE-2024-5244,"TP-Link Omada ER605 Reliance on Security Through Obscurity Vulnerability. This vulnerability allows network-adjacent attackers to access or spoof DDNS messages on affected installations of TP-Link Omada ER605 routers. Authentication is not required to exploit this vulnerability. However, devices are vulnerable only if configured to use the Comexe DDNS service.

The specific flaw exists within the cmxddnsd executable. The issue results from reliance on obscurity to secure network data. An attacker can leverage this in conjunction with other vulnerabilities to execute arbitrary code in the context of root. Was ZDI-CAN-22439.",,Not provided,unknown versions,2024-05-23
Tp-Link,Networking Device,Unknown,CVE-2024-53375,"An Authenticated Remote Code Execution (RCE) vulnerability affects the TP-Link Archer router series. A vulnerability exists in the ""tmp_get_sites"" function of the HomeShield functionality provided by TP-Link. This vulnerability is still exploitable without the activation of the HomeShield functionality.",,Not provided,unknown versions,2024-12-02
Tp-Link,Networking Device,Unknown,CVE-2024-53623,Incorrect access control in the component l_0_0.xml of TP-Link ARCHER-C7 v5 allows attackers to access sensitive information.,,https://github.com/Crane-c/CVE_Request/blob/main/TP-Link/C7v5/TPLink_ARCHERC7v5_unauthorized_access_vulnerability_first.md,unknown versions,2024-11-29
Tp-Link,Networking Device,Unknown,CVE-2024-54126,This vulnerability exists in the TP-Link Archer C50 due to improper signature verification mechanism in the firmware upgrade process at its web interface. An attacker with administrative privileges within the router’s Wi-Fi range could exploit this vulnerability by uploading and executing malicious firmware which could lead to complete compromise of the targeted device.,,Not provided,unknown versions,2024-12-05
Tp-Link,Networking Device,Unknown,CVE-2024-54127,This vulnerability exists in the TP-Link Archer C50 due to presence of terminal access on a serial interface without proper access control. An attacker with physical access could exploit this by accessing the UART shell on the vulnerable device. Successful exploitation of this vulnerability could allow the attacker to obtain Wi-Fi credentials of the targeted system.,,Not provided,unknown versions,2024-12-05
Tp-Link,Networking Device,Unknown,CVE-2024-54887,TP-Link TL-WR940N V3 and V4 with firmware 3.16.9 and earlier contain a buffer overflow via the dnsserver1 and dnsserver2 parameters at /userRpm/Wan6to4TunnelCfgRpm.htm. This vulnerability allows an authenticated attacker to execute arbitrary code on the remote device in the context of the root user.,,http://tp-link.com,unknown versions,2025-01-09
Tp-Link,Networking Device,Unknown,CVE-2024-57049,"A vulnerability in the TP-Link Archer c20 router with firmware version V6.6_230412 and earlier permits unauthorized individuals to bypass the authentication of some interfaces under the /cgi directory. When adding Referer: http://tplinkwifi.net to the the request, it will be recognized as passing the authentication.",,https://github.com/Shuanunio/CVE_Requests/blob/main/TP-Link/archer%20c20/ACL%20bypass%20Vulnerability%20in%20TP-Link%20archer%20c20.md,unknown versions,2025-02-18
Tp-Link,Networking Device,Unknown,CVE-2024-57050,"A vulnerability in the TP-Link WR840N v6 router with firmware version 0.9.1 4.16 and earlier permits unauthorized individuals to bypass the authentication of some interfaces under the /cgi directory.When adding Referer: http://tplinkwifi.net to the the request, it will be recognized as passing the authentication.",,https://github.com/Shuanunio/CVE_Requests/blob/main/TP-Link/WR840N%20v6/ACL%20bypass%20Vulnerability%20in%20TP-Link%20TL-WR840N.md,unknown versions,2025-02-18
Tp-Link,Networking Device,tl-wpa8630,CVE-2024-57357,"An issue in TPLINK TL-WPA 8630 TL-WPA8630(US)_V2_2.0.4 Build 20230427 allows a remote attacker to execute arbitrary code via function sub_4256CC, which allows command injection by injecting 'devpwd'.",,Not provided,2.3,2025-02-07
Tp-Link,Networking Device,Unknown,CVE-2024-57514,"The TP-Link Archer A20 v3 router is vulnerable to Cross-site Scripting (XSS) due to improper handling of directory listing paths in the web interface. When a specially crafted URL is visited, the router's web page renders the directory listing and executes arbitrary JavaScript embedded in the URL. This allows the attacker to inject malicious code into the page, executing JavaScript on the victim's browser, which could then be used for further malicious actions. The vulnerability was identified in the 1.0.6 Build 20231011 rel.85717(5553) version.",,Not provided,unknown versions,2025-01-28
Tp-Link,Networking Device,Unknown,CVE-2024-9284,A vulnerability was found in TP-LINK TL-WR841ND up to 20240920. It has been rated as critical. Affected by this issue is some unknown functionality of the file /userRpm/popupSiteSurveyRpm.htm. The manipulation of the argument ssid leads to stack-based buffer overflow. The attack may be launched remotely. The exploit has been disclosed to the public and may be used. The vendor was contacted early about this disclosure but did not respond in any way.,,https://www.tp-link.com/ | https://vuldb.com/?submit.411526 | https://github.com/abcdefg-png/IoT-vulnerable/blob/main/TP-LINK/WR-841ND/popupSiteSurveyRpm.md | https://vuldb.com/?id.278684,unknown versions,2024-09-27
Tp-Link,Networking Device,tl-wr841n,CVE-2022-0162,The vulnerability exists in TP-Link TL-WR841N V11 3.16.9 Build 160325 Rel.62500n wireless router due to transmission of authentication information in cleartextbase64 format. Successful exploitation of this vulnerability could allow a remote attacker to intercept credentials and subsequently perform administrative operations on the affected device through web-based management interface.,Network,Not provided,2.3,2022-02-09
Tp-Link,Networking Device,tl-wr940n,CVE-2022-0650,"This vulnerability allows network-adjacent attackers to execute arbitrary code on affected installations of TP-Link TL-WR940N 3.20.1 Build 200316 Rel.34392n (5553) routers. Authentication is required to exploit this vulnerability. The specific flaw exists within the httpd service, which listens on TCP port 80 by default. The issue results from the lack of proper validation of the length of user-supplied data prior to copying it to a fixed-length stack-based buffer. An attacker can leverage this vulnerability to execute code in the context of root. Was ZDI-CAN-13993.",Adjacent Network,Not provided,"2.3, before 211111",2023-03-28
Tp-Link,Networking Device,tl-wa850re,CVE-2022-22922,"TP-Link TL-WA850RE Wi-Fi Range Extender before v6_200923 was discovered to use highly predictable and easily detectable session keys, allowing attackers to gain administrative privileges.",Network,https://www.tp-link.com/us/support/download/tl-wa850re/v6/#Firmware,"2.3, before v6_200923",2022-02-18
Tp-Link,Networking Device,ac1750,CVE-2022-24352,"This vulnerability allows network-adjacent attackers to execute arbitrary code on affected installations of TP-Link AC1750 prior to 211210 routers. Authentication is not required to exploit this vulnerability. The specific flaw exists within the NetUSB.ko kernel module. The issue results from the lack of proper validation of user-supplied data, which can result in a read past the end of an allocated buffer. An attacker can leverage this vulnerability to execute code in the context of root. Was ZDI-CAN-15773.",Adjacent Network,Not provided,"2.3, before 211210",2023-03-28
Tp-Link,Networking Device,ac1750,CVE-2022-24353,"This vulnerability allows network-adjacent attackers to execute arbitrary code on affected installations of TP-Link AC1750 1.1.4 Build 20211022 rel.59103(5553) routers. Authentication is not required to exploit this vulnerability. The specific flaw exists within the NetUSB.ko module. The issue results from the lack of proper validation of user-supplied data, which can result in a read past the end of an allocated buffer. An attacker can leverage this vulnerability to execute code in the context of the root user. Was ZDI-CAN-15769.",Adjacent Network,Not provided,"2.3, before 211210",2023-03-28
Tp-Link,Networking Device,ac1750,CVE-2022-24354,"This vulnerability allows network-adjacent attackers to execute arbitrary code on affected installations of TP-Link AC1750 prior to 1.1.4 Build 20211022 rel.59103(5553) routers. Authentication is not required to exploit this vulnerability. The specific flaw exists within the NetUSB.ko module. The issue results from the lack of proper validation of user-supplied data, which can result in an integer overflow before allocating a buffer. An attacker can leverage this vulnerability to execute code in the context of root. Was ZDI-CAN-15835.",Adjacent Network,Not provided,"2.3, before 211210",2022-02-18
Tp-Link,Networking Device,tl-wr940n,CVE-2022-24355,This vulnerability allows network-adjacent attackers to execute arbitrary code on affected installations of TP-Link TL-WR940N 3.20.1 Build 200316 Rel.34392n (5553) routers. Authentication is not required to exploit this vulnerability. The specific flaw exists within the parsing of file name extensions. The issue results from the lack of proper validation of the length of user-supplied data prior to copying it to a fixed-length stack-based buffer. An attacker can leverage this vulnerability to execute code in the context of root. Was ZDI-CAN-13910.,Adjacent Network,Not provided,"2.3, before 211111",2022-02-18
Tp-Link,Networking Device,tl-wr940n,CVE-2022-24972,"This vulnerability allows network-adjacent attackers to disclose sensitive information on affected installations of TP-Link TL-WR940N 3.20.1 Build 200316 Rel.34392n (5553) routers. Authentication is not required to exploit this vulnerability. The specific flaw exists within the httpd service, which listens on TCP port 80 by default. The issue results from the lack of proper access control. An attacker can leverage this vulnerability to disclose stored credentials, leading to further compromise. Was ZDI-CAN-13911.",Adjacent Network,Not provided,2.3,2023-03-28
Tp-Link,Networking Device,tl-wr940n,CVE-2022-24973,"This vulnerability allows network-adjacent attackers to execute arbitrary code on affected installations of TP-Link TL-WR940N 3.20.1 Build 200316 Rel.34392n (5553) routers. Authentication is required to exploit this vulnerability. The specific flaw exists within the httpd service, which listens on TCP port 80 by default. The issue results from the lack of proper validation of the length of user-supplied data prior to copying it to a fixed-length stack-based buffer. An attacker can leverage this vulnerability to execute code in the context of root. Was ZDI-CAN-13992.",Adjacent Network,Not provided,2.3,2023-03-28
Tp-Link,Networking Device,tl-wr840n,CVE-2022-25060,TP-LINK TL-WR840N(ES)_V6.20_180709 was discovered to contain a command injection vulnerability via the component oal_startPing.,Network,http://tp-link.com,2.3,2022-02-25
Tp-Link,Networking Device,tl-wr840n,CVE-2022-25061,TP-LINK TL-WR840N(ES)_V6.20_180709 was discovered to contain a command injection vulnerability via the component oal_setIp6DefaultRoute.,Network,http://tp-link.com,2.3,2022-02-25
Tp-Link,Networking Device,tl-wr840n,CVE-2022-25062,TP-LINK TL-WR840N(ES)_V6.20_180709 was discovered to contain an integer overflow via the function dm_checkString. This vulnerability allows attackers to cause a Denial of Service (DoS) via a crafted HTTP request.,Network,http://tp-link.com,2.3,2022-02-25
Tp-Link,Networking Device,tl-wr840n,CVE-2022-25064,TP-LINK TL-WR840N(ES)_V6.20_180709 was discovered to contain a remote code execution (RCE) vulnerability via the function oal_wan6_setIpAddr.,Network,http://tp-link.com,2.3,2022-02-25
Tp-Link,Router,archer_a54,CVE-2022-25072,TP-Link Archer A54 Archer A54(US)_V1_210111 routers were discovered to contain a stack overflow in the function DM_ Fillobjbystr(). This vulnerability allows unauthenticated attackers to execute arbitrary code.,Network,https://github.com/EPhaha/IOT_vuln/tree/main/TP-Link/Archer%20A54,"2.3, 2.3",2022-02-24
Tp-Link,Networking Device,tl-wr841n,CVE-2022-25073,TL-WR841Nv14_US_0.9.1_4.18 routers were discovered to contain a stack overflow in the function dm_fillObjByStr(). This vulnerability allows unauthenticated attackers to execute arbitrary code.,Network,https://github.com/EPhaha/IOT_vuln/tree/main/TP-Link/TL-WR841N,2.3,2022-02-24
Tp-Link,Networking Device,tl-wr902ac,CVE-2022-25074,TP-Link TL-WR902AC(US)_V3_191209 routers were discovered to contain a stack overflow in the function DM_ Fillobjbystr(). This vulnerability allows unauthenticated attackers to execute arbitrary code.,Network,https://github.com/EPhaha/IOT_vuln/tree/main/TP-Link/TL-WR902AC,2.3,2022-02-24
Tp-Link,Networking Device,tl-wr840n,CVE-2022-26639,TP-LINK TL-WR840N(ES)_V6.20 was discovered to contain a buffer overflow via the DNSServers parameter.,Network,https://github.com/Quadron-Research-Lab/Hardware-IoT/blob/main/tp-link%20tl-wr840n_DNSServers%3D.pdf,2.3,2022-03-28
Tp-Link,Networking Device,tl-wr840n,CVE-2022-26640,TP-LINK TL-WR840N(ES)_V6.20 was discovered to contain a buffer overflow via the minAddress parameter.,Network,https://github.com/Quadron-Research-Lab/Hardware-IoT/blob/main/tp-link%20tl-wr840n_minAddress%3D.pdf,2.3,2022-03-28
Tp-Link,Networking Device,tl-wr840n,CVE-2022-26641,TP-LINK TL-WR840N(ES)_V6.20 was discovered to contain a buffer overflow via the httpRemotePort parameter.,Network,https://github.com/Quadron-Research-Lab/Hardware-IoT/blob/main/tp-link%20tl-wr840n_httpRemotePort%3D.pdf,2.3,2022-03-28
Tp-Link,Networking Device,tl-wr840n,CVE-2022-26642,TP-LINK TL-WR840N(ES)_V6.20 was discovered to contain a buffer overflow via the X_TP_ClonedMACAddress parameter.,Network,https://github.com/Quadron-Research-Lab/Hardware-IoT/blob/main/tp-link%20tl-wr840n_X_TP_ClonedMACAddress%3D.pdf,2.3,2022-03-28
"Tp-Link,Mercusys,Fastcom",Router,"tl-wdr7660_firmware,tl-wdr7661_firmware,tl-wdr7620_firmware,tl-wdr5660_firmware,mercury_d196g_firmware,fac1900r",CVE-2022-26987,"TP-Link TL-WDR7660 2.0.30, Mercury D196G 20200109_2.0.4, and Fast FAC1900R 20190827_2.0.2 routers have a stack overflow issue in `MmtAtePrase` function. Local users could get remote code execution.",Local,Not provided,"2.3, 2.3, 2.3, 2.3, 2.3, 2.3",2022-05-10
"Tp-Link,Mercusys,Fastcom",Router,"tl-wdr7660_firmware,tl-wdr7661_firmware,tl-wdr7620_firmware,tl-wdr5660_firmware,mercury_d196g_firmware,fac1900r",CVE-2022-26988,"TP-Link TL-WDR7660 2.0.30, Mercury D196G 20200109_2.0.4, and Fast FAC1900R 20190827_2.0.2 routers have a stack overflow issue in `MntAte` function. Local users could get remote code execution.",Local,Not provided,"2.3, 2.3, 2.3, 2.3, 2.3, 2.3",2022-05-10
Tp-Link,Networking Device,tl-wr840n,CVE-2022-29402,TP-Link TL-WR840N EU v6.20 was discovered to contain insecure protections for its UART console. This vulnerability allows attackers to connect to the UART port via a serial connection and execute commands as the root user without authentication.,Local,Not provided,"2.3, 2.3",2022-05-25
Tp-Link,Networking Device,"tl-wr841_firmware,tl-wr841n_firmware,tl-wr841n(eu)",CVE-2022-30024,"A buffer overflow in the httpd daemon on TP-Link TL-WR841N V12 (firmware version 3.16.9) devices allows an authenticated remote attacker to execute arbitrary code via a GET request to the page for the System Tools of the Wi-Fi network. This affects TL-WR841 V12 TL-WR841N(EU)_V12_160624 and TL-WR841 V11 TL-WR841N(EU)_V11_160325 , TL-WR841N_V11_150616 and TL-WR841 V10 TL-WR841N_V10_150310 are also affected.",Network,http://tp-link.com,"2.3, 2.3, 2.3, 2.3, 2.3",2022-07-14
Tp-Link,Router,archer_ax50,CVE-2022-30075,"In TP-Link Router AX50 firmware 210730 and older, import of a malicious backup file via web interface can lead to remote code execution due to improper validation.",Network,http://packetstormsecurity.com/files/167522/TP-Link-AX50-Remote-Code-Execution.html | http://tp-link.com,"2.3, up to 210730",2022-06-09
Tp-Link,Networking Device,"tl-wr741n_firmware,tl-wr742n",CVE-2022-32058,An infinite loop in the function httpRpmPass of TP-Link TL-WR741N/TL-WR742N V1/V2/V3_130415 allows attackers to cause a Denial of Service (DoS) via a crafted packet.,Network,https://github.com/whiter6666/CVE/blob/main/TP-Link%20TL-WR741NTL-WR742N%20.md,"2.3, 2.3, 2.3, 2.3",2022-07-07
Tp-Link,Router,"archer_a5_firmware,archer_c50",CVE-2022-33087,A stack overflow in the function DM_ In fillobjbystr() of TP-Link Archer C50&A5(US)_V5_200407 allows attackers to cause a Denial of Service (DoS) via a crafted HTTP request.,Network,Not provided,"2.3, 2.3",2022-06-30
Tp-Link,Networking Device,tl-r473g,CVE-2022-34555,TP-LINK TL-R473G 2.0.1 Build 220529 Rel.65574n was discovered to contain a remote code execution vulnerability which is exploited via a crafted packet.,Network,Not provided,2.3,2022-07-28
Tp-Link,Smart Home Device,tapo_c310,CVE-2022-37255,TP-Link Tapo C310 1.3.0 devices allow access to the RTSP video feed via credentials of User --- and Password TPL075526460603.,Network,https://www.tp-link.com/ | http://packetstormsecurity.com/files/171540/Tapo-C310-RTSP-Server-1.3.0-Unauthorized-Video-Stream-Access.html,2.3,2023-04-16
Tp-Link,Networking Device,m7350,CVE-2022-37860,The web configuration interface of the TP-Link M7350 V3 with firmware version 190531 is affected by a pre-authentication command injection vulnerability.,Network,https://www.tp-link.com/uk/support/download/m7350/v3/#Firmware,2.3,2022-09-12
Tp-Link,Router,archer_ax10_v1,CVE-2022-40486,TP Link Archer AX10 V1 Firmware Version 1.3.1 Build 20220401 Rel. 57450(5553) was discovered to allow authenticated attackers to execute arbitrary code via a crafted backup file.,Network,https://github.com/gscamelo/TP-Link-Archer-AX10-V1/blob/main/README.md | https://www.tp-link.com/br/support/download/archer-ax10/v1/ | https://www.tp-link.com/br/home-networking/wifi-router/archer-ax10/,2.3,2022-09-28
Tenda,Networking Device,ap500v1,CVE-2022-41484,Tenda AC1900 AP500(US)_V1_180320(Beta) was discovered to contain a buffer overflow in the 0x32384 function. This vulnerability allows attackers to cause a Denial of Service (DoS) via a crafted request.,Network,Not provided,2.3,2022-10-13
Tp-Link,Smart Home Device,tapo_c200_v1,CVE-2022-41505,"An access control issue on TP-LInk Tapo C200 V1 devices allows physically proximate attackers to obtain root access by connecting to the UART pins, interrupting the boot process, and setting an init=/bin/sh value.",Physical,https://github.com/hemant70072/Access-control-issue-in-TP-Link-Tapo-C200-V1.,2.3,2023-01-23
Tp-Link,Networking Device,ax10,CVE-2022-41540,"The web app client of TP-Link AX10v1 V1_211117 uses hard-coded cryptographic keys when communicating with the router. Attackers who are able to intercept the communications between the web client and router through a man-in-the-middle attack can then obtain the sequence key via a brute-force attack, and access sensitive information.",Network,https://www.tp-link.com/us/support/download/archer-ax10/v1/#Firmware | https://github.com/efchatz/easy-exploits/tree/main/Web/TP-Link/Offline-decryption,2.3,2022-10-18
Tp-Link,Networking Device,ax10,CVE-2022-41541,TP-Link AX10v1 V1_211117 allows attackers to execute a replay attack by using a previously transmitted encrypted authentication message and valid authentication token. Attackers are able to login to the web application as an admin user.,Network,https://github.com/efchatz/easy-exploits/tree/main/Web/TP-Link/Replay | https://www.tp-link.com/us/support/download/archer-ax10/v1/#Firmware,2.3,2022-10-18
Tp-Link,Networking Device,re3000,CVE-2022-41783,"tdpServer of TP-Link RE300 V1 improperly processes its input, which may allow an attacker to cause a denial-of-service (DoS) condition of the product's OneMesh function.",Local,https://www.tp-link.com/en/support/download/re300/v1/#Firmware,"2.3, before 221009",2022-12-07
Tp-Link,Networking Device,tl-wr841n,CVE-2022-42202,TP-Link TL-WR841N 8.0 4.17.16 Build 120201 Rel.54750n is vulnerable to Cross Site Scripting (XSS).,Network,Not provided,2.3,2022-10-18
Tp-Link,Networking Device,tl-wr841,CVE-2022-42433,"This vulnerability allows network-adjacent attackers to execute arbitrary code on affected installations of TP-Link TL-WR841N TL-WR841N(US)_V14_220121 routers. Although authentication is required to exploit this vulnerability, the existing authentication mechanism can be bypassed. The specific flaw exists within the ated_tp service. The issue results from the lack of proper validation of a user-supplied string before using it to execute a system call. An attacker can leverage this vulnerability to execute code in the context of root. Was ZDI-CAN-17356.",Adjacent Network,Not provided,"2.3, before 220914",2023-03-29
Tp-Link,Networking Device,tl-wr740n,CVE-2022-4296,A vulnerability classified as problematic has been found in TP-Link TL-WR740N. Affected is an unknown function of the component ARP Handler. The manipulation leads to resource consumption. The attack needs to be done within the local network. The exploit has been disclosed to the public and may be used. The identifier of this vulnerability is VDB-214812.,Local,Not provided,2.3,2022-12-06
Tp-Link,Networking Device,tl-wr940n,CVE-2022-43635,"This vulnerability allows network-adjacent attackers to disclose sensitive information on affected installations of TP-Link TL-WR940N 6_211111 3.20.1(US) routers. Authentication is not required to exploit this vulnerability. The specific flaw exists within the httpd service, which listens on TCP port 80 by default. The issue results from the incorrect implementation of the authentication algorithm. An attacker can leverage this vulnerability to disclose stored credentials, leading to further compromise. Was ZDI-CAN-17332.",Adjacent Network,Not provided,2.3,2023-03-29
Tp-Link,Networking Device,tl-wr940n,CVE-2022-43636,"This vulnerability allows network-adjacent attackers to bypass authentication on affected installations of TP-Link TL-WR940N 6_211111 3.20.1(US) routers. Authentication is not required to exploit this vulnerability. The specific flaw exists within the httpd service, which listens on TCP port 80 by default. The issue results from the lack of sufficient randomness in the sequnce numbers used for session managment. An attacker can leverage this vulnerability to bypass authentication on the system. Was ZDI-CAN-18334.",Adjacent Network,Not provided,2.3,2023-03-29
Tp-Link,Router,"archer_c5_firmware,tl-wr710n",CVE-2022-4498,"In TP-Link routers, Archer C5 and WR710N-V1, running the latest available code, when receiving HTTP Basic Authentication the httpd service can be sent a crafted packet that causes a heap overflow. This can result in either a DoS (by crashing the httpd process) or an arbitrary code execution.",Network,Not provided,"2.3, 2.3",2023-01-11
Tp-Link,Router,"archer_c5_firmware,tl-wr710n",CVE-2022-4499,"TP-Link routers, Archer C5 and WR710N-V1, using the latest software, the strcmp function used for checking credentials in httpd, is susceptible to a side-channel attack. By measuring the response time of the httpd process, an attacker could guess each byte of the username and password.",Network,Not provided,"2.3, 2.3",2023-01-11
Tp-Link,Networking Device,tl-wr940n_v4,CVE-2022-46139,TP-Link TL-WR940N V4 3.16.9 and earlier allows authenticated attackers to cause a Denial of Service (DoS) via uploading a crafted firmware image during the firmware update process.,Network,Not provided,"2.3, up to 3.16.9",2022-12-20
Tp-Link,Networking Device,tl-wr1043nd_v1,CVE-2022-46428,TP-Link TL-WR1043ND V1 3.13.15 and earlier allows authenticated attackers to execute arbitrary code or cause a Denial of Service (DoS) via uploading a crafted firmware image during the firmware update process.,Network,https://www.tp-link.com/us/press/security-advisory/,"2.3, up to 3.13.15",2022-12-20
Tp-Link,Networking Device,"tl-wr740n_v1_firmware,tl-wr740n_v2_firmware,tl-wr741nd_v1_firmware,tl-wr741nd_v2",CVE-2022-46430,TP-Link TL-WR740N V1 and V2 v3.12.4 and earlier allows authenticated attackers to execute arbitrary code or cause a Denial of Service (DoS) via uploading a crafted firmware image during the firmware update process.,Network,https://www.tp-link.com/us/press/security-advisory/,"2.3, up to 3.12.4, 2.3, up to 3.12.4, 2.3, up to 3.12.4, 2.3, up to 3.12.4",2022-12-20
Tp-Link,Networking Device,tl-wr743nd_v1,CVE-2022-46432,"An exploitable firmware modification vulnerability was discovered on TP-Link TL-WR743ND V1. An attacker can conduct a MITM (Man-in-the-Middle) attack to modify the user-uploaded firmware image and bypass the CRC check, allowing attackers to execute arbitrary code or cause a Denial of Service (DoS). This affects v3.12.20 and earlier.",Network,https://www.tp-link.com/us/press/security-advisory/,"2.3, up to 3.12.20",2022-12-20
Tp-Link,Networking Device,tl-wa7510n_v1,CVE-2022-46434,An issue in the firmware update process of TP-Link TL-WA7510N v1 v3.12.6 and earlier allows attackers to execute arbitrary code or cause a Denial of Service (DoS) via uploading a crafted firmware image.,Network,https://www.tp-link.com/us/press/security-advisory/,"2.3, up to 3.12.6",2022-12-20
Tp-Link,Networking Device,"tl-wr941nd_v2_firmware,tl-wr941nd_v3_firmware,tl-wr941nd_v4",CVE-2022-46435,An issue in the firmware update process of TP-Link TL-WR941ND V2/V3 up to 3.13.9 and TL-WR941ND V4 up to 3.12.8 allows attackers to execute arbitrary code or cause a Denial of Service (DoS) via uploading a crafted firmware image.,Network,https://www.tp-link.com/us/press/security-advisory/,"2.3, up to 3.13.9, 2.3, up to 3.13.9, 2.3, up to 3.12.8",2022-12-20
Tp-Link,Networking Device,"tl-wa901n_firmware,tl-wa901nd_v1_firmware,tl-wa901nd_v2",CVE-2022-46910,An issue in the firmware update process of TP-Link TL-WA901ND V1 up to v3.11.2 and TL-WA901N V2 up to v3.12.16 allows attackers to execute arbitrary code or cause a Denial of Service (DoS) via uploading a crafted firmware image.,Network,https://www.tp-link.com/us/press/security-advisory/,"2.3, up to 3.11.2, 2.3, up to 3.11.2, 2.3, up to 3.12.16, from 3.12.0, 2.3, up to 3.12.16",2022-12-20
Tp-Link,Networking Device,"tl-wr841n_firmware,tl-wr841nd_v7",CVE-2022-46912,An issue in the firmware update process of TP-Link TL-WR841N / TL-WA841ND V7 3.13.9 and earlier allows attackers to execute arbitrary code or cause a Denial of Service (DoS) via uploading a crafted firmware image.,Network,https://www.tp-link.com/us/press/security-advisory/,"2.3, up to 3.13.9, 2.3, up to 3.13.9",2022-12-20
Tp-Link,Networking Device,"tl-wa801n_firmware,tl-wa801nd_v1",CVE-2022-46914,An issue in the firmware update process of TP-LINK TL-WA801N / TL-WA801ND V1 v3.12.16 and earlier allows attackers to execute arbitrary code or cause a Denial of Service (DoS) via uploading a crafted firmware image.,Network,https://www.tp-link.com/us/press/security-advisory/,"2.3, up to 3.12.16, 2.3, up to 3.12.16",2022-12-20
Tp-Link,Networking Device,tl-wr902ac,CVE-2022-48194,TP-Link TL-WR902AC devices through V3 0.9.1 allow remote authenticated attackers to execute arbitrary code or cause a Denial of Service (DoS) by uploading a crafted firmware update because the signature check is inadequate.,Network,http://packetstormsecurity.com/files/171623/TP-Link-TL-WR902AC-Remote-Code-Execution.html,"2.3, up to 3.0.9.1",2022-12-30
Tp-Link,Networking Device,tl-wr2041+,CVE-2021-26827,"Buffer Overflow in TP-Link WR2041 v1 firmware for the TL-WR2041+ router allows remote attackers to cause a Denial-of-Service (DoS) by sending an HTTP request with a very long ""ssid"" parameter to the ""/userRpm/popupSiteSurveyRpm.html"" webpage, which crashes the router.",Network,Not provided,2.3,2021-04-14
Tp-Link,Router,archer_c5v,CVE-2021-27209,"In the management interface on TP-Link Archer C5v 1.7_181221 devices, credentials are sent in a base64 format over cleartext HTTP.",Local,https://gokay.org/tp-link-archer-c5v-base64-cookie/,2.3,2021-02-13
Tp-Link,Router,archer_c5v,CVE-2021-27210,"TP-Link Archer C5v 1.7_181221 devices allows remote attackers to retrieve cleartext credentials via [USER_CFG#0,0,0,0,0,0#0,0,0,0,0,0]0,0 to the /cgi?1&5 URI.",Network,https://gokay.org/tp-links-archer-c5v-improper-authorization/,2.3,2021-02-13
Tp-Link,Router,archer_a7,CVE-2021-27245,This vulnerability allows a firewall bypass on affected installations of TP-Link Archer A7 prior to Archer C7(US)_V5_210125 and Archer A7(US)_V5_200220 AC1750 routers. Authentication is not required to exploit this vulnerability. The specific flaw exists within the handling of IPv6 connections. The issue results from the lack of proper filtering of IPv6 SSH connections. An attacker can leverage this in conjunction with other vulnerabilities to execute code in the context of root. Was ZDI-CAN-12309.,Network,Not provided,"2.3, before c7\(us\)_v5_210125, 2.3, before a7\(us\)_v5_200220",2021-03-29
Tp-Link,Networking Device,ac1750,CVE-2021-27246,This vulnerability allows network-adjacent attackers to execute arbitrary code on affected installations of TP-Link Archer A7 AC1750 1.0.15 routers. Authentication is not required to exploit this vulnerability. The specific flaw exists within the handling of MAC addresses by the tdpServer endpoint. A crafted TCP message can write stack pointers to the stack. An attacker can leverage this vulnerability to execute code in the context of the root user. Was ZDI-CAN-12306.,Adjacent Network,Not provided,2.3,2021-04-14
Tp-Link,Networking Device,tl-wpa4220,CVE-2021-28857,TP-Link's TL-WPA4220 4.0.2 Build 20180308 Rel.37064 username and password are sent via the cookie.,Network,https://yunus-shn.medium.com/tp-links-tl-wpa4220-v4-0-cleartext-credentials-in-cookie-7516a2649394,2.3,2021-06-15
Tp-Link,Networking Device,tl-wpa4220,CVE-2021-28858,TP-Link's TL-WPA4220 4.0.2 Build 20180308 Rel.37064 does not use SSL by default. Attacker on the local network can monitor traffic and capture the cookie and other sensitive information.,Local,https://yunus-shn.medium.com/tp-links-tl-wpa4220-v4-0-cleartext-transmission-of-sensitive-information-40357c778b84,2.3,2021-06-15
Tp-Link,Networking Device,tl-wr840n,CVE-2021-29280,In TP-Link Wireless N Router WR840N an ARP poisoning attack can cause buffer overflow,Adjacent Network,Not provided,2.3,2021-08-19
Tp-Link,Networking Device,tl-wr802n,CVE-2021-29302,"TP-Link TL-WR802N(US), Archer_C50v5_US v4_200 <= 2020.06 contains a buffer overflow vulnerability in the httpd process in the body message. The attack vector is: The attacker can get shell of the router by sending a message through the network, which may lead to remote code execution.",Network,https://www.tp-link.com/us/support/download/tl-wr802n/#Firmware | https://static.tp-link.com/beta/2021/202103/20210319/TL-WR802Nv4_US_0.9.1_3.17_up_boot%5B210317-rel64474%5D.zip,"2.3, up to 2020.06",2021-04-12
Tp-Link,Networking Device,"tl-xdr3230_firmware,tl-xdr5430_firmware,tl-xdr3250_firmware,tl-xdr1860_firmware,tl-xdr1850_firmware,tl-xdr6060",CVE-2021-3125,"In TP-Link TL-XDR3230 < 1.0.12, TL-XDR1850 < 1.0.9, TL-XDR1860 < 1.0.14, TL-XDR3250 < 1.0.2, TL-XDR6060 Turbo < 1.1.8, TL-XDR5430 < 1.0.11, and possibly others, when IPv6 is used, a routing loop can occur that generates excessive network traffic between an affected device and its upstream ISP's router. This occurs when a link prefix route points to a point-to-point link, a destination IPv6 address belongs to the prefix and is not a local IPv6 address, and a router advertisement is received with at least one global unique IPv6 prefix for which the on-link flag is set.",Network,https://service.tp-link.com.cn/detail_download_8724.html | https://service.tp-link.com.cn/detail_download_8723.html | https://service.tp-link.com.cn/detail_download_8720.html | https://service.tp-link.com.cn/detail_download_8719.html | https://service.tp-link.com.cn/detail_download_8722.html | https://service.tp-link.com.cn/detail_download_8725.html,"2.3, before 1.0.12, 2.3, before 1.0.11, 2.3, before 1.0.2, 2.3, before 1.0.14, 2.3, before 1.0.9, 2.3, before 1.1.8",2021-04-12
Tp-Link,Networking Device,"tl-sg2005_firmware,tl-sg2008",CVE-2021-31658,"TP-Link TL-SG2005, TL-SG2008, etc. 1.0.0 Build 20180529 Rel.40524 is affected by an Array index error. The interface that provides the ""device description"" function only judges the length of the received data, and does not filter special characters. This vulnerability will cause the application to crash, and all device configuration information will be erased.",Network,http://tp-link.com,"2.3, 2.3",2021-06-10
Tp-Link,Networking Device,"tl-sg2005_firmware,tl-sg2008",CVE-2021-31659,"TP-Link TL-SG2005, TL-SG2008, etc. 1.0.0 Build 20180529 Rel.40524 is vulnerable to Cross Site Request Forgery (CSRF). All configuration information is placed in the URL, without any additional token authentication information. A malicious link opened by the switch administrator may cause the password of the switch to be modified and the configuration file to be tampered with.",Network,http://tp-link.com,"2.3, 2.3",2021-06-10
Tp-Link,Router,"td-w9977_firmware,tl-wa801nd_firmware,tl-wa801n_firmware,tl-wr802n_firmware,archer-c3150",CVE-2021-3275,"Unauthenticated stored cross-site scripting (XSS) exists in multiple TP-Link products including WIFI Routers (Wireless AC routers), Access Points, ADSL + DSL Gateways and Routers, which affects TD-W9977v1, TL-WA801NDv5, TL-WA801Nv6, TL-WA802Nv5, and Archer C3150v2 devices through the improper validation of the hostname. Some of the pages including dhcp.htm, networkMap.htm, dhcpClient.htm, qsEdit.htm, and qsReview.htm and use this vulnerable hostname function (setDefaultHostname()) without sanitization.",Network,http://packetstormsecurity.com/files/161989/TP-Link-Cross-Site-Scripting.html | https://seclists.org/fulldisclosure/2021/Mar/67 | https://www.tp-link.com,"2.3, 2.3, 2.3, 2.3, 2.3",2021-03-26
Tp-Link,Router,archer_c90,CVE-2021-35003,"This vulnerability allows remote attackers to execute arbitrary code on affected installations of TP-Link Archer C90 1.0.6 Build 20200114 rel.73164(5553) routers. Authentication is not required to exploit this vulnerability. The specific flaw exists within the handling of DNS responses. A crafted DNS message can trigger an overflow of a fixed-length, stack-based buffer. An attacker can leverage this vulnerability to execute code in the context of root. Was ZDI-CAN-14655.",Network,Not provided,2.3,2022-01-21
Tp-Link,Networking Device,tl-wa1201,CVE-2021-35004,"This vulnerability allows remote attackers to execute arbitrary code on affected installations of TP-Link TL-WA1201 1.0.1 Build 20200709 rel.66244(5553) wireless access points. Authentication is not required to exploit this vulnerability. The specific flaw exists within the handling of DNS responses. A crafted DNS message can trigger an overflow of a fixed-length, stack-based buffer. An attacker can leverage this vulnerability to execute code in the context of root. Was ZDI-CAN-14656.",Network,Not provided,2.3,2022-01-21
Tp-Link,Networking Device,tl-wdr7660,CVE-2021-37774,An issue was discovered in function httpProcDataSrv in TL-WDR7660 2.0.30 that allows attackers to execute arbitrary code.,Adjacent Network,Not provided,2.3,2023-01-19
Tp-Link,Networking Device,ue330,CVE-2021-38543,"TP-Link UE330 USB splitter devices through 2021-08-09, in certain specific use cases in which the device supplies power to audio-output equipment, allow remote attackers to recover speech signals from an LED on the device, via a telescope and an electro-optical sensor, aka a ""Glowworm"" attack. We assume that the USB splitter supplies power to some speakers. The power indicator LED of the USB splitter is connected directly to the power line, as a result, the intensity of the USB splitter's power indicator LED is correlative to its power consumption. The sound played by the connected speakers affects the USB splitter's power consumption and as a result is also correlative to the light intensity of the LED. By analyzing measurements obtained from an electro-optical sensor directed at the power indicator LED of the USB splitter, we can recover the sound played by the connected speakers.",Network,Not provided,"2.3, up to 2021-08-09",2021-08-11
Tp-Link,Router,archer_ax10,CVE-2021-40288,"A denial-of-service attack in WPA2, and WPA3-SAE authentication methods in TP-Link AX10v1 before V1_211014, allows a remote unauthenticated attacker to disconnect an already connected wireless client via sending with a wireless adapter specific spoofed authentication frames",Network,https://www.tp-link.com/us/support/download/archer-ax10/v1/#Firmware,"2.3, before v1_211014",2021-12-07
Tp-Link,Smart Home Device,tapo_c200,CVE-2021-4045,"TP-Link Tapo C200 IP camera, on its 1.1.15 firmware version and below, is affected by an unauthenticated RCE vulnerability, present in the uhttpd binary running by default as root. The exploitation of this vulnerability allows an attacker to take full control of the camera.",Network,https://www.incibe-cert.es/en/early-warning/security-advisories/tp-link-tapo-c200-remote-code-execution-vulnerability | http://packetstormsecurity.com/files/168472/TP-Link-Tapo-c200-1.1.15-Remote-Code-Execution.html,"2.3, up to 1.1.15",2022-03-10
Tp-Link,Networking Device,tl-wr802n,CVE-2021-4144,"TP-Link wifi router TL-WR802N V4(JP), with firmware version prior to 211202, is vulnerable to OS command injection.",Network,https://jvn.jp/en/vu/JVNVU94883311/ | https://www.tp-link.com/jp/support/download/tl-wr802n/#Firmware,"2.3, before 211202",2021-12-23
Tp-Link,Router,archer_ax10_v1,CVE-2021-41450,An HTTP request smuggling attack in TP-Link AX10v1 before v1_211117 allows a remote unauthenticated attacker to DoS the web application via sending a specific HTTP packet.,Network,https://www.tp-link.com/us/support/download/archer-ax10/v1/#Firmware | http://tp-link.com,"2.3, before 211117",2021-12-08
Tp-Link,Router,archer_ax10,CVE-2021-41451,"A misconfiguration in HTTP/1.0 and HTTP/1.1 of the web interface in TP-Link AX10v1 before V1_211117 allows a remote unauthenticated attacker to send a specially crafted HTTP request and receive a misconfigured HTTP/0.9 response, potentially leading into a cache poisoning attack.",Network,https://www.tp-link.com/us/support/download/archer-ax10/v1/#Firmware | http://tp-link.com,"2.3, before v1_211117",2021-12-17
Tp-Link,Networking Device,tl-wr840n,CVE-2021-41653,The PING function on the TP-Link TL-WR840N EU v5 router with firmware through TL-WR840N(EU)_V5_171211 is vulnerable to remote code execution via a crafted payload in an IP address input field.,Network,https://www.tp-link.com/us/press/security-advisory/ | http://tp-link.com,"2.3, up to tl-wr840n\(eu\)_v5_171211",2021-11-13
Tp-Link,Router,archer_a7,CVE-2021-42232,TP-Link Archer A7 Archer A7(US)_V5_210519 is affected by a command injection vulnerability in /usr/bin/tddp. The vulnerability is caused by the program taking part of the received data packet as part of the command. This will cause an attacker to execute arbitrary commands on the router.,Network,https://github.com/mQaLeX/IoT/blob/main/tp-link/Archer%20A7%28US%29_V5_20519_tddp.md | http://tp-link.com,2.3,2022-08-23
Tp-Link,Router,omada_software_controller,CVE-2021-44032,"TP-Link Omada SDN Software Controller before 5.0.15 does not check if the authentication method specified in a connection request is allowed. An attacker can bypass the captive portal authentication process by using the downgraded ""no authentication"" method, and access the protected network. For example, the attacker can simply set window.authType=0 in client-side JavaScript.",Network,https://www.tp-link.com/us/security | https://www.tp-link.com/us/omada-sdn/,unknown versions,2022-03-10
Tp-Link,Networking Device,tl-wr886n,CVE-2021-44622,A Buffer Overflow vulnerability exists in TP-LINK WR-886N 20190826 2.3.8 in the /cloud_config/router_post/check_reg_verify_code function which could let a remove malicious user execute arbitrary code via a crafted post request.,Network,Not provided,2.3,2022-03-10
Tp-Link,Networking Device,tl-wr886n,CVE-2021-44623,A Buffer Overflow vulnerability exists in TP-LINK WR-886N 20190826 2.3.8 via the /cloud_config/router_post/check_reset_pwd_verify_code interface.,Network,Not provided,2.3,2022-03-10
Tp-Link,Networking Device,tl-wr886n,CVE-2021-44625,"A Buffer Overflow vulnerability exists in TP-LINK WR-886N 20190826 2.3.8 in /cloud_config/cloud_device/info interface, which allows a malicious user to executee arbitrary code on the system via a crafted post request.",Network,Not provided,2.3,2022-03-10
Tp-Link,Networking Device,tl-wr886n,CVE-2021-44626,"A Buffer Overflow vulnerability exists in TP-LINK WR-886N 20190826 2.3.8 in the /cloud_config/router_post/get_reg_verify_code feature, which allows malicious users to execute arbitrary code on the system via a crafted post request.",Network,Not provided,2.3,2022-03-10
Tp-Link,Networking Device,tl-wr886n,CVE-2021-44627,"A Buffer Overflow vulnerability exists in TP-LINK WR-886N 20190826 2.3.8 in the /cloud_config/router_post/get_reset_pwd_veirfy_code feature, which allows malicious users to execute arbitrary code on the system via a crafted post request.",Network,Not provided,2.3,2022-03-10
Tp-Link,Networking Device,tl-wr886n,CVE-2021-44628,"A Buffer Overflow vulnerabiltiy exists in TP-LINK WR-886N 20190826 2.3.8 in thee /cloud_config/router_post/login feature, which allows malicious users to execute arbitrary code on the system via a crafted post request.",Network,Not provided,2.3,2022-03-10
Tp-Link,Networking Device,tl-wr886n,CVE-2021-44629,"A Buffer Overflow vulnerabilitiy exists in TP-LINK WR-886N 20190826 2.3.8 in the /cloud_config/router_post/register feature, which allows malicious users to execute arbitrary code on the system via a crafted post request.",Network,Not provided,2.3,2022-03-10
Tp-Link,Networking Device,tl-wr886n,CVE-2021-44630,"A Buffer Overflow vulnerability exists in TP-LINK WR-886N 20190826 2.3.8 in the /cloud_config/router_post/modify_account_pwd feature, which allows malicious users to execute arbitrary code on the system via a crafted post request.",Network,Not provided,2.3,2022-03-10
Tp-Link,Networking Device,tl-wr886n,CVE-2021-44631,"A Buffer Overflow vulnerability exists in TP-LINK WR-886N 20190826 2.3.8 in the /cloud_config/router_post/reset_cloud_pwd feature, which allows malicous users to execute arbitrary code on the system via a crafted post request.",Network,Not provided,2.3,2022-03-10
Tp-Link,Networking Device,tl-wr886n,CVE-2021-44632,"A Buffer Overflow vulnerability exists in TP-LINK WR-886N 20190826 2.3.8 in the /cloud_config/router_post/upgrade_info feature, which allows malicious users to execute arbitrary code on the system via a crafted post request.",Network,Not provided,2.3,2022-03-10
Tp-Link,Router,archer_c20i,CVE-2021-44827,"There is remote authenticated OS command injection on TP-Link Archer C20i 0.9.1 3.2 v003a.0 Build 170221 Rel.55462n devices vie the X_TP_ExternalIPv6Address HTTP parameter, allowing a remote attacker to run arbitrary commands on the router with root privileges.",Network,https://www.tp-link.com/us/security,"2.3, up to 170221",2022-03-04
Tp-Link,Networking Device,wn886n,CVE-2021-44864,TP-Link WR886N 3.0 1.0.1 Build 150127 Rel.34123n is vulnerable to Buffer Overflow. Authenticated attackers can crash router httpd services via /userRpm/PingIframeRpm.htm request which contains redundant & in parameter.,Network,Not provided,2.3,2022-02-08
Netgear,Networking Device,"d7800_firmware,r6400v2_firmware,r6700v3",CVE-2021-45608,"Certain D-Link, Edimax, NETGEAR, TP-Link, Tenda, and Western Digital devices are affected by an integer overflow by an unauthenticated attacker. Remote code execution from the WAN interface (TCP port 20005) cannot be ruled out; however, exploitability was judged to be of ""rather significant complexity"" but not ""impossible."" The overflow is in SoftwareBus_dispatchNormalEPMsgOut in the KCodes NetUSB kernel module. Affected NETGEAR devices are D7800 before 1.0.1.68, R6400v2 before 1.0.4.122, and R6700v3 before 1.0.4.122.",Network,https://kb.netgear.com/000064437/Security-Advisory-for-Pre-Authentication-Buffer-Overflow-on-Multiple-Products-PSV-2021-0278,"2.3, before 1.0.1.68, 2.3, before 1.0.4.122, 2.3, before 1.0.4.122",2021-12-26
Tp-Link,Networking Device,tl-wr840n,CVE-2021-46122,Tp-Link TL-WR840N (EU) v6.20 Firmware (0.9.1 4.17 v0001.0 Build 201124 Rel.64328n) is vulnerable to Buffer Overflow via the Password reset feature.,Network,Not provided,2.3,2022-04-18
Tp-Link,Networking Device,"nc450_firmware,nc260_firmware,nc250_firmware,nc230_firmware,nc220_firmware,nc210_firmware,nc200",CVE-2020-10231,"TP-Link NC200 through 2.1.8_Build_171109, NC210 through 1.0.9_Build_171214, NC220 through 1.3.0_Build_180105, NC230 through 1.3.0_Build_171205, NC250 through 1.3.0_Build_171205, NC260 through 1.5.1_Build_190805, and NC450 through 1.5.0_Build_181022 devices allow a remote NULL Pointer Dereference.",Network,http://packetstormsecurity.com/files/157048/TP-LINK-Cloud-Cameras-NCXXX-Remote-NULL-Pointer-Dereference.html | http://seclists.org/fulldisclosure/2020/Apr/5,"2.3, 2.3, 2.3, 2.3, 2.3, 2.3, 2.3, 2.3, 2.3, 2.3, 2.3, 2.3, 2.3, 2.3, 2.3, 2.3, 2.3, 2.3, 2.3, 2.3",2020-04-01
Tp-Link,Networking Device,ac1750,CVE-2020-10881,"This vulnerability allows remote attackers to execute arbitrary code on affected installations of TP-Link Archer A7 Firmware Ver: 190726 AC1750 routers. Authentication is not required to exploit this vulnerability. The specific flaw exists within the handling of DNS responses. A crafted DNS message can trigger an overflow of a fixed-length, stack-based buffer. An attacker can leverage this vulnerability to execute code in the context of the root user. Was ZDI-CAN-9660.",Network,Not provided,2.3,2020-03-25
Tp-Link,Networking Device,ac1750,CVE-2020-10882,"This vulnerability allows network-adjacent attackers to execute arbitrary code on affected installations of TP-Link Archer A7 Firmware Ver: 190726 AC1750 routers. Authentication is not required to exploit this vulnerability. The specific flaw exists within the tdpServer service, which listens on UDP port 20002 by default. When parsing the slave_mac parameter, the process does not properly validate a user-supplied string before using it to execute a system call. An attacker can leverage this vulnerability to execute code in the context of the root user. Was ZDI-CAN-9650.",Adjacent Network,http://packetstormsecurity.com/files/157255/TP-Link-Archer-A7-C7-Unauthenticated-LAN-Remote-Code-Execution.html,2.3,2020-03-25
Tp-Link,Networking Device,ac1750,CVE-2020-10883,This vulnerability allows local attackers to escalate privileges on affected installations of TP-Link Archer A7 Firmware Ver: 190726 AC1750 routers. An attacker must first obtain the ability to execute low-privileged code on the target system in order to exploit this vulnerability. The specific flaw exists within the file system. The issue lies in the lack of proper permissions set on the file system. An attacker can leverage this vulnerability to escalate privileges. Was ZDI-CAN-9651.,Local,http://packetstormsecurity.com/files/157255/TP-Link-Archer-A7-C7-Unauthenticated-LAN-Remote-Code-Execution.html,2.3,2020-03-25
Tp-Link,Networking Device,ac1750,CVE-2020-10884,"This vulnerability allows network-adjacent attackers execute arbitrary code on affected installations of TP-Link Archer A7 Firmware Ver: 190726 AC1750 routers. Authentication is not required to exploit this vulnerability. The specific flaw exists within the tdpServer service, which listens on UDP port 20002 by default. This issue results from the use of hard-coded encryption key. An attacker can leverage this in conjunction with other vulnerabilities to execute code in the context of root. Was ZDI-CAN-9652.",Adjacent Network,http://packetstormsecurity.com/files/157255/TP-Link-Archer-A7-C7-Unauthenticated-LAN-Remote-Code-Execution.html,2.3,2020-03-25
Tp-Link,Networking Device,ac1750,CVE-2020-10885,This vulnerability allows remote attackers to execute arbitrary code on affected installations of TP-Link Archer A7 Firmware Ver: 190726 AC1750 routers. Authentication is not required to exploit this vulnerability. The specific flaw exists within the handling of DNS responses. The issue results from the lack of proper validation of DNS reponses prior to further processing. An attacker can leverage this in conjunction with other vulnerabilities to execute code in the context of the root user. Was ZDI-CAN-9661.,Network,Not provided,2.3,2020-03-25
Tp-Link,Networking Device,ac1750,CVE-2020-10886,"This vulnerability allows remote attackers to execute arbitrary code on affected installations of TP-Link Archer A7 Firmware Ver: 190726 AC1750 routers. Authentication is not required to exploit this vulnerability. The specific flaw exists within the tmpServer service, which listens on TCP port 20002. The issue results from the lack of proper validation of a user-supplied string before using it to execute a system call. An attacker can leverage this vulnerability to execute code in the context of the current process. Was ZDI-CAN-9662.",Network,Not provided,2.3,2020-03-25
Tp-Link,Networking Device,ac1750,CVE-2020-10887,This vulnerability allows a firewall bypass on affected installations of TP-Link Archer A7 Firmware Ver: 190726 AC1750 routers. Authentication is not required to exploit this vulnerability. The specific flaw exists within the handling of IPv6 connections. The issue results from the lack of proper filtering of IPv6 SSH connections. An attacker can leverage this in conjunction with other vulnerabilities to execute code in the context of root. Was ZDI-CAN-9663.,Network,Not provided,2.3,2020-03-25
Tp-Link,Networking Device,ac1750,CVE-2020-10888,This vulnerability allows remote attackers to bypass authentication on affected installations of TP-Link Archer A7 Firmware Ver: 190726 AC1750 routers. Authentication is not required to exploit this vulnerability. The specific flaw exists within the handling of SSH port forwarding requests during initial setup. The issue results from the lack of proper authentication prior to establishing SSH port forwarding rules. An attacker can leverage this vulnerability to escalate privileges to resources normally protected from the WAN interface. Was ZDI-CAN-9664.,Network,Not provided,2.3,2020-03-25
Tp-Link,Networking Device,tl-wa855re,CVE-2020-10916,"This vulnerability allows network-adjacent attackers to escalate privileges on affected installations of TP-Link TL-WA855RE Firmware Ver: 855rev4-up-ver1-0-1-P1[20191213-rel60361] Wi-Fi extenders. Although authentication is required to exploit this vulnerability, the existing authentication mechanism can be bypassed. The specific flaw exists within the first-time setup process. The issue results from the lack of proper validation on first-time setup requests. An attacker can leverage this vulnerability to reset the password for the Admin account and execute code in the context of the device. Was ZDI-CAN-10003.",Adjacent Network,Not provided,"2.3, 2.3",2020-05-07
Tp-Link,Smart Home Device,"nc450_firmware,nc260_firmware,nc250_firmware,nc230_firmware,nc220_firmware,nc210_firmware,nc200_firmware,kc300s2_firmware,kc310s2_firmware,kc200_firmware,tapo_c200_firmware,tapo_c100_firmware,tl-sc3430_firmware,tl-sc3430n_firmware,tl-sc4171g",CVE-2020-11445,"TP-Link cloud cameras through 2020-02-09 allow remote attackers to bypass authentication and obtain sensitive information via vectors involving a Wi-Fi session with GPS enabled, aka CNVD-2020-04855.",Network,Not provided,"2.3, up to 2020-02-09, 2.3, up to 2020-02-09, 2.3, up to 2020-02-09, 2.3, up to 2020-02-09, 2.3, up to 2020-02-09, 2.3, up to 2020-02-09, 2.3, up to 2020-02-09, 2.3, up to 2020-02-09, 2.3, up to 2020-02-09, 2.3, up to 2020-02-09, 2.3, up to 2020-02-09, 2.3, up to 2020-02-09, 2.3, up to 2020-02-09, 2.3, up to 2020-02-09, 2.3, up to 2020-02-09",2020-04-01
Tp-Link,Networking Device,"nc200_firmware,nc210_firmware,nc220_firmware,nc230_firmware,nc250_firmware,nc260_firmware,nc450",CVE-2020-12109,"Certain TP-Link devices allow Command Injection. This affects NC200 2.1.9 build 200225, NC210 1.0.9 build 200304, NC220 1.3.0 build 200304, NC230 1.3.0 build 200304, NC250 1.3.0 build 200304, NC260 1.5.2 build 200304, and NC450 1.5.3 build 200304.",Network,https://www.tp-link.com/us/security | http://packetstormsecurity.com/files/157531/TP-LINK-Cloud-Cameras-NCXXX-Bonjour-Command-Injection.html | http://packetstormsecurity.com/files/159222/TP-Link-Cloud-Cameras-NCXXX-Bonjour-Command-Injection.html,"2.3, 2.3, 2.3, 2.3, 2.3, 2.3, 2.3, 2.3, 2.3, 2.3, 2.3, 2.3, 2.3, 2.3, 2.3, 2.3, 2.3, 2.3, 2.3, 2.3, 2.3, 2.3, 2.3, 2.3",2020-05-04
Tp-Link,Networking Device,"nc200_firmware,nc210_firmware,nc220_firmware,nc230_firmware,nc250_firmware,nc260_firmware,nc450",CVE-2020-12110,"Certain TP-Link devices have a Hardcoded Encryption Key. This affects NC200 2.1.9 build 200225, N210 1.0.9 build 200304, NC220 1.3.0 build 200304, NC230 1.3.0 build 200304, NC250 1.3.0 build 200304, NC260 1.5.2 build 200304, and NC450 1.5.3 build 200304.",Network,http://packetstormsecurity.com/files/157532/TP-LINK-Cloud-Cameras-NCXXX-Hardcoded-Encryption-Key.html,"2.3, 2.3, 2.3, 2.3, 2.3, 2.3, 2.3, 2.3, 2.3, 2.3, 2.3, 2.3, 2.3, 2.3, 2.3, 2.3, 2.3, 2.3, 2.3, 2.3, 2.3, 2.3, 2.3, 2.3",2020-05-04
Tp-Link,Networking Device,"nc260_firmware,nc450",CVE-2020-12111,Certain TP-Link devices allow Command Injection. This affects NC260 1.5.2 build 200304 and NC450 1.5.3 build 200304.,Network,http://packetstormsecurity.com/files/157533/TP-LINK-Cloud-Cameras-NCXXX-SetEncryptKey-Command-Injection.html | https://www.tp-link.com/us/security,"2.3, 2.3, 2.3, 2.3, 2.3, 2.3, 2.3, 2.3, 2.3",2020-05-04
Tp-Link,Router,omada_controller,CVE-2020-12475,TP-Link Omada Controller Software 3.2.6 allows Directory Traversal for reading arbitrary files via com.tp_link.eap.web.portal.PortalController.getAdvertiseFile in /opt/tplink/EAPController/lib/eap-web-3.2.6.jar.,Local,https://sovietw0rm.wordpress.com/2020/04/29/tp-link-omada-controller-directory-traversal-vulnerability/,unknown versions,2020-05-04
"Ui,W1.Fi,Asus,Broadcom,Canon,Cisco,Dlink,Dell,Epson,Hp,Huawei,Nec,Netgear,Ruckussecurity,Tp-Link,Zte,Zyxel,Microsoft,Fedoraproject,Debian,Canonical",Router,"unifi_controller,hostapd,rt-n11,adsl,selphy_cp1200,wap150,wap351,wap131,dvg-n5412sp,b1165nfw,ew-m970a3t,ep-101,xp-8500,xp-702,xp-340,xp-620,xp-320,xp-960,xp-2101,xp-330,xp-2105,xp-100,xp-630,xp-8600,xp-4105,xp-241,xp-4100,xp-970,xp-440,m571t,envy_5000_m2u85a,envy_5000_m2u85b,envy_5000_m2u91a,envy_5000_m2u94b,envy_5000_z4a54a,envy_5000_z4a74a,envy_photo_6200_k7g18a,envy_photo_6200_k7g26b,envy_photo_6200_k7s21b,envy_photo_6200_y0k13d_,envy_photo_6200_y0k15a,envy_photo_7100_3xd89a,envy_photo_7100_k7g93a,envy_photo_7100_k7g99a,envy_photo_7100_z3m37a,envy_photo_7100_z3m52a,envy_photo_7800_k7r96a,envy_photo_7800_k7s00a,envy_photo_7800_k7s10d,envy_photo_7800_y0g42d,envy_photo_7800_y0g52b,envy_5020_m2u91b,envy_114_cq811a,envy_114_cq811b,envy_114_cq812a,envy_111_cq810a,envy_110_cq809c,envy_110_cq809a,envy_110_cq809b,envy_110_cq809d,envy_110_cq812c,envy_100_cn517a,envy_100_cn517b,envy_100_cn517c,envy_100_cn518a,envy_100_cn519a,envy_100_cn519b,envy_pro_6420_5se45b,envy_pro_6420_5se46a,envy_pro_6420_6wd14a,envy_pro_6420_6wd16a,envy_pro_6452_5se47a,envy_pro_6455_5se45a,5020_z4a69a,5030_m2u92b,5030_z4a70a,5034_z4a74a,5660_f8b04a,envy_5665_f8b06a,envy_5664_f8b08a,envy_7640,envy_7644_e4w46a,envy_7645_e4w44a,envy_5640_b9s56a,envy_5640_b9s58a,envy_6540_b9s59a,envy_5642_b9s64a,envy_5643_b9s63a,envy_5644_b9s65a,envy_5646_f8b05a,envy_5540_f2e72a,envy_5540_g0v47a,envy_5540_g0v52a,envy_5540_g0v51a,envy_5540_g0v53a,envy_5540_k7c85a,envy_5541_k7g89a,envy_5542_k7c88a,envy_5543_n9u88a,envy_5544_k7c89a,envy_5544_k7c93a,envy_5545_g0v50a,envy_5546_k7c90a,envy_5547_j6u64a,envy_5548_k7g87a,deskjet_ink_advantage_5575_g0v48b,deskjet_ink_advantage_5575_g0v48c,deskjet_ink_advantage_4535_f0v64a,deskjet_ink_advantage_4535_f0v64b,deskjet_ink_advantage_4535_f0v64c,deskjet_ink_advantage_4536_f0v65a,deskjet_ink_advantage_4538_f0v66b,deskjet_ink_advantage_4675_f1h97a,deskjet_ink_advantage_4675_f1h97b,deskjet_ink_advantage_4675_f1h97c,deskjet_ink_advantage_4676_f1h98a,deskjet_ink_advantage_4678_f1h99b,envy_4511_k9h50a,envy_4512_k9h49a,envy_4513_k9h51a,envy_4516_k9h52a,envy_4520_e6g67a,envy_4520_e6g67b,envy_4520_f0v63a,envy_4520_f0v63b,envy_4520_f0v69a,envy_4521_k9t10b,envy_4522_f0v67a,envy_4523_j6u60b,envy_4524_f0v71b,envy_4524_f0v72b,envy_4524_k9t01a,envy_4525_k9t09b,envy_4526_k9t05b,envy_4527_j6u61b,envy_4528_k9t08b,officejet_4650_e6g87a,officejet_4650_f1h96a,officejet_4650_f1h96b,officejet_4652_f1j02a,officejet_4652_k9v84b,officejet_4652_f1j05b,officejet_4654_f1j07b,officejet_4654_f1j06b,officejet_4655_f1j00a,officejet_4655_k9v79a,officejet_4655_k9v82b,officejet_4656_k9v81b,officejet_4657_v6d29b,officejet_4658_v6d30b,envy_5530,envy_5536,envy_5531,envy_5539,envy_5532,deskjet_ink_advantage_4515,envy_5534,deskjet_ink_advantage_4518,envy_5535,deskjet_ink_advantage_3545_a9t81a,deskjet_ink_advantage_3545_a9t81c,deskjet_ink_advantage_3545_a9t83b,deskjet_ink_advantage_3546_a9t82a,deskjet_ink_advantage_3456_a9t84c,deskjet_ink_advantage_3548_a9t81b,envy_4509_d3p94a,envy_4509_d3p94b,envy_4501_c8d05a,envy_4502_a9t85a,envy_4502_a9t87b,envy_4503_e6g71b,envy_4504_a9t88b,envy_4504_c8d04a,envy_4505_a9t86a,envy_4507_e6g70b,envy_4508_e6g72b,envy_4500_a9t80a,envy_4500_a9t80b,envy_4500_a9t89a,envy_4500_d3p93a,envy_120_cz022a,envy_120_cz022b,envy_120_cz022c,envy_photo_6220_k7g20d,envy_photo_6220_k7g21b,envy_photo_6230_k7g25b,envy_photo_6232_k7g26b,envy_photo_6234_k7s21b,envy_photo_6252_k7g22a,envy_photo_6222_y0k13d,envy_photo_6222_y0k14d,envy_photo_7830_y0g50b,envy_photo_7822_y0g42d,envy_photo_7822_y0g43d,envy_photo_7120_z3m41d,envy_photo_7155_z3m52a,envy_photo_7164_k7g99a,envy_6020_5se16b,envy_6020_5se17a,envy_6020_6wd35a,envy_6020_7cz37a,envy_6052_5se18a,envy_6055_5se16a,hg532e,hg255s,wr8165n,wnhde111,zonedirector_1200,archer_c50,zxv10_w300,vmg8324-b10a,amg1202-t10b,windows_10,xbox_one,fedora,debian_linux,ubuntu_linux",CVE-2020-12695,"The Open Connectivity Foundation UPnP specification before 2020-04-17 does not forbid the acceptance of a subscription request with a delivery URL on a different network segment than the fully qualified event-subscription URL, aka the CallStranger issue.",Network,http://packetstormsecurity.com/files/158051/CallStranger-UPnP-Vulnerability-Checker.html | https://lists.debian.org/debian-lts-announce/2020/12/msg00017.html | https://lists.debian.org/debian-lts-announce/2020/08/msg00011.html | http://www.openwall.com/lists/oss-security/2020/06/08/2 | https://lists.debian.org/debian-lts-announce/2020/08/msg00013.html,unknown versions,2020-06-08
Tp-Link,Networking Device,"nc200_firmware,nc210_firmware,nc220_firmware,nc230_firmware,nc250_firmware,nc260_firmware,nc450",CVE-2020-13224,"TP-LINK NC200 devices through 2.1.10 build 200401, NC210 devices through 1.0.10 build 200401, NC220 devices through 1.3.1 build 200401, NC230 devices through 1.3.1 build 200401, NC250 devices through 1.3.1 build 200401, NC260 devices through 1.5.3 build_200401, and NC450 devices through 1.5.4 build 200401 have a Buffer Overflow",Network,https://www.tp-link.com/us/security | http://packetstormsecurity.com/files/158115/TP-LINK-Cloud-Cameras-NCXXX-Stack-Overflow.html,"2.3, up to 2.1.10, 2.3, up to 1.0.10, 2.3, up to 1.3.1, 2.3, up to 1.3.1, 2.3, up to 1.3.1, 2.3, up to 1.5.3, 2.3, up to 1.5.4",2020-06-17
Tp-Link,Networking Device,"tl-wr740n_firmware,tl-wr740nd",CVE-2020-14965,"On TP-Link TL-WR740N v4 and TL-WR740ND v4 devices, an attacker with access to the admin panel can inject HTML code and change the HTML context of the target pages and stations in the access-control settings via targets_lists_name or hosts_lists_name. The vulnerability can also be exploited through a CSRF, requiring no authentication as an administrator.",Network,Not provided,"2.3, 2.3",2020-06-23
Tp-Link,Networking Device,tl-ps310u,CVE-2020-15054,TP-Link USB Network Server TL-PS310U devices before 2.079.000.t0210 allow an attacker on the same network to elevate privileges because the administrative password can be discovered by sniffing unencrypted UDP traffic.,Adjacent Network,Not provided,"2.3, before 2.079.000.t0210",2020-08-07
Tp-Link,Networking Device,tl-ps310u,CVE-2020-15055,TP-Link USB Network Server TL-PS310U devices before 2.079.000.t0210 allow an attacker on the same network to bypass authentication via a web-administration request that lacks a password parameter.,Adjacent Network,Not provided,"2.3, before 2.079.000.t0210",2020-08-07
Tp-Link,Networking Device,tl-ps310u,CVE-2020-15056,TP-Link USB Network Server TL-PS310U devices before 2.079.000.t0210 allow an attacker on the same network to conduct persistent XSS attacks by leveraging administrative privileges to set a crafted server name.,Adjacent Network,Not provided,"2.3, before 2.079.000.t0210",2020-08-07
Tp-Link,Networking Device,tl-ps310u,CVE-2020-15057,TP-Link USB Network Server TL-PS310U devices before 2.079.000.t0210 allow an attacker on the same network to denial-of-service the device via long input values.,Adjacent Network,Not provided,"2.3, before 2.079.000.t0210",2020-08-07
Tp-Link,Router,archer_c1200,CVE-2020-17891,TP-Link Archer C1200 firmware version 1.13 Build 2018/01/24 rel.52299 EU has a XSS vulnerability allowing a remote attacker to execute arbitrary code.,Network,https://github.com/sandboxescape/TP-Link-wireless-router-Archer-C1200---Cross-Site-Scripting/,2.3,2021-05-14
Tp-Link,Networking Device,tl-wpa4220,CVE-2020-24297,httpd on TP-Link TL-WPA4220 devices (versions 2 through 4) allows remote authenticated users to execute arbitrary OS commands by sending crafted POST requests to the endpoint /admin/powerline. Fixed version: TL-WPA4220(EU)_V4_201023,Network,https://www.tp-link.com/us/support/download/,"2.3, 2.3, 2.3, before tl-wpa4220\(eu\)_v4_201023",2020-11-18
Tp-Link,Networking Device,tl-wa855re,CVE-2020-24363,TP-Link TL-WA855RE V5 20200415-rel37464 devices allow an unauthenticated attacker (on the same network) to submit a TDDP_RESET POST request for a factory reset and reboot. The attacker can then obtain incorrect access control by setting a new administrative password.,Adjacent Network,http://malwrforensics.com/en/2020/08/31/cve-2020-24363-tl-wa855re-v5-advisory/ | https://www.tp-link.com/us/support/download/tl-wa855re/#Firmware,2.3,2020-08-31
Tp-Link,Networking Device,tl-wpa4220,CVE-2020-28005,httpd on TP-Link TL-WPA4220 devices (hardware versions 2 through 4) allows remote authenticated users to trigger a buffer overflow (causing a denial of service) by sending a POST request to the /admin/syslog endpoint. Fixed version: TL-WPA4220(EU)_V4_201023,Network,https://www.tp-link.com/us/security,"2.3, 2.3, 2.3, before tl-wpa4220\(eu\)_v4_201023",2020-11-18
Tp-Link,Networking Device,ac1750,CVE-2020-28347,tdpServer on TP-Link Archer A7 AC1750 devices before 201029 allows remote attackers to execute arbitrary code via the slave_mac parameter. NOTE: this issue exists because of an incomplete fix for CVE-2020-10882 in which shell quotes are mishandled.,Network,Not provided,"2.3, before 201029",2020-11-08
Tp-Link,Networking Device,"wdr7400_firmware,wdr7500_firmware,wdr7660_firmware,wdr7800_firmware,wdr8400_firmware,wdr8500_firmware,wdr8600_firmware,wdr8620_firmware,wdr8640_firmware,wdr8660_firmware,wr880n_firmware,wr886n_firmware,wr890n_firmware,wr882n_firmware,wr708n",CVE-2020-28877,"Buffer overflow in in the copy_msg_element function for the devDiscoverHandle server in the TP-Link WR and WDR series, including WDR7400, WDR7500, WDR7660, WDR7800, WDR8400, WDR8500, WDR8600, WDR8620, WDR8640, WDR8660, WR880N, WR886N, WR890N, WR890N, WR882N, and WR708N.",Network,https://github.com/peanuts62/TP-Link-poc,"2.3, 2.3, 2.3, 2.3, 2.3, 2.3, 2.3, 2.3, 2.3, 2.3, 2.3, 2.3, 2.3, 2.3, 2.3, 2.3",2020-11-20
Tp-Link,Router,"wa901nd_firmware,archer_c5_firmware,archer_c7_firmware,mr3420_firmware,mr6400_firmware,wa701nd_firmware,wa801nd_firmware,wdr3500_firmware,wdr3600_firmware,we843n_firmware,wr1043nd_firmware,wr1045nd_firmware,wr740n_firmware,wr741nd_firmware,wr749n_firmware,wr802n_firmware,wr840n_firmware,wr841hp_firmware,wr841n_firmware,wr842n_firmware,wr842nd_firmware,wr845n_firmware,wr940n_firmware,wr941hp_firmware,wr945n_firmware,wr949n_firmware,wrd4300",CVE-2020-35575,"A password-disclosure issue in the web interface on certain TP-Link devices allows a remote attacker to get full administrative access to the web panel. This affects WA901ND devices before 3.16.9(201211) beta, and Archer C5, Archer C7, MR3420, MR6400, WA701ND, WA801ND, WDR3500, WDR3600, WE843N, WR1043ND, WR1045ND, WR740N, WR741ND, WR749N, WR802N, WR840N, WR841HP, WR841N, WR842N, WR842ND, WR845N, WR940N, WR941HP, WR945N, WR949N, and WRD4300 devices.",Network,https://static.tp-link.com/2020/202012/20201214/wa901ndv5_eu_3_16_9_up_boot%28201211%29.zip | https://www.tp-link.com/us/security | http://packetstormsecurity.com/files/163274/TP-Link-TL-WR841N-Command-Injection.html,"2.3, before 3.16.9\(201211\)_beta, 2.3, 2.3, 2.3, 2.3, 2.3, 2.3, 2.3, 2.3, 2.3, 2.3, 2.3, 2.3, 2.3, 2.3, 2.3, 2.3, 2.3, 2.3, 2.3, 2.3, 2.3, 2.3, 2.3, 2.3, 2.3, 2.3",2020-12-26
Tp-Link,Networking Device,tl-wr841n,CVE-2020-35576,"A Command Injection issue in the traceroute feature on TP-Link TL-WR841N V13 (JP) with firmware versions prior to 201216 allows authenticated users to execute arbitrary code as root via shell metacharacters, a different vulnerability than CVE-2018-12577.",Network,https://www.tp-link.com/us/security | https://www.tp-link.com/jp/support/download/tl-wr841n/v13/#Firmware,"2.3, before 201216",2021-01-26
Tp-Link,Networking Device,tl-wr840n,CVE-2020-36178,oal_ipt_addBridgeIsolationRules on TP-Link TL-WR840N 6_EU_0.9.1_4.16 devices allows OS command injection because a raw string entered from the web interface (an IP address field) is used directly for a call to the system library function (for iptables). NOTE: oal_ipt_addBridgeIsolationRules is not the only function that calls util_execSystem.,Network,https://github.com/therealunicornsecurity/therealunicornsecurity.github.io/blob/master/_posts/2020-10-11-TPLink.md | https://therealunicornsecurity.github.io/TPLink/ | https://www.tp-link.com/fr/support/download/tl-wr840n/v6/#Firmware,2.3,2021-01-06
Tp-Link,Router,archer_a7,CVE-2020-5795,"UNIX Symbolic Link (Symlink) Following in TP-Link Archer A7(US)_V5_200721 allows an authenticated admin user, with physical access and network access, to execute arbitrary code after plugging a crafted USB drive into the router.",Local,https://www.tenable.com/security/research/tra-2020-60,2.3,2020-11-06
Tp-Link,Router,archer_c9,CVE-2020-5797,"UNIX Symbolic Link (Symlink) Following in TP-Link Archer C9(US)_V1_180125 firmware allows an unauthenticated actor, with physical access and network access, to read sensitive files and write to a limited set of files after plugging a crafted USB drive into the router.",Local,https://www.tenable.com/security/research/tra-2020-60,2.3,2020-11-21
Tp-Link,Networking Device,tl-wr841n,CVE-2020-8423,A buffer overflow in the httpd daemon on TP-Link TL-WR841N V10 (firmware version 3.16.9) devices allows an authenticated remote attacker to execute arbitrary code via a GET request to the page for the configuration of the Wi-Fi network.,Network,https://www.tp-link.com/us/security,2.3,2020-04-02
Tp-Link,Networking Device,tl-wr849n,CVE-2020-9374,"On TP-Link TL-WR849N 0.9.1 4.16 devices, a remote command execution vulnerability in the diagnostics area can be exploited when an attacker sends specific shell metacharacters to the panel's traceroute feature.",Network,http://packetstormsecurity.com/files/156584/TP-Link-TL-WR849N-Remote-Code-Execution.html | https://fireshellsecurity.team/hack-n-routers/ | https://github.com/ElberTavares/routers-exploit/tree/master/tp-link,2.3,2020-02-24
Tp-Link,Router,archer_c50,CVE-2020-9375,TP-Link Archer C50 V3 devices before Build 200318 Rel. 62209 allows remote attackers to cause a denial of service via a crafted HTTP Header containing an unexpected Referer field.,Network,https://thewhiteh4t.github.io/2020/02/27/CVE-2020-9375-TP-Link-Archer-C50-v3-Denial-of-Service.html | https://www.tp-link.com/in/support/download/archer-c50/v3/#Firmware | http://packetstormsecurity.com/files/156928/TP-Link-Archer-C50-V3-Denial-of-Service.html,"2.3, 2.3, 2.3",2020-03-25
Tp-Link,Router,archer_c50,CVE-2023-0936,A vulnerability was found in TP-Link Archer C50 V2_160801. It has been rated as problematic. Affected by this issue is some unknown functionality of the component Web Management Interface. The manipulation leads to denial of service. The attack can only be initiated within the local network. The exploit has been disclosed to the public and may be used. The identifier of this vulnerability is VDB-221552.,Adjacent Network,Not provided,2.3,2023-02-21
Tp-Link,Router,archer_ax21,CVE-2023-1389,"TP-Link Archer AX21 (AX1800) firmware versions before 1.1.4 Build 20230219 contained a command injection vulnerability in the country form of the /cgi-bin/luci;stok=/locale endpoint on the web management interface. Specifically, the country parameter of the write operation was not sanitized before being used in a call to popen(), allowing an unauthenticated attacker to inject commands, which would be run as root, with a simple POST request.",Adjacent Network,http://packetstormsecurity.com/files/174131/TP-Link-Archer-AX21-Command-Injection.html | https://www.tenable.com/security/research/tra-2023-11,"2.3, before 1.1.4",2023-03-15
Tp-Link,Networking Device,tl-sg105pe,CVE-2023-22303,"TP-Link SG105PE firmware prior to 'TL-SG105PE(UN) 1.0_1.0.0 Build 20221208' contains an authentication bypass vulnerability. Under the certain conditions, an attacker may impersonate an administrator of the product. As a result, information may be obtained and/or the product's settings may be altered with the privilege of the administrator.",Network,https://www.tp-link.com/jp/support/download/tl-sg105pe/v1/#Firmware | https://www.tp-link.com/en/business-networking/easy-smart-switch/tl-sg105pe/,2.3,2023-01-17
Tp-Link,Networking Device,tl-wr940n,CVE-2023-23040,TP-Link router TL-WR940N V6 3.19.1 Build 180119 uses a deprecated MD5 algorithm to hash the admin password used for basic authentication.,Network,https://www.tp-link.com/en/support/download/tl-wr940n/#Firmware,2.3,2023-02-22
Tp-Link,Router,archer_c7,CVE-2023-2646,A vulnerability has been found in TP-Link Archer C7v2 v2_en_us_180114 and classified as problematic. Affected by this vulnerability is an unknown functionality of the component GET Request Parameter Handler. The manipulation leads to denial of service. The attack can only be done within the local network. The associated identifier of this vulnerability is VDB-228775. NOTE: The vendor was contacted early about this disclosure but did not respond in any way.,Adjacent Network,Not provided,2.3,2023-05-11
Tp-Link,Networking Device,tl-mr3020,CVE-2023-27078,A command injection issue was found in TP-Link MR3020 v.1_150921 that allows a remote attacker to execute arbitrary commands via a crafted request to the tftp endpoint.,Network,Not provided,2.3,2023-03-23
Tp-Link,Smart Home Device,tapo,CVE-2023-27098,TP-Link Tapo APK up to v2.12.703 uses hardcoded credentials for access to the login panel.,Network,https://www.tp-link.com/support/contact-technical-support/#LiveChat-Support | http://tp-link.com,"2.3, before 2.11.44",2024-01-09
Tp-Link,Smart Home Device,tapo_c200,CVE-2023-27126,The AES Key-IV pair used by the TP-Link TAPO C200 camera V3 (EU) on firmware version 1.1.22 Build 220725 is reused across all cameras. An attacker with physical access to a camera is able to extract and decrypt sensitive data containing the Wifi password and the TP-LINK account credential of the victim.,Physical,https://www.claranet.fr/blog/dans-les-entrailles-dune-camera-connectee-tp-link-14 | http://tp-link.com,2.3,2023-06-06
Tp-Link,Networking Device,Unknown,CVE-2023-27332,"TP-Link Archer AX21 tdpServer Logging Stack-based Buffer Overflow Remote Code Execution Vulnerability. This vulnerability allows network-adjacent attackers to execute arbitrary code on affected installations of TP-Link Archer AX21 routers. Authentication is not required to exploit this vulnerability.

The specific flaw exists within the logging functionality of the tdpServer program, which listens on UDP port 20002. The issue results from the lack of proper validation of the length of user-supplied data prior to copying it to a fixed-length stack-based buffer. An attacker can leverage this vulnerability to execute code in the context of root.
. Was ZDI-CAN-19898.",,Not provided,unknown versions,2024-05-03
Tp-Link,Networking Device,Unknown,CVE-2023-27333,"TP-Link Archer AX21 tmpServer Command 0x422 Stack-based Buffer Overflow Remote Code Execution Vulnerability. This vulnerability allows network-adjacent attackers to execute arbitrary code on affected installations of TP-Link Archer AX21 routers. Authentication is required to exploit this vulnerability.

The specific flaw exists within the handling of command 0x422 provided to the tmpServer service. The issue results from the lack of proper validation of the length of user-supplied data prior to copying it to a fixed-length stack-based buffer. An attacker can leverage this vulnerability to execute code in the context of root.
. Was ZDI-CAN-19905.",,Not provided,unknown versions,2024-05-03
Tp-Link,Networking Device,Unknown,CVE-2023-27346,"TP-Link AX1800 Firmware Parsing Stack-based Buffer Overflow Remote Code Execution Vulnerability. This vulnerability allows network-adjacent attackers to execute arbitrary code on affected installations of TP-Link AX1800 routers. Authentication is not required to exploit this vulnerability.

The specific flaw exists within the parsing of firmware images. The issue results from the lack of proper validation of the length of user-supplied data prior to copying it to a fixed-length stack-based buffer. An attacker can leverage this vulnerability to execute code in the context of root.
. Was ZDI-CAN-19703.",,Not provided,unknown versions,2024-05-03
Tp-Link,Networking Device,Unknown,CVE-2023-27359,"TP-Link AX1800 hotplugd Firewall Rule Race Condition Vulnerability. This vulnerability allows remote attackers to gain access to LAN-side services on affected installations of TP-Link Archer AX21 routers. Authentication is not required to exploit this vulnerability.

The specific flaw exists within the hotplugd daemon. The issue results from firewall rule handling that allows an attacker access to resources that should be available to the LAN interface only. An attacker can leverage this in conjunction with other vulnerabilities to execute arbitrary code in the context of the root user.
. Was ZDI-CAN-19664.",,Not provided,unknown versions,2024-05-03
Tp-Link,Networking Device,tl-wpa8630p,CVE-2023-27836,TP-Link TL-WPA8630P (US)_ V2_ Version 171011 was discovered to contain a command injection vulnerability via the devicePwd parameter in the function sub_ 40A80C.,Network,https://github.com/lzd521/IOT/tree/main/TP-Link%20WPA8630P%202,2.3,2023-06-13
Tp-Link,Networking Device,tl-wpa8630p,CVE-2023-27837,TP-Link TL-WPA8630P (US)_ V2_ Version 171011 was discovered to contain a command injection vulnerability via the key parameter in the function sub_ 40A774.,Network,https://github.com/lzd521/IOT/tree/main/TP-Link%20WPA8630P,2.3,2023-06-13
Tp-Link,Networking Device,t2600g-28sq,CVE-2023-28368,"TP-Link L2 switch T2600G-28SQ firmware versions prior to 'T2600G-28SQ(UN)_V1_1.0.6 Build 20230227' uses vulnerable SSH host keys. A fake device may be prepared to spoof the affected device with the vulnerable host key.If the administrator may be tricked to login to the fake device, the credential information for the affected device may be obtained.",Adjacent Network,https://www.tp-link.com/en/support/download/t2600g-28sq/#Firmware,"2.3, 2.3",2023-04-11
Tp-Link,Networking Device,ec70,CVE-2023-28478,TP-Link EC-70 devices through 2.3.4 Build 20220902 rel.69498 have a Buffer Overflow.,Adjacent Network,Not provided,"2.3, up to 2.3.4_build_20220902_rel.69498",2023-06-12
Tp-Link,Networking Device,tl-wpa7510,CVE-2023-29562,TP-Link TL-WPA7510 (EU)_V2_190125 was discovered to contain a stack overflow via the operation parameter at /admin/locale.,Network,https://github.com/lzd521/IOT/tree/main/TP-Link%20WPA7510,2.3,2023-06-13
Tp-Link,Networking Device,Unknown,CVE-2023-30307,"An issue discovered in TP-LINK TL-R473GP-AC, TP-LINK XDR6020, TP-LINK TL-R479GP-AC, TP-LINK TL-R4239G, TP-LINK TL-WAR1200L, and TP-LINK TL-R476G routers allows attackers to hijack TCP sessions which could lead to a denial of service.",,Not provided,unknown versions,2024-05-28
Tp-Link,Router,"archer_c2_v1_firmware,archer_c20_firmware,archer_c50",CVE-2023-30383,"TP-LINK Archer C50v2 Archer C50(US)_V2_160801, TP-LINK Archer C20v1 Archer_C20_V1_150707, and TP-LINK Archer C2v1 Archer_C2_US__V1_170228 were discovered to contain a buffer overflow which may lead to a Denial of Service (DoS) when parsing crafted data.",Network,https://www.tp-link.com/us/support/download/archer-c2/v1/#Firmware | https://www.tp-link.com/us/support/download/archer-c50/v2/#Firmware%29%2CTPLINK | https://www.tp-link.com/us/support/download/archer-c50/v2/#Firmware,"2.3, 2.3, 2.3",2023-07-18
Tp-Link,Router,"archer_c55_firmware,archer_c50_v3",CVE-2023-31188,"Multiple TP-LINK products allow a network-adjacent authenticated attacker to execute arbitrary OS commands. Affected products/versions are as follows: Archer C50 firmware versions prior to 'Archer C50(JP)_V3_230505', Archer C55 firmware versions prior to 'Archer C55(JP)_V1_230506', and Archer C20 firmware versions prior to 'Archer C20(JP)_V1_230616'.",Adjacent Network,https://www.tp-link.com/jp/support/download/archer-c20/v1/#Firmware | https://www.tp-link.com/jp/support/download/archer-c55/#Firmware | https://www.tp-link.com/jp/support/download/archer-c50/v3/#Firmware,"2.3, before 230506, 2.3, before 230505",2023-09-06
Tp-Link,Networking Device,tl-wpa4530_kit,CVE-2023-31700,TP-Link TL-WPA4530 KIT V2 (EU)_170406 and V2 (EU)_161115 is vulnerable to Command Injection via _httpRpmPlcDeviceAdd.,Network,https://github.com/FirmRec/IoT-Vulns/blob/main/tp-link/postPlcJson/report.md,"2.3, 2.3",2023-05-17
Tp-Link,Networking Device,tl-wpa4530_kit,CVE-2023-31701,TP-Link TL-WPA4530 KIT V2 (EU)_170406 and V2 (EU)_161115 is vulnerable to Command Injection via _httpRpmPlcDeviceRemove.,Network,https://github.com/FirmRec/IoT-Vulns/blob/main/tp-link/postPlcJson/report.md,"2.3, 2.3",2023-05-17
Tp-Link,Router,archer_ax21,CVE-2023-31710,TP-Link Archer AX21(US)_V3_1.1.4 Build 20230219 and AX21(US)_V3.6_1.1.4 Build 20230219 are vulnerable to Buffer Overflow.,Network,https://github.com/xiaobye-ctf/My-CVE/tree/main/TP-Link/CVE-2023-31710,"2.3, 2.3",2023-08-01
Tp-Link,Router,archer_vr1600v,CVE-2023-31756,"A command injection vulnerability exists in the administrative web portal in TP-Link Archer VR1600V devices running firmware Versions <= 0.1.0. 0.9.1 v5006.0 Build 220518 Rel.32480n which allows remote attackers, authenticated to the administrative web portal as an administrator user to open an operating system level shell via the 'X_TP_IfName' parameter.",Local,https://stanleyjobsonau.github.io/tp-link-advisory.html,"2.3, up to 0.1.0_0.9.1_v5006.0_build_200810_rel.53181n",2023-05-19
Tp-Link,Router,"archer_c55_firmware,archer_c50_v3",CVE-2023-32619,"Archer C50 firmware versions prior to 'Archer C50(JP)_V3_230505' and Archer C55 firmware versions prior to 'Archer C55(JP)_V1_230506' use hard-coded credentials to login to the affected device, which may allow a network-adjacent unauthenticated attacker to execute an arbitrary OS command.",Adjacent Network,https://www.tp-link.com/jp/support/download/archer-c50/v3/#Firmware | https://www.tp-link.com/jp/support/download/archer-c55/#Firmware,"2.3, before 230506, 2.3, before 230505",2023-09-06
Tp-Link,Networking Device,"tl-wr940n_firmware,tl-wr841n_firmware,tl-wr740n",CVE-2023-33536,"TP-Link TL-WR940N V2/V4, TL-WR841N V8/V10, and TL-WR740N V1/V2 was discovered to contain a buffer overflow via the component /userRpm/WlanMacFilterRpm.",Network,https://github.com/a101e-IoTvul/iotvul/blob/main/tp-link/2/TL-WR940N_TL-WR841N_TL-WR740N_userRpm_WlanMacFilterRpm.md,"2.3, 2.3, 2.3",2023-06-07
Tp-Link,Networking Device,"tl-wr940n_firmware,tl-wr841n_firmware,tl-wr740n",CVE-2023-33537,"TP-Link TL-WR940N V2/V4, TL-WR841N V8/V10, and TL-WR740N V1/V2 was discovered to contain a buffer overflow via the component /userRpm/FixMapCfgRpm.",Network,https://github.com/a101e-IoTvul/iotvul/blob/main/tp-link/1/TL-WR940N_TL-WR841N_TL-WR740N_userRpm_FixMapCfgRpm.md,"2.3, 2.3, 2.3",2023-06-07
Tp-Link,Networking Device,"tl-wr940n_firmware,tl-wr841n_firmware,tl-wr740n",CVE-2023-33538,"TP-Link TL-WR940N V2/V4, TL-WR841N V8/V10, and TL-WR740N V1/V2 was discovered to contain a command injection vulnerability via the component /userRpm/WlanNetworkRpm .",Network,https://www.secpod.com/blog/cisa-issues-warning-on-active-exploitation-of-tp-link-vulnerability-cve-2023-33538/ | https://web.archive.org/web/20230609111043/https://github.com/a101e-IoTvul/iotvul/blob/main/tp-link/3/TL-WR940N_TL-WR841N_userRpm_WlanNetworkRpm_Command_Injection.md | https://www.tp-link.com/us/support/faq/3562/ | https://github.com/a101e-IoTvul/iotvul/blob/main/tp-link/3/TL-WR940N_TL-WR841N_userRpm_WlanNetworkRpm_Command_Injection.md,"2.3, 2.3, 2.3",2023-06-07
Tp-Link,Smart Home Device,tapo,CVE-2023-34829,Incorrect access control in TP-Link Tapo before v3.1.315 allows attackers to access user credentials in plaintext.,Adjacent Network,https://github.com/SecureScripts/TP-Link_Tapo_Hack,unknown versions,2023-12-28
Tp-Link,Router,archer_ax10,CVE-2023-34832,TP-Link Archer AX10(EU)_V1.2_230220 was discovered to contain a buffer overflow via the function FUN_131e8 - 0x132B4.,Network,http://packetstormsecurity.com/files/172989/TP-Link-Archer-AX10-EU-_V1.2_230220-Buffer-Overflow.html | http://tp-link.com,2.3,2023-06-16
Tp-Link,Networking Device,Unknown,CVE-2023-35717,"TP-Link Tapo C210 Password Recovery Authentication Bypass Vulnerability. This vulnerability allows network-adjacent attackers to bypass authentication on affected installations of TP-Link Tapo C210 IP cameras. Authentication is not required to exploit this vulnerability.

The specific flaw exists within the password recovery mechanism. The issue results from reliance upon the secrecy of the password derivation algorithm when generating a recovery password. An attacker can leverage this vulnerability to bypass authentication on the system.
. Was ZDI-CAN-20484.",,Not provided,unknown versions,2024-05-03
Tp-Link,Networking Device,"tl-wr940n_firmware,tl-wr841n_firmware,tl-wr740n_firmware,tl-wr941nd",CVE-2023-36354,"TP-Link TL-WR940N V4, TL-WR841N V8/V10, TL-WR740N V1/V2, TL-WR940N V2/V3, and TL-WR941ND V5/V6 were discovered to contain a buffer overflow in the component /userRpm/AccessCtrlTimeSchedRpm. This vulnerability allows attackers to cause a Denial of Service (DoS) via a crafted GET request.",Network,https://github.com/a101e-IoTvul/iotvul/blob/main/tp-link/7/TL-WR940N_TL-WR841N_TL-WR740N_TL-WR941ND_userRpm_AccessCtrlTimeSchedRpm.md,"2.3, 2.3, 2.3, 2.3, 2.3, 2.3, 2.3, 2.3, 2.3",2023-06-22
Tp-Link,Networking Device,tl-wr940n,CVE-2023-36355,TP-Link TL-WR940N V4 was discovered to contain a buffer overflow via the ipStart parameter at /userRpm/WanDynamicIpV6CfgRpm. This vulnerability allows attackers to cause a Denial of Service (DoS) via a crafted GET request.,Network,https://github.com/a101e-IoTvul/iotvul/blob/main/tp-link/9/TP-Link%20TL-WR940N%20wireless%20router%20userRpmWanDynamicIpV6CfgRpm%20buffer%20write%20out-of-bounds%20vulnerability.md | http://packetstormsecurity.com/files/173294/TP-Link-TL-WR940N-4-Buffer-Overflow.html,2.3,2023-06-22
Tp-Link,Networking Device,"tl-wr940n_firmware,tl-wr841n_firmware,tl-wr740n_firmware,tl-wr941nd",CVE-2023-36356,"TP-Link TL-WR940N V2/V4/V6, TL-WR841N V8, TL-WR941ND V5, and TL-WR740N V1/V2 were discovered to contain a buffer read out-of-bounds via the component /userRpm/VirtualServerRpm. This vulnerability allows attackers to cause a Denial of Service (DoS) via a crafted GET request.",Network,https://github.com/a101e-IoTvul/iotvul/blob/main/tp-link/4/TL-WR941ND_TL-WR940N_TL-WR740N_userRpm_VirtualServerRpm.md,"2.3, 2.3, 2.3, 2.3, 2.3, 2.3, 2.3",2023-06-22
Tp-Link,Networking Device,"tl-wr940n_firmware,tl-wr841n_firmware,tl-wr941nd",CVE-2023-36357,"An issue in the /userRpm/LocalManageControlRpm component of TP-Link TL-WR940N V2/V4/V6, TL-WR841N V8/V10, and TL-WR941ND V5 allows attackers to cause a Denial of Service (DoS) via a crafted GET request.",Network,https://github.com/a101e-IoTvul/iotvul/blob/main/tp-link/5/TL-WR941ND_TL-WR940N_TL-WR841N_userRpm_LocalManageControlRpm.md,"2.3, 2.3, 2.3, 2.3, 2.3, 2.3",2023-06-22
Tp-Link,Networking Device,"tl-wr940n_firmware,tl-wr841n_firmware,tl-wr941nd_firmware,tl-wr743nd",CVE-2023-36358,"TP-Link TL-WR940N V2/V3/V4, TL-WR941ND V5/V6, TL-WR743ND V1 and TL-WR841N V8 were discovered to contain a buffer overflow in the component /userRpm/AccessCtrlAccessTargetsRpm. This vulnerability allows attackers to cause a Denial of Service (DoS) via a crafted GET request.",Network,https://github.com/a101e-IoTvul/iotvul/blob/main/tp-link/6/TL-WR940N_WR941ND_WR743ND_WR841N_userRpm_AccessCtrlAccessTargetsRpm.md,"2.3, 2.3, 2.3, 2.3, 2.3, 2.3, 2.3",2023-06-22
Tp-Link,Networking Device,"tl-wr940n_firmware,tl-wr841n_firmware,tl-wr941nd",CVE-2023-36359,"TP-Link TL-WR940N V4, TL-WR841N V8/V10, TL-WR940N V2/V3 and TL-WR941ND V5/V6 were discovered to contain a buffer overflow in the component /userRpm/QoSRuleListRpm. This vulnerability allows attackers to cause a Denial of Service (DoS) via a crafted GET request.",Network,https://github.com/a101e-IoTvul/iotvul/blob/main/tp-link/8/TP-Link%20TL-WR940N%20TL-WR841N%20TL-WR941ND%20wireless%20router%20userRpmQoSRuleListRpm%20buffer%20read%20out-of-bounds%20vulnerability.md,"2.3, 2.3, 2.3, 2.3, 2.3, 2.3, 2.3",2023-06-22
Tp-Link,Networking Device,"tl-wr902ac_firmware,tl-wr802n_firmware,tl-wr841n",CVE-2023-36489,"Multiple TP-LINK products allow a network-adjacent unauthenticated attacker to execute arbitrary OS commands. Affected products/versions are as follows: TL-WR802N firmware versions prior to 'TL-WR802N(JP)_V4_221008', TL-WR841N firmware versions prior to 'TL-WR841N(JP)_V14_230506', and TL-WR902AC firmware versions prior to 'TL-WR902AC(JP)_V3_230506'.",Adjacent Network,https://www.tp-link.com/jp/support/download/tl-wr902ac/#Firmware | https://www.tp-link.com/jp/support/download/tl-wr841n/v14/#Firmware | https://www.tp-link.com/jp/support/download/tl-wr802n/#Firmware,"2.3, before 230506, 2.3, before 221008, 2.3, before 230506",2023-09-06
Tp-Link,Router,er7206,CVE-2023-36498,A post-authentication command injection vulnerability exists in the PPTP client functionality of Tp-Link ER7206 Omada Gigabit VPN Router 1.3.0 build 20230322 Rel.70591. A specially crafted HTTP request can lead to arbitrary command injection. An attacker can make an authenticated HTTP request to trigger this vulnerability and gain access to an unrestricted shell.,,Not provided,2.3,2024-02-06
Tp-Link,Router,archer_c20,CVE-2023-37284,Improper authentication vulnerability in Archer C20 firmware versions prior to 'Archer C20(JP)_V1_230616' allows a network-adjacent unauthenticated attacker to execute an arbitrary OS command via a crafted request to bypass authentication.,Adjacent Network,https://www.tp-link.com/jp/support/download/archer-c20/v1/#Firmware,"2.3, before 230616",2023-09-06
Tp-Link,Router,"archer_c1200_firmware,archer_c9",CVE-2023-38563,Archer C1200 firmware versions prior to 'Archer C1200(JP)_V2_230508' and Archer C9 firmware versions prior to 'Archer C9(JP)_V3_230508' allow a network-adjacent unauthenticated attacker to execute arbitrary OS commands.,Adjacent Network,https://www.tp-link.com/jp/support/download/archer-c9/v3/#Firmware | https://www.tp-link.com/jp/support/download/archer-c1200/#Firmware,"2.3, before 230508, 2.3, before 230508",2023-09-06
Tp-Link,Router,archer_a10,CVE-2023-38568,Archer A10 firmware versions prior to 'Archer A10(JP)_V2_230504' allows a network-adjacent unauthenticated attacker to execute arbitrary OS commands.,Adjacent Network,https://www.tp-link.com/jp/support/download/archer-a10/#Firmware,"2.3, before 230504",2023-09-06
Tp-Link,Router,archer_c3150,CVE-2023-38588,Archer C3150 firmware versions prior to 'Archer C3150(JP)_V2_230511' allows a network-adjacent authenticated attacker to execute arbitrary OS commands.,Adjacent Network,https://www.tp-link.com/jp/support/download/archer-c3150/#Firmware,"2.3, before 230511",2023-09-06
Tp-Link,Smart Home Device,"tapo,tapo_l530e",CVE-2023-38906,"An issue in TPLink Smart Bulb Tapo series L530 1.1.9, L510E 1.0.8, L630 1.0.3, P100 1.4.9, Smart Camera Tapo series C200 1.1.18, and Tapo Application 2.8.14 allows a remote attacker to obtain sensitive information via the authentication code for the UDP message.",Adjacent Network,Not provided,"2.3, 2.3",2023-08-22
Tp-Link,Smart Home Device,"tapo_l530e_firmware,tapo",CVE-2023-38907,"An issue in TPLink Smart Bulb Tapo series L530 before 1.2.4, L510E before 1.1.0, L630 before 1.0.4, P100 before 1.5.0, and Tapo Application 2.8.14 allows a remote attacker to replay old messages encrypted with a still valid session key.",Network,Not provided,2.3,2023-09-25
Tp-Link,Smart Home Device,"tapo,tapo_l530e",CVE-2023-38908,"An issue in TPLink Smart Bulb Tapo series L530 before 1.2.4, L510E before 1.1.0, L630 before 1.0.4, P100 before 1.5.0, and Tapo Application 2.8.14 allows a remote attacker to obtain sensitive information via the TSKEP authentication function.",Adjacent Network,Not provided,"2.3, 2.3",2023-08-22
Tp-Link,Smart Home Device,"tapo,tapo_l530e",CVE-2023-38909,"An issue in TPLink Smart Bulb Tapo series L530 before 1.2.4, L510E before 1.1.0, L630 before 1.0.4, P100 before 1.5.0, and Tapo Application 2.8.14 allows a remote attacker to obtain sensitive information via the IV component in the AES128-CBC function.",Adjacent Network,Not provided,"2.3, 2.3",2023-08-22
Tp-Link,Router,archer_c7,CVE-2023-39224,"Archer C5 firmware all versions and Archer C7 firmware versions prior to 'Archer C7(JP)_V2_230602' allow a network-adjacent authenticated attacker to execute arbitrary OS commands. Note that Archer C5 is no longer supported, therefore the update for this product is not provided.",Adjacent Network,https://www.tp-link.com/jp/support/download/archer-c7/v2/#Firmware,"2.3, before 230602",2023-09-06
Tp-Link,Networking Device,Unknown,CVE-2023-39471,"TP-Link TL-WR841N ated_tp Command Injection Remote Code Execution Vulnerability. This vulnerability allows network-adjacent attackers to execute arbitrary code on affected installations of TP-Link TL-WR841N routers. Authentication is not required to exploit this vulnerability.

The specific flaw exists within the ated_tp service. The issue results from the lack of proper validation of a user-supplied string before using it to execute a system call. An attacker can leverage this vulnerability to execute code in the context of root. Was ZDI-CAN-21825.",,Not provided,unknown versions,2024-05-03
Tp-Link,Smart Home Device,tapo_c100,CVE-2023-39610,An issue in TP-Link Tapo C100 v1.1.15 Build 211130 Rel.15378n(4555) and before allows attackers to cause a Denial of Service (DoS) via supplying a crafted web request.,Adjacent Network,https://github.com/zn9988/publications/tree/main/1.TP-Link%20Tapo%20C100%20-%20HTTP%20Denial-Of-Service,"2.3, up to 1.1.15",2023-10-31
Tp-Link,Networking Device,"tl-wr940n_v2_firmware,tl-wr941nd_v5_firmware,tl-wr841n_v8",CVE-2023-39745,"TP-Link TL-WR940N V2, TP-Link TL-WR941ND V5 and TP-Link TL-WR841N V8 were discovered to contain a buffer overflow via the component /userRpm/AccessCtrlAccessRulesRpm. This vulnerability allows attackers to cause a Denial of Service (DoS) via a crafted GET request.",Network,https://github.com/a101e-IoTvul/iotvul/blob/main/tp-link/16/TP-Link%20WR940N%20WR941ND%20WR841N%20wireless%20router%20userRpmAccessCtrlAccessRulesRpm%20buffer%20read%20out-of-bounds%20vulnerability.md,"2.3, 2.3, 2.3",2023-08-21
Tp-Link,Networking Device,"tl-wr940n_v2_firmware,tl-wr941nd_v5_firmware,tl-wr841n_v8",CVE-2023-39747,"TP-Link WR841N V8, TP-Link TL-WR940N V2, and TL-WR941ND V5 were discovered to contain a buffer overflow via the radiusSecret parameter at /userRpm/WlanSecurityRpm.",Network,https://github.com/a101e-IoTvul/iotvul/blob/main/tp-link/17/TP-Link%20WR841N%20wireless%20router%20WlanSecurityRpm%20Stack%20Overflow%20vulnerability.md,"2.3, 2.3, 2.3",2023-08-21
Tp-Link,Networking Device,tl-wr1041n_v2,CVE-2023-39748,An issue in the component /userRpm/NetworkCfgRpm of TP-Link TL-WR1041N V2 allows attackers to cause a Denial of Service (DoS) via a crafted GET request.,Network,https://github.com/a101e-IoTvul/iotvul/blob/main/tp-link/19/TL_WR1041N_NetworkCfgRpm_denial_of_service_vulnerability.md,2.3,2023-08-21
Tp-Link,Networking Device,tl-wr941nd_v6,CVE-2023-39751,TP-Link TL-WR941ND V6 were discovered to contain a buffer overflow via the pSize parameter at /userRpm/PingIframeRpm.,Network,https://github.com/a101e-IoTvul/iotvul/blob/main/tp-link/20/WR941ND_userRpm_PingIframeRpm_buffer_write_out-of-bounds_vulnerability.md,2.3,2023-08-21
Tp-Link,Router,archer_c5400,CVE-2023-39935,Archer C5400 firmware versions prior to 'Archer C5400(JP)_V2_230506' allows a network-adjacent authenticated attacker to execute arbitrary OS commands.,Adjacent Network,https://www.tp-link.com/jp/support/download/archer-c5400/#Firmware,"2.3, before 230506",2023-09-06
Tp-Link,Networking Device,deco_m4,CVE-2023-40193,Deco M4 firmware versions prior to 'Deco M4(JP)_V2_1.5.8 Build 20230619' allows a network-adjacent authenticated attacker to execute arbitrary OS commands.,Adjacent Network,https://www.tp-link.com/jp/support/download/deco-m4/v2/#Firmware,"2.3, before 1.5.8",2023-09-06
Tp-Link,Router,"archer_ax50_firmware,archer_a10_firmware,archer_ax10_firmware,archer_ax11000",CVE-2023-40357,"Multiple TP-LINK products allow a network-adjacent authenticated attacker to execute arbitrary OS commands. Affected products/versions are as follows: Archer AX50 firmware versions prior to 'Archer AX50(JP)_V1_230529', Archer A10 firmware versions prior to 'Archer A10(JP)_V2_230504', Archer AX10 firmware versions prior to 'Archer AX10(JP)_V1.2_230508', and Archer AX11000 firmware versions prior to 'Archer AX11000(JP)_V1_230523'.",Adjacent Network,https://www.tp-link.com/jp/support/download/archer-ax50/#Firmware | https://www.tp-link.com/jp/support/download/archer-a10/#Firmware | https://www.tp-link.com/jp/support/download/archer-ax11000/#Firmware | https://www.tp-link.com/jp/support/download/archer-ax10/#Firmware,"2.3, before 230529, 2.3, up to 230504, 2.3, before 230508, 2.3, before 230523",2023-09-06
Tp-Link,Router,archer_ax6000,CVE-2023-40531,Archer AX6000 firmware versions prior to 'Archer AX6000(JP)_V1_1.3.0 Build 20221208' allows a network-adjacent authenticated attacker to execute arbitrary OS commands.,Adjacent Network,https://www.tp-link.com/jp/support/download/archer-ax6000/v1/#Firmware,"2.3, before 1.3.0",2023-09-06
Tp-Link,Networking Device,Unknown,CVE-2023-41184,"TP-Link Tapo C210 ActiveCells Stack-based Buffer Overflow Remote Code Execution Vulnerability. This vulnerability allows network-adjacent attackers to execute arbitrary code on affected installations of TP-Link Tapo C210 IP cameras. Although authentication is required to exploit this vulnerability, the existing authentication mechanism can be bypassed.

The specific flaw exists within the handling of the ActiveCells parameter of the CreateRules and ModifyRules APIs. The issue results from the lack of proper validation of the length of user-supplied data prior to copying it to a fixed-length stack-based buffer. An attacker can leverage this vulnerability to execute code in the context of root.
. Was ZDI-CAN-20589.",,Not provided,unknown versions,2024-05-03
"Tapo,Nanoleaf,Govee,Switchbot,Phillips,Yeelight,Tp-Link,Orein,Eve",IoT Hub,"mini_smart_wi-fi_plug_firmware,lightstrip_firmware,led_strip_firmware,hub2_firmware,hue_bridge_firmware,smart_lamp_firmware,smart_plug_firmware,smart_bulb_firmware,eve_door_and_window",CVE-2023-42189,"Insecure Permissions vulnerability in Connectivity Standards Alliance Matter Official SDK v.1.1.0.0 , Nanoleaf Light strip v.3.5.10, Govee LED Strip v.3.00.42, switchBot Hub2 v.1.0-0.8, Phillips hue hub v.1.59.1959097030, and yeelight smart lamp v.1.12.69 allows a remote attacker to cause a denial of service via a crafted script to the KeySetRemove function.",Network,Not provided,"2.3, 2.3, 2.3, 2.3, 2.3, 2.3, 2.3, 2.3, 2.3",2023-10-10
Tp-Link,Router,er7206,CVE-2023-42664,A post authentication command injection vulnerability exists when setting up the PPTP global configuration of Tp-Link ER7206 Omada Gigabit VPN Router 1.3.0 build 20230322 Rel.70591. A specially crafted HTTP request can lead to arbitrary command injection. An attacker can make an authenticated HTTP request to trigger this vulnerability.,,Not provided,2.3,2024-02-06
Tp-Link,Router,tl-er5120g,CVE-2023-43135,"There is an unauthorized access vulnerability in TP-LINK ER5120G 4.0 2.0.0 Build 210817 Rel.80868n, which allows attackers to obtain sensitive information of the device without authentication, obtain user tokens, and ultimately log in to the device backend management.",Network,Not provided,2.3,2023-09-20
Tp-Link,Router,tl-er5120g,CVE-2023-43137,"TPLINK TL-ER5120G 4.0 2.0.0 Build 210817 Rel.80868n has a command injection vulnerability, when an attacker adds ACL rules after authentication, and the rule name parameter has injection points.",Network,Not provided,2.3,2023-09-20
Tp-Link,Router,tl-er5120g,CVE-2023-43138,"TPLINK TL-ER5120G 4.0 2.0.0 Build 210817 Rel.80868n has a command injection vulnerability, when an attacker adds NAPT rules after authentication, and the rule name has an injection point.",Network,Not provided,2.3,2023-09-20
Tp-Link,Networking Device,tl-sg2210p,CVE-2023-43318,TP-Link JetStream Smart Switch TL-SG2210P 5.0 Build 20211201 allows attackers to escalate privileges via modification of the 'tid' and 'usrlvl' values in GET requests.,Network,Not provided,2.3,2024-03-06
Tp-Link,Router,er7206,CVE-2023-43482,A command execution vulnerability exists in the guest resource functionality of Tp-Link ER7206 Omada Gigabit VPN Router 1.3.0 build 20230322 Rel.70591. A specially crafted HTTP request can lead to arbitrary command execution. An attacker can make an authenticated HTTP request to trigger this vulnerability.,,Not provided,2.3,2024-02-06
Tp-Link,Networking Device,Unknown,CVE-2023-44447,"TP-Link TL-WR902AC loginFs Improper Authentication Information Disclosure Vulnerability. This vulnerability allows network-adjacent attackers to disclose sensitive information on affected installations of TP-Link TL-WR902AC routers. Authentication is not required to exploit this vulnerability.

The specific flaw exists within the httpd service, which listens on TCP port 80 by default. The issue results from improper authentication. An attacker can leverage this vulnerability to disclose stored credentials, leading to further compromise. Was ZDI-CAN-21529.",,Not provided,unknown versions,2024-05-03
Tp-Link,Networking Device,Unknown,CVE-2023-44448,"TP-Link Archer A54 libcmm.so dm_fillObjByStr Stack-based Buffer Overflow Remote Code Execution Vulnerability. This vulnerability allows network-adjacent attackers to execute arbitrary code on affected installations of TP-Link Archer A54 routers. Authentication is required to exploit this vulnerability.

The specific flaw exists within the file libcmm.so. The issue results from the lack of proper validation of the length of user-supplied data prior to copying it to a fixed-length stack-based buffer. An attacker can leverage this vulnerability to execute code in the context of root. Was ZDI-CAN-22262.",,Not provided,unknown versions,2024-05-03
Tp-Link,Networking Device,tl-wdr7660,CVE-2023-46371,TP-Link device TL-WDR7660 2.0.30 and TL-WR886N 2.0.12 has a stack overflow vulnerability via the function upgradeInfoJsonToBin.,Network,https://github.com/Archerber/bug_submit/blob/main/TP-Link/TL-WDR7660/2.md,2.3,2023-10-25
Tp-Link,Networking Device,tl-wdr7660,CVE-2023-46373,TP-Link TL-WDR7660 2.0.30 has a stack overflow vulnerability via the function deviceInfoJsonToBincauses.,Network,https://github.com/Archerber/bug_submit/blob/main/TP-Link/TL-WDR7660/3.md,2.3,2023-10-25
Tp-Link,Networking Device,tl-wr886n,CVE-2023-46520,TP-LINK TL-WR886N V7.0_3.0.14_Build_221115_Rel.56908n.bin was discovered to contain a stack overflow via the function uninstallPluginReqHandle.,Network,https://resource.tp-link.com.cn/pc/docCenter/showDoc?id=1676623713687165 | https://github.com/XYIYM/Digging/blob/main/TP-LINK/TL-WR886N/1/1.md,2.3,2023-10-25
Tp-Link,Networking Device,tl-wr886n,CVE-2023-46521,TP-LINK TL-WR886N V7.0_3.0.14_Build_221115_Rel.56908n.bin was discovered to contain a stack overflow via the function RegisterRegister.,Network,https://resource.tp-link.com.cn/pc/docCenter/showDoc?id=1676623713687165 | https://github.com/XYIYM/Digging/blob/main/TP-LINK/TL-WR886N/11/1.md,2.3,2023-10-25
Tp-Link,Networking Device,tl-wr886n,CVE-2023-46522,TP-LINK device TL-WR886N V7.0_3.0.14_Build_221115_Rel.56908n.bin and TL-WDR7660 2.0.30 were discovered to contain a stack overflow via the function deviceInfoRegister.,Network,https://github.com/XYIYM/Digging/blob/main/TP-LINK/TL-WR886N/2/1.md | https://resource.tp-link.com.cn/pc/docCenter/showDoc?id=1676623713687165,2.3,2023-10-25
Tp-Link,Networking Device,tl-wr886n,CVE-2023-46523,TP-LINK TL-WR886N V7.0_3.0.14_Build_221115_Rel.56908n.bin was discovered to contain a stack overflow via the function upgradeInfoRegister.,Network,https://resource.tp-link.com.cn/pc/docCenter/showDoc?id=1676623713687165 | https://github.com/XYIYM/Digging/blob/main/TP-LINK/TL-WR886N/3/1.md,2.3,2023-10-25
Tp-Link,Networking Device,tl-wr886n,CVE-2023-46525,TP-LINK TL-WR886N V7.0_3.0.14_Build_221115_Rel.56908n.bin was discovered to contain a stack overflow via the function loginRegister.,Network,https://github.com/XYIYM/Digging/blob/main/TP-LINK/TL-WR886N/12/1.md | https://resource.tp-link.com.cn/pc/docCenter/showDoc?id=1676623713687165,2.3,2023-10-25
Tp-Link,Networking Device,tl-wr886n,CVE-2023-46526,TP-LINK TL-WR886N V7.0_3.0.14_Build_221115_Rel.56908n.bin was discovered to contain a stack overflow via the function resetCloudPwdRegister.,Network,https://resource.tp-link.com.cn/pc/docCenter/showDoc?id=1676623713687165 | https://github.com/XYIYM/Digging/blob/main/TP-LINK/TL-WR886N/10/1.md,2.3,2023-10-25
Tp-Link,Networking Device,tl-wr886n,CVE-2023-46527,TP-LINK TL-WR886N V7.0_3.0.14_Build_221115_Rel.56908n.bin and TL-WDR7660 2.0.30 was discovered to contain a stack overflow via the function bindRequestHandle.,Network,https://resource.tp-link.com.cn/pc/docCenter/showDoc?id=1676623713687165 | https://github.com/XYIYM/Digging/blob/main/TP-LINK/TL-WR886N/13/1.md,2.3,2023-10-25
Tp-Link,Networking Device,tl-wr886n,CVE-2023-46534,TP-LINK TL-WR886N V7.0_3.0.14_Build_221115_Rel.56908n.bin was discovered to contain a stack overflow via the function modifyAccPwdRegister.,Network,https://resource.tp-link.com.cn/pc/docCenter/showDoc?id=1676623713687165 | https://github.com/XYIYM/Digging/blob/main/TP-LINK/TL-WR886N/9/1.md,2.3,2023-10-25
Tp-Link,Networking Device,tl-wr886n,CVE-2023-46535,TP-LINK TL-WR886N V7.0_3.0.14_Build_221115_Rel.56908n.bin was discovered to contain a stack overflow via the function getResetVeriRegister.,Network,https://resource.tp-link.com.cn/pc/docCenter/showDoc?id=1676623713687165 | https://github.com/XYIYM/Digging/blob/main/TP-LINK/TL-WR886N/6/1.md,2.3,2023-10-25
Tp-Link,Networking Device,tl-wr886n,CVE-2023-46536,TP-LINK TL-WR886N V7.0_3.0.14_Build_221115_Rel.56908n.bin was discovered to contain a stack overflow via the function chkRegVeriRegister.,Network,https://resource.tp-link.com.cn/pc/docCenter/showDoc?id=1676623713687165 | https://github.com/XYIYM/Digging/blob/main/TP-LINK/TL-WR886N/5/1.md,2.3,2023-10-25
Tp-Link,Networking Device,tl-wr886n,CVE-2023-46537,TP-LINK TL-WR886N V7.0_3.0.14_Build_221115_Rel.56908n.bin was discovered to contain a stack overflow via the function getRegVeriRegister.,Network,https://resource.tp-link.com.cn/pc/docCenter/showDoc?id=1676623713687165 | https://github.com/XYIYM/Digging/blob/main/TP-LINK/TL-WR886N/7/1.md,2.3,2023-10-25
Tp-Link,Networking Device,tl-wr886n,CVE-2023-46538,TP-LINK TL-WR886N V7.0_3.0.14_Build_221115_Rel.56908n.bin was discovered to contain a stack overflow via the function chkResetVeriRegister.,Network,https://resource.tp-link.com.cn/pc/docCenter/showDoc?id=1676623713687165 | https://github.com/XYIYM/Digging/blob/main/TP-LINK/TL-WR886N/4/1.md,2.3,2023-10-25
Tp-Link,Networking Device,tl-wr886n,CVE-2023-46539,TP-LINK TL-WR886N V7.0_3.0.14_Build_221115_Rel.56908n.bin was discovered to contain a stack overflow via the function registerRequestHandle.,Network,https://resource.tp-link.com.cn/pc/docCenter/showDoc?id=1676623713687165 | https://github.com/XYIYM/Digging/blob/main/TP-LINK/TL-WR886N/8/1.md,2.3,2023-10-25
Tp-Link,Router,er7206,CVE-2023-46683,A  post authentication command injection vulnerability exists when configuring the wireguard VPN functionality of Tp-Link ER7206 Omada Gigabit VPN Router 1.3.0 build 20230322 Rel.70591. A specially crafted HTTP request can lead to arbitrary command injection . An attacker can make an authenticated HTTP request to trigger this vulnerability.,,Not provided,2.3,2024-02-06
Tp-Link,Router,er7206,CVE-2023-47167,A post authentication command injection vulnerability exists in the GRE policy functionality of Tp-Link ER7206 Omada Gigabit VPN Router 1.3.0 build 20230322 Rel.70591. A specially crafted HTTP request can lead to arbitrary command injection. An attacker can make an authenticated HTTP request to trigger this vulnerability.,,Not provided,2.3,2024-02-06
Tp-Link,Router,er7206,CVE-2023-47209,A post authentication command injection vulnerability exists in the ipsec policy functionality of Tp-Link ER7206 Omada Gigabit VPN Router 1.3.0 build 20230322 Rel.70591. A specially crafted HTTP request can lead to arbitrary command injection. An attacker can make an authenticated HTTP request to trigger this vulnerability.,,Not provided,2.3,2024-02-06
Tp-Link,Router,er7206,CVE-2023-47617,A post authentication command injection vulnerability exists when configuring the web group member of Tp-Link ER7206 Omada Gigabit VPN Router 1.3.0 build 20230322 Rel.70591. A specially crafted HTTP request can lead to arbitrary command injection. An attacker can make an authenticated HTTP request to trigger this vulnerability.,,Not provided,2.3,2024-02-06
Tp-Link,Router,er7206,CVE-2023-47618,A post authentication command execution vulnerability exists in the web filtering functionality of Tp-Link ER7206 Omada Gigabit VPN Router 1.3.0 build 20230322 Rel.70591. A specially crafted HTTP request can lead to arbitrary command execution. An attacker can make an authenticated HTTP request to trigger this vulnerability.,,Not provided,2.3,2024-02-06
Tp-Link,Networking Device,Unknown,CVE-2023-48724,A memory corruption vulnerability exists in the web interface functionality of Tp-Link AC1350 Wireless MU-MIMO Gigabit Access Point (EAP225 V3) v5.1.0 Build 20220926. A specially crafted HTTP POST request can lead to denial of service of the device's web interface. An attacker can send an unauthenticated HTTP POST request to trigger this vulnerability.,,Not provided,unknown versions,2024-04-09
Tp-Link,Networking Device,Unknown,CVE-2023-49074,A denial of service vulnerability exists in the TDDP functionality of Tp-Link AC1350 Wireless MU-MIMO Gigabit Access Point (EAP225 V3) v5.1.0 Build 20220926. A specially crafted series of network requests can lead to reset to factory settings. An attacker can send a sequence of unauthenticated packets to trigger this vulnerability.,,Not provided,unknown versions,2024-04-09
Tp-Link,Networking Device,Unknown,CVE-2023-49133,A command execution vulnerability exists in the tddpd enable_test_mode functionality of Tp-Link AC1350 Wireless MU-MIMO Gigabit Access Point (EAP225 V3) v5.1.0 Build 20220926 and Tp-Link N300 Wireless Access Point (EAP115 V4) v5.0.4 Build 20220216. A specially crafted series of network requests can lead to arbitrary command execution. An attacker can send a sequence of unauthenticated packets to trigger this vulnerability.This vulnerability impacts `uclited` on the EAP225(V3) 5.1.0 Build 20220926 of the AC1350 Wireless MU-MIMO Gigabit Access Point.,,Not provided,unknown versions,2024-04-09
Tp-Link,Networking Device,Unknown,CVE-2023-49134,A command execution vulnerability exists in the tddpd enable_test_mode functionality of Tp-Link AC1350 Wireless MU-MIMO Gigabit Access Point (EAP225 V3) v5.1.0 Build 20220926 and Tp-Link N300 Wireless Access Point (EAP115 V4) v5.0.4 Build 20220216. A specially crafted series of network requests can lead to arbitrary command execution. An attacker can send a sequence of unauthenticated packets to trigger this vulnerability.This vulnerability impacts `uclited` on the EAP115(V4) 5.0.4 Build 20220216 of the N300 Wireless Gigabit Access Point.,,Not provided,unknown versions,2024-04-09
Tp-Link,Smart Home Device,"tapo_c200_firmware,tapo_tc70",CVE-2023-49515,Insecure Permissiosn vulnerability in TP Link TC70 and C200 WIFI Camera v.3 firmware v.1.3.4 and fixed in v.1.3.11 allows a physically proximate attacker to obtain sensitive information via a connection to the UART pin components.,Physical,Not provided,"2.3, 2.3, 2.3, 2.3, 2.3, 2.3",2024-01-17
Tp-Link,Networking Device,Unknown,CVE-2023-49906,A stack-based buffer overflow vulnerability exists in the web interface Radio Scheduling functionality of Tp-Link AC1350 Wireless MU-MIMO Gigabit Access Point (EAP225 V3) v5.1.0 Build 20220926. A specially crafted series of HTTP requests can lead to remote code execution. An attacker can make an authenticated HTTP request to trigger this vulnerability.This vulnerability refers specifically to the overflow that occurs via the `ssid` parameter at offset `0x0045ab7c` of the `httpd_portal` binary shipped with v5.1.0 Build 20220926 of the EAP225.,,Not provided,unknown versions,2024-04-09
Tp-Link,Networking Device,Unknown,CVE-2023-49907,A stack-based buffer overflow vulnerability exists in the web interface Radio Scheduling functionality of Tp-Link AC1350 Wireless MU-MIMO Gigabit Access Point (EAP225 V3) v5.1.0 Build 20220926. A specially crafted series of HTTP requests can lead to remote code execution. An attacker can make an authenticated HTTP request to trigger this vulnerability.This vulnerability refers specifically to the overflow that occurs via the `band` parameter at offset `0x0045aad8` of the `httpd_portal` binary shipped with v5.1.0 Build 20220926 of the EAP225.,,Not provided,unknown versions,2024-04-09
Tp-Link,Networking Device,Unknown,CVE-2023-49908,A stack-based buffer overflow vulnerability exists in the web interface Radio Scheduling functionality of Tp-Link AC1350 Wireless MU-MIMO Gigabit Access Point (EAP225 V3) v5.1.0 Build 20220926. A specially crafted series of HTTP requests can lead to remote code execution. An attacker can make an authenticated HTTP request to trigger this vulnerability.This vulnerability refers specifically to the overflow that occurs via the `profile` parameter at offset `0x0045abc8` of the `httpd_portal` binary shipped with v5.1.0 Build 20220926 of the EAP225.,,Not provided,unknown versions,2024-04-09
Tp-Link,Networking Device,Unknown,CVE-2023-49909,A stack-based buffer overflow vulnerability exists in the web interface Radio Scheduling functionality of Tp-Link AC1350 Wireless MU-MIMO Gigabit Access Point (EAP225 V3) v5.1.0 Build 20220926. A specially crafted series of HTTP requests can lead to remote code execution. An attacker can make an authenticated HTTP request to trigger this vulnerability.This vulnerability refers specifically to the overflow that occurs via the `action` parameter at offset `0x0045ab38` of the `httpd_portal` binary shipped with v5.1.0 Build 20220926 of the EAP225.,,Not provided,unknown versions,2024-04-09
Tp-Link,Networking Device,Unknown,CVE-2023-49910,A stack-based buffer overflow vulnerability exists in the web interface Radio Scheduling functionality of Tp-Link AC1350 Wireless MU-MIMO Gigabit Access Point (EAP225 V3) v5.1.0 Build 20220926. A specially crafted series of HTTP requests can lead to remote code execution. An attacker can make an authenticated HTTP request to trigger this vulnerability.This vulnerability refers specifically to the overflow that occurs via the `ssid` parameter at offset `0x42247c` of the `httpd` binary shipped with v5.0.4 Build 20220216 of the EAP115.,,Not provided,unknown versions,2024-04-09
Tp-Link,Networking Device,Unknown,CVE-2023-49911,A stack-based buffer overflow vulnerability exists in the web interface Radio Scheduling functionality of Tp-Link AC1350 Wireless MU-MIMO Gigabit Access Point (EAP225 V3) v5.1.0 Build 20220926. A specially crafted series of HTTP requests can lead to remote code execution. An attacker can make an authenticated HTTP request to trigger this vulnerability.This vulnerability refers specifically to the overflow that occurs via the `band` parameter at offset `0x422420` of the `httpd` binary shipped with v5.0.4 Build 20220216 of the EAP115.,,Not provided,unknown versions,2024-04-09
Tp-Link,Networking Device,Unknown,CVE-2023-49912,A stack-based buffer overflow vulnerability exists in the web interface Radio Scheduling functionality of Tp-Link AC1350 Wireless MU-MIMO Gigabit Access Point (EAP225 V3) v5.1.0 Build 20220926. A specially crafted series of HTTP requests can lead to remote code execution. An attacker can make an authenticated HTTP request to trigger this vulnerability.This vulnerability refers specifically to the overflow that occurs via the `profile` parameter at offset `0x4224b0` of the `httpd` binary shipped with v5.0.4 Build 20220216 of the EAP115.,,Not provided,unknown versions,2024-04-09
Tp-Link,Networking Device,Unknown,CVE-2023-49913,A stack-based buffer overflow vulnerability exists in the web interface Radio Scheduling functionality of Tp-Link AC1350 Wireless MU-MIMO Gigabit Access Point (EAP225 V3) v5.1.0 Build 20220926. A specially crafted series of HTTP requests can lead to remote code execution. An attacker can make an authenticated HTTP request to trigger this vulnerability.This vulnerability refers specifically to the overflow that occurs via the `action` parameter at offset `0x422448` of the `httpd` binary shipped with v5.0.4 Build 20220216 of the EAP115.,,Not provided,unknown versions,2024-04-09
Tp-Link,Networking Device,Unknown,CVE-2023-50224,"TP-Link TL-WR841N dropbearpwd Improper Authentication Information Disclosure Vulnerability. This vulnerability allows network-adjacent attackers to disclose sensitive information on affected installations of TP-Link TL-WR841N routers. Authentication is not required to exploit this vulnerability.

The specific flaw exists within the httpd service, which listens on TCP port 80 by default. The issue results from improper authentication. An attacker can leverage this vulnerability to disclose stored credentials, leading to further compromise.
. Was ZDI-CAN-19899.",,https://www.tp-link.com/en/support/download/tl-wr841n/v12/#Firmware,unknown versions,2024-05-03
Tp-Link,Networking Device,Unknown,CVE-2023-50225,"TP-Link TL-WR902AC dm_fillObjByStr Stack-based Buffer Overflow Remote Code Execution Vulnerability. This vulnerability allows network-adjacent attackers to execute arbitrary code on affected installations of TP-Link TL-WR902AC routers. Authentication is required to exploit this vulnerability.

The specific flaw exists within the libcmm.so module. The issue results from the lack of proper validation of the length of user-supplied data prior to copying it to a fixed-length stack-based buffer. An attacker can leverage this vulnerability to execute code in the context of root.
. Was ZDI-CAN-21819.",,https://www.tp-link.com/ca/support/download/tl-wr902ac/v3/#Firmware,unknown versions,2024-05-03
Tp-Link,Networking Device,Unknown,CVE-2023-6437,"Improper Neutralization of Special Elements used in an OS Command ('OS Command Injection') vulnerability in TP-Link TP-Link EX20v AX1800, Tp-Link Archer C5v AC1200, Tp-Link TD-W9970, Tp-Link TD-W9970v3, TP-Link VX220-G2u, TP-Link VN020-G2u allows authenticated OS Command Injection.This issue affects TP-Link EX20v AX1800, Tp-Link Archer C5v AC1200, Tp-Link TD-W9970, Tp-Link TD-W9970v3 : through 20240328. Also  the vulnerability continues in the TP-Link VX220-G2u and TP-Link VN020-G2u models due to the products not being produced and supported.

",,Not provided,unknown versions,2024-03-28
Tp-Link,Networking Device,Unknown,CVE-2025-0729,A vulnerability was found in TP-Link TL-SG108E 1.0.0 Build 20201208 Rel. 40304. It has been rated as problematic. This issue affects some unknown processing. The manipulation leads to clickjacking. The attack may be initiated remotely. Upgrading to version 1.0.0 Build 20250124 Rel. 54920(Beta) is able to address this issue. It is recommended to upgrade the affected component. The vendor was contacted early. They reacted very professional and provided a pre-fix version for their customers.,Network,https://github.com/TheCyberDiver/Public-Disclosures-CVE-/blob/main/tp-link%20clickjacking.md | https://vuldb.com/?id.293507 | https://static.tp-link.com/upload/beta/2025/202501/20250124/TL-SG108E(UN)%206.0_1.0.0%20Build%2020250124%20Rel.54920(Beta)_up.zip | https://www.tp-link.com/ | https://vuldb.com/?submit.478451,unknown versions,2025-01-27
Tp-Link,Networking Device,Unknown,CVE-2025-0730,A vulnerability classified as problematic has been found in TP-Link TL-SG108E 1.0.0 Build 20201208 Rel. 40304. Affected is an unknown function of the file /usr_account_set.cgi of the component HTTP GET Request Handler. The manipulation of the argument username/password leads to use of get request method with sensitive query strings. It is possible to launch the attack remotely. The complexity of an attack is rather high. The exploitability is told to be difficult. The exploit has been disclosed to the public and may be used. Upgrading to version 1.0.0 Build 20250124 Rel. 54920(Beta) is able to address this issue. It is recommended to upgrade the affected component. The vendor was contacted early. They reacted very professional and provided a pre-fix version for their customers.,Network,https://github.com/TheCyberDiver/Public-Disclosures-CVE-/blob/main/tp-link%20sensitive%20info%20in%20GET.md | https://static.tp-link.com/upload/beta/2025/202501/20250124/TL-SG108E(UN)%206.0_1.0.0%20Build%2020250124%20Rel.54920(Beta)_up.zip | https://vuldb.com/?id.293508 | https://www.tp-link.com/ | https://vuldb.com/?submit.478465,unknown versions,2025-01-27
Tp-Link,Networking Device,tl-wr841nd,CVE-2025-25897,A buffer overflow vulnerability was discovered in TP-Link TL-WR841ND V11 via the 'ip' parameter at /userRpm/WanStaticIpV6CfgRpm.htm. This vulnerability allows attackers to cause a Denial of Service (DoS) via a crafted packet.,Network,https://github.com/2664521593/mycve/blob/main/TP-Link/BOF_in_TP-Link_TL-WR841ND-V11_3.pdf,2.3,2025-02-13
Tp-Link,Networking Device,tl-wr841nd,CVE-2025-25898,A buffer overflow vulnerability was discovered in TP-Link TL-WR841ND V11 via the pskSecret parameter at /userRpm/WlanSecurityRpm.htm. This vulnerability allows attackers to cause a Denial of Service (DoS) via a crafted packet.,Network,https://github.com/2664521593/mycve/blob/main/TP-Link/BOF_in_TP-Link_TL-WR841ND-V11_1.pdf,2.3,2025-02-13
Tp-Link,Networking Device,Unknown,CVE-2025-25899,A buffer overflow vulnerability was discovered in TP-Link TL-WR841ND V11 via the 'gw' parameter at /userRpm/WanDynamicIpV6CfgRpm.htm. This vulnerability allows attackers to cause a Denial of Service (DoS) via a crafted packet.,,https://github.com/2664521593/mycve/blob/main/TP-Link/BOF_in_TP-Link_TL-WR841ND-V11_2.pdf,unknown versions,2025-02-13
Tp-Link,Networking Device,Unknown,CVE-2025-25900,A buffer overflow vulnerability was discovered in TP-Link TL-WR841ND V11 via the username and password parameters at /userRpm/PPPoEv6CfgRpm.htm. This vulnerability allows attackers to cause a Denial of Service (DoS) via a crafted packet.,,https://github.com/2664521593/mycve/blob/main/TP-Link/BOF_in_TP-Link_TL-WR841ND-V11_4.pdf,unknown versions,2025-02-13
Tp-Link,Networking Device,tl-wr841nd,CVE-2025-25901,"A buffer overflow vulnerability was discovered in TP-Link TL-WR841ND V11, triggered by the dnsserver1 and dnsserver2 parameters at /userRpm/WanSlaacCfgRpm.htm. This vulnerability allows attackers to cause a Denial of Service (DoS) via a crafted packet.",Network,https://github.com/2664521593/mycve/blob/main/TP-Link/BOF_in_TP-Link_TL-WR841ND-V11_5.pdf,2.3,2025-02-13
Tp-Link,Networking Device,Unknown,CVE-2025-29653,"SQL Injection vulnerability exists in the TP-Link M7450 4G LTE Mobile Wi-Fi Router Firmware Version: 1.0.2 Build 170306 Rel.1015n, allowing an unauthenticated attacker to inject malicious SQL statements via the username and password fields.",,Not provided,unknown versions,2025-04-16
Tp-Link,Networking Device,Unknown,CVE-2025-29652,"SQL Injection vulnerability exists in the TP-Link M7000 4G LTE Mobile Wi-Fi Router Firmware Version: 1.0.7 Build 180127 Rel.55998n, allowing an unauthenticated attacker to inject malicious SQL statements via the username and password fields",,Not provided,unknown versions,2025-04-16
Tp-Link,Networking Device,Unknown,CVE-2025-29651,"SQL Injection vulnerability exists in the TP-Link M7650 4G LTE Mobile Wi-Fi Router Firmware Version: 1.0.7 Build 170623 Rel.1022n, allowing an unauthenticated attacker to inject malicious SQL statements via the username and password fields.",,Not provided,unknown versions,2025-04-16
Tp-Link,Networking Device,Unknown,CVE-2025-29650,"SQL Injection vulnerability exists in the TP-Link M7200 4G LTE Mobile Wi-Fi Router Firmware Version: 1.0.7 Build 180127 Rel.55998n, allowing an unauthenticated attacker to inject malicious SQL statements via the username and password fields.",,Not provided,unknown versions,2025-04-16
Tp-Link,Networking Device,Unknown,CVE-2025-29649,"SQL Injection vulnerability exists in the TP-Link TL-WR840N router s login dashboard (version 1.0), allowing an unauthenticated attacker to inject malicious SQL statements via the username and password fields.",,Not provided,unknown versions,2025-04-16
Tp-Link,Networking Device,Unknown,CVE-2025-29648,"SQL Injection vulnerability exists in the TP-Link EAP120 router s login dashboard (version 1.0), allowing an unauthenticated attacker to inject malicious SQL statements via the login fields.",,Not provided,unknown versions,2025-04-16
Tp-Link,Networking Device,Unknown,CVE-2025-32107,"OS command injection vulnerability exists in Deco BE65 Pro firmware versions prior to ""Deco BE65 Pro(JP)_V1_1.1.2 Build 20250123"". If this vulnerability is exploited, an arbitrary OS command may be executed by the user who can log in to the device.",,https://www.tp-link.com/jp/support/download/deco-be65-pro/#Firmware,unknown versions,2025-04-11
Tp-Link,Networking Device,Unknown,CVE-2025-3442,This vulnerability exists in TP-Link Tapo H200 V1  IoT Smart Hub due to storage of Wi-Fi credentials in plain text within the device firmware. An attacker with physical access could exploit this by extracting the firmware and analyzing the binary data to obtain the Wi-Fi credentials stored on the vulnerable device.,,Not provided,unknown versions,2025-04-09
Tp-Link,Networking Device,tl-wr940n,CVE-2025-6151,"A vulnerability, which was classified as critical, has been found in TP-Link TL-WR940N V4. Affected by this issue is some unknown functionality of the file /userRpm/WanSlaacCfgRpm.htm. The manipulation of the argument dnsserver1 leads to buffer overflow. The attack may be launched remotely. The exploit has been disclosed to the public and may be used. This vulnerability only affects products that are no longer supported by the maintainer.",,https://www.tp-link.com/ | https://vuldb.com/?id.312626 | https://vuldb.com/?submit.593031,2.3,2025-06-17
Tp-Link,Networking Device,wr841n,CVE-2025-25427,A stored cross-site scripting (XSS) vulnerability in the upnp.htm page of the web Interface in TP-Link WR841N v14/v14.6/v14.8 <= Build 241230 Rel. 50788n allows remote attackers to inject arbitrary JavaScript code via the port mapping description. This leads to an execution of the JavaScript payload when the upnp page is loaded.,Network,https://www.tp-link.com/us/support/download/tl-wr841n/#Firmware | https://www.tp-link.com/us/support/faq/4415/,"2.3, up to 241230",2025-04-18
