设备品牌,设备类型,产品型号,CVE编号,漏洞描述,攻击向量,厂商补丁链接,受影响版本,公开日期
D-Link,Router,"DIR-822, DIR-615, DAP-1360, DIR-615T, DIR-815\/AC, DIR-X1530, DWM-312W, DIR-816, DWR-953, DIR-825ACG1, DIR-825AC, DSL-2750U, DIR-615GF, DIR-806A, DSL-224, DWR-921, DIR-1260, DIR-820, DWM-321, DIR-815, DIR-842, DSL-G2452GR, DSL-2640U, DVG-5402G, DIR-843, DIR-1210, DIR-841, DVG-N5402G, DIR-X1860, DVG-N5402G\/IL, DIR-878, DIR-615S, DIR-815S, DVG-5402G\/GFRU, DIR-842S, DIR-853, DIR-620, DIR-825ACF, DSL-245GR, DIR-825, DIR-620S, DIR-882, DIR-300, DIR-2150",CVE-2024-0717,"A vulnerability classified as critical was found in D-Link DAP-1360, DIR-300, DIR-615, DIR-615GF, DIR-615S, DIR-615T, DIR-620, DIR-620S, DIR-806A, DIR-815, DIR-815AC, DIR-815S, DIR-816, DIR-820, DIR-822, DIR-825, DIR-825AC, DIR-825ACF, DIR-825ACG1, DIR-841, DIR-842, DIR-842S, DIR-843, DIR-853, DIR-878, DIR-882, DIR-1210, DIR-1260, DIR-2150, DIR-X1530, DIR-X1860, DSL-224, DSL-245GR, DSL-2640U, DSL-2750U, DSL-G2452GR, DVG-5402G, DVG-5402G, DVG-5402GFRU, DVG-N5402G, DVG-N5402G-IL, DWM-312W, DWM-321, DWR-921, DWR-953 and Good Line Router v2 up to 20240112. This vulnerability affects unknown code of the file /devinfo of the component HTTP GET Request Handler. The manipulation of the argument area with the input notice|net|version leads to information disclosure. The attack can be initiated remotely. The exploit has been disclosed to the public and may be used. VDB-251542 is the identifier assigned to this vulnerability.",Network,Not provided,2.3,2024-01-19
D-Link,Router,DIR-859,CVE-2024-0769,** UNSUPPORTED WHEN ASSIGNED ** A vulnerability was found in D-Link DIR-859 1.06B01. It has been rated as critical. Affected by this issue is some unknown functionality of the file /hedwig.cgi of the component HTTP POST Request Handler. The manipulation of the argument service with the input ../../../../htdocs/webinc/getcfg/DHCPS6.BRIDGE-1.xml leads to path traversal. The attack may be launched remotely. The exploit has been disclosed to the public and may be used. VDB-251666 is the identifier assigned to this vulnerability. NOTE: This vulnerability only affects products that are no longer supported by the maintainer. NOTE: Vendor was contacted early and confirmed immediately that the product is end-of-life. It should be retired and replaced.,Network,https://supportannouncement.us.dlink.com/announcement/publication.aspx?name=SAP10371,2.3,2024-01-21
D-Link,Router,DIR-816_A2,CVE-2024-0921,A vulnerability has been found in D-Link DIR-816 A2 1.10CNB04 and classified as critical. Affected by this vulnerability is an unknown functionality of the file /goform/setDeviceSettings of the component Web Interface. The manipulation of the argument statuscheckpppoeuser leads to os command injection. The attack can be launched remotely. The exploit has been disclosed to the public and may be used. The associated identifier of this vulnerability is VDB-252139.,Network,Not provided,2.3,2024-01-26
D-Link,Access Point,"DNS-325, DNS-340L, DNS-320, DNS-320LW",CVE-2024-10914,"A vulnerability was found in D-Link DNS-320, DNS-320LW, DNS-325 and DNS-340L up to 20241028. It has been declared as critical. Affected by this vulnerability is the function cgi_user_add of the file /cgi-bin/account_mgr.cgi?cmd=cgi_user_add. The manipulation of the argument name leads to os command injection. The attack can be launched remotely. The complexity of an attack is rather high. The exploitation appears to be difficult. The exploit has been disclosed to the public and may be used.",Network,https://www.bleepingcomputer.com/news/security/d-link-wont-fix-critical-flaw-affecting-60-000-older-nas-devices/ | https://www.dlink.com/,2.3,2024-11-06
D-Link,Network Storage,"DNS-325, DNS-340L, DNS-320, DNS-320LW",CVE-2024-10915,"A vulnerability was found in D-Link DNS-320, DNS-320LW, DNS-325 and DNS-340L up to 20241028. It has been rated as critical. Affected by this issue is the function cgi_user_add of the file /cgi-bin/account_mgr.cgi?cmd=cgi_user_add. The manipulation of the argument group leads to os command injection. The attack may be launched remotely. The complexity of an attack is rather high. The exploitation is known to be difficult. The exploit has been disclosed to the public and may be used.",Network,https://www.dlink.com/,2.3,2024-11-06
D-Link,Network Storage,"DNS-325, DNS-340L, DNS-320, DNS-320LW",CVE-2024-10916,"A vulnerability classified as problematic has been found in D-Link DNS-320, DNS-320LW, DNS-325 and DNS-340L up to 20241028. This affects an unknown part of the file /xml/info.xml of the component HTTP GET Request Handler. The manipulation leads to information disclosure. It is possible to initiate the attack remotely. The exploit has been disclosed to the public and may be used.",Network,https://www.dlink.com/,2.3,2024-11-06
D-Link,Networking Device,DI-8003,CVE-2024-11046,A vulnerability was found in D-Link DI-8003 16.07.16A1. It has been classified as critical. Affected is the function upgrade_filter_asp of the file /upgrade_filter.asp. The manipulation of the argument path leads to os command injection. It is possible to launch the attack remotely. The exploit has been disclosed to the public and may be used.,Network,https://www.dlink.com/,2.3,2024-11-10
D-Link,Networking Device,DI-8003,CVE-2024-11047,A vulnerability was found in D-Link DI-8003 16.07.16A1. It has been declared as critical. Affected by this vulnerability is the function upgrade_filter_asp of the file /upgrade_filter.asp. The manipulation of the argument path leads to stack-based buffer overflow. The attack can be launched remotely. The exploit has been disclosed to the public and may be used.,Network,https://www.dlink.com/,2.3,2024-11-10
D-Link,Networking Device,DI-8003,CVE-2024-11048,A vulnerability was found in D-Link DI-8003 16.07.16A1. It has been rated as critical. Affected by this issue is the function dbsrv_asp of the file /dbsrv.asp. The manipulation of the argument str leads to stack-based buffer overflow. The attack may be launched remotely. The exploit has been disclosed to the public and may be used.,Network,https://www.dlink.com/,2.3,2024-11-10
D-Link,Modem,DSL6740C,CVE-2024-11062,"The D-Link DSL6740C modem has an OS Command Injection vulnerability, allowing remote attackers with administrator privileges to inject and execute arbitrary system commands through a specific functionality provided by SSH and Telnet.",Network,Not provided,2.3,2024-11-11
D-Link,Modem,DSL6740C,CVE-2024-11063,"The D-Link DSL6740C modem has an OS Command Injection vulnerability, allowing remote attackers with administrator privileges to inject and execute arbitrary system commands through a specific functionality provided by SSH and Telnet.",Network,Not provided,2.3,2024-11-11
D-Link,Modem,DSL6740C,CVE-2024-11064,"The D-Link DSL6740C modem has an OS Command Injection vulnerability, allowing remote attackers with administrator privileges to inject and execute arbitrary system commands through a specific functionality provided by SSH and Telnet.",Network,Not provided,2.3,2024-11-11
D-Link,Modem,DSL6740C,CVE-2024-11065,"The D-Link DSL6740C modem has an OS Command Injection vulnerability, allowing remote attackers with administrator privileges to inject and execute arbitrary system commands through a specific functionality provided by SSH and Telnet.",Network,Not provided,2.3,2024-11-11
D-Link,Modem,DSL6740C,CVE-2024-11066,"The D-Link DSL6740C modem has an OS Command Injection vulnerability, allowing remote attackers with administrator privileges to inject and execute arbitrary system commands through the specific web page.",Network,https://www.bleepingcomputer.com/news/security/d-link-wont-fix-critical-bug-in-60-000-exposed-eol-modems/,2.3,2024-11-11
D-Link,Modem,DSL6740C,CVE-2024-11067,"The D-Link DSL6740C modem has a Path Traversal Vulnerability, allowing unauthenticated remote attackers to exploit this vulnerability to read arbitrary system files. Additionally, since the device's default password is a combination of the MAC address, attackers can obtain the MAC address through this vulnerability and attempt to log in to the device using the default password.",Network,https://www.bleepingcomputer.com/news/security/d-link-wont-fix-critical-bug-in-60-000-exposed-eol-modems/,2.3,2024-11-11
D-Link,Access Point,DSL6740C,CVE-2024-11068,"The D-Link DSL6740C modem has an Incorrect Use of Privileged APIs vulnerability, allowing unauthenticated remote attackers to modify any user’s password by leveraging the API, thereby granting access to Web, SSH, and Telnet services using that user’s account.",Network,https://www.bleepingcomputer.com/news/security/d-link-wont-fix-critical-bug-in-60-000-exposed-eol-modems/,2.3,2024-11-11
D-Link,Router,DIR-605L,CVE-2024-11959,A vulnerability was found in D-Link DIR-605L 2.13B01. It has been classified as critical. This affects the function formResetStatistic of the file /goform/formResetStatistic. The manipulation of the argument curTime leads to buffer overflow. It is possible to initiate the attack remotely. The exploit has been disclosed to the public and may be used.,Network,https://supportannouncement.us.dlink.com/security/publication.aspx?name=SAP10393 | https://www.dlink.com/,2.3,2024-11-28
D-Link,Router,DIR-605L,CVE-2024-11960,A vulnerability was found in D-Link DIR-605L 2.13B01. It has been declared as critical. This vulnerability affects the function formSetPortTr of the file /goform/formSetPortTr. The manipulation of the argument curTime leads to buffer overflow. The attack can be initiated remotely. The exploit has been disclosed to the public and may be used.,Network,https://supportannouncement.us.dlink.com/security/publication.aspx?name=SAP10393 | https://www.dlink.com/,2.3,2024-11-28
D-Link,Access Point,Unknown,CVE-2024-12415,"The The AI Infographic Maker plugin for WordPress is vulnerable to arbitrary shortcode execution in all versions up to, and including, 4.9.0. This is due to the software allowing users to execute an action that does not properly validate a value before running do_shortcode. This makes it possible for unauthenticated attackers to execute arbitrary shortcodes.",,Not provided,4.9.0.,2025-01-31
D-Link,Networking Device,Unknown,CVE-2024-12417,"The The Simple Link Directory plugin for WordPress is vulnerable to arbitrary shortcode execution in all versions up to, and including, 8.4.0. This is due to the software allowing users to execute an action that does not properly validate a value before running do_shortcode. This makes it possible for unauthenticated attackers to execute arbitrary shortcodes.",Network,Not provided,8.4.0.,2024-12-13
D-Link,Access Point,DIR-823G,CVE-2024-13030,A vulnerability was found in D-Link DIR-823G 1.0.2B05_20181207. It has been rated as critical. This issue affects the function SetAutoRebootSettings/SetClientInfo/SetDMZSettings/SetFirewallSettings/SetParentsControlInfo/SetQoSSettings/SetVirtualServerSettings of the file /HNAP1/ of the component Web Management Interface. The manipulation leads to improper access controls. The attack may be initiated remotely. The exploit has been disclosed to the public and may be used.,Network,https://www.dlink.com.cn/about/article/news?id=2247 | https://www.dlink.com/,1.0.2B05_20181207.,2024-12-30
D-Link,Router,DIR-816,CVE-2024-13102,A vulnerability classified as critical was found in D-Link DIR-816 A2 1.10CNB05_R1B011D88210. This vulnerability affects unknown code of the file /goform/DDNS of the component DDNS Service. The manipulation leads to improper access controls. The attack can be initiated remotely. The exploit has been disclosed to the public and may be used.,Network,https://www.dlink.com/,1.10CNB05_R1B011D88210.,2025-01-02
D-Link,Router,DIR-816,CVE-2024-13103,"A vulnerability, which was classified as critical, has been found in D-Link DIR-816 A2 1.10CNB05_R1B011D88210. This issue affects some unknown processing of the file /goform/form2AddVrtsrv.cgi of the component Virtual Service Handler. The manipulation leads to improper access controls. The attack may be initiated remotely. The exploit has been disclosed to the public and may be used.",Network,https://www.dlink.com/,1.10CNB05_R1B011D88210.,2025-01-02
D-Link,Router,DIR-816,CVE-2024-13104,"A vulnerability, which was classified as critical, was found in D-Link DIR-816 A2 1.10CNB05_R1B011D88210. Affected is an unknown function of the file /goform/form2AdvanceSetup.cgi of the component WiFi Settings Handler. The manipulation leads to improper access controls. It is possible to launch the attack remotely. The exploit has been disclosed to the public and may be used.",Network,https://www.dlink.com/,1.10CNB05_R1B011D88210.,2025-01-02
D-Link,Router,DIR-816,CVE-2024-13105,A vulnerability has been found in D-Link DIR-816 A2 1.10CNB05_R1B011D88210 and classified as critical. Affected by this vulnerability is an unknown functionality of the file /goform/form2Dhcpd.cgi of the component DHCPD Setting Handler. The manipulation leads to improper access controls. The attack can be launched remotely. The exploit has been disclosed to the public and may be used.,Network,https://www.dlink.com/,1.10CNB05_R1B011D88210,2025-01-02
D-Link,Router,DIR-816,CVE-2024-13106,A vulnerability was found in D-Link DIR-816 A2 1.10CNB05_R1B011D88210 and classified as critical. Affected by this issue is some unknown functionality of the file /goform/form2IPQoSTcAdd of the component IP QoS Handler. The manipulation leads to improper access controls. The attack may be launched remotely. The exploit has been disclosed to the public and may be used.,Network,https://www.dlink.com/,1.10CNB05_R1B011D88210,2025-01-02
D-Link,Router,DIR-816,CVE-2024-13107,A vulnerability was found in D-Link DIR-816 A2 1.10CNB05_R1B011D88210. It has been classified as critical. This affects an unknown part of the file /goform/form2LocalAclEditcfg.cgi of the component ACL Handler. The manipulation leads to improper access controls. It is possible to initiate the attack remotely. The exploit has been disclosed to the public and may be used.,Network,https://www.dlink.com/,1.10CNB05_R1B011D88210.,2025-01-02
D-Link,Router,DIR-816,CVE-2024-13108,A vulnerability was found in D-Link DIR-816 A2 1.10CNB05_R1B011D88210. It has been declared as critical. This vulnerability affects unknown code of the file /goform/form2NetSniper.cgi. The manipulation leads to improper access controls. The attack can be initiated remotely. The exploit has been disclosed to the public and may be used.,Network,https://www.dlink.com/,1.10CNB05_R1B011D88210.,2025-01-02
D-Link,Router,DIR-600M,CVE-2024-1786,"** UNSUPPORTED WHEN ASSIGNED ** A vulnerability, which was classified as critical, has been found in D-Link DIR-600M C1 3.08. Affected by this issue is some unknown functionality of the component Telnet Service. The manipulation of the argument username leads to buffer overflow. The attack may be launched remotely. The exploit has been disclosed to the public and may be used. The identifier of this vulnerability is VDB-254576. NOTE: This vulnerability only affects products that are no longer supported by the maintainer. NOTE: Vendor was contacted early and confirmed immediately that the product is end-of-life. It should be retired and replaced.",Network,Not provided,2.3,2024-02-23
D-Link,Router,DIR-815,CVE-2024-22651,There is a command injection vulnerability in the ssdpcgi_main function of cgibin binary in D-Link DIR-815 router firmware v1.04.,Network,Not provided,2.3,2024-01-24
D-Link,Router,DIR-882_A1,CVE-2024-22751,D-Link DIR-882 DIR882A1_FW130B06 was discovered to contain a stack overflow via the sub_477AA0 function.,Network,https://www.dlink.com/en/security-bulletin/,2.3,2024-01-24
D-Link,Networking Device,GO-RT-AC750,CVE-2024-22852,D-Link Go-RT-AC750 GORTAC750_A1_FW_v101b03 contains a stack-based buffer overflow via the function genacgi_main. This vulnerability allows attackers to enable telnet service via a specially crafted payload.,Network,https://www.dlink.com/en/security-bulletin/,2.3,2024-02-06
D-Link,Networking Device,GO-RT-AC750,CVE-2024-22853,"D-LINK Go-RT-AC750 GORTAC750_A1_FW_v101b03 has a hardcoded password for the Alphanetworks account, which allows remote attackers to obtain root access via a telnet session.",Network,https://www.dlink.com/en/security-bulletin/,2.3,2024-02-06
D-Link,Networking Device,GO-RT-AC750,CVE-2024-22916,"In D-LINK Go-RT-AC750 v101b03, the sprintf function in the sub_40E700 function within the cgibin is susceptible to stack overflow.",Network,https://www.dlink.com/en/security-bulletin/,2.3,2024-01-16
D-Link,Access Point,DAP-1650,CVE-2024-23624,"A command injection vulnerability exists in the gena.cgi module of D-Link DAP-1650 devices. An unauthenticated attacker can exploit this vulnerability to gain command execution on the device as root.
",Network,Not provided,2.3,2024-01-26
D-Link,Access Point,DAP-1650,CVE-2024-23625,"A command injection vulnerability exists in D-Link DAP-1650 devices when handling UPnP SUBSCRIBE messages. An unauthenticated attacker can exploit this vulnerability to gain command execution on the device as root.
",Network,Not provided,2.3,2024-01-26
D-Link,Access Point,DIR-823G,CVE-2024-27655,"D-Link DIR-823G A1V1.0.2B05 was discovered to contain a buffer overflow via the SOAPACTION parameter. This vulnerability allows attackers to cause a Denial of Service (DoS) via a crafted input, and possibly remote code execution.",Network,Not provided,1.0.2B05,2024-02-29
D-Link,Router,DIR-823G,CVE-2024-27656,"D-Link DIR-823G A1V1.0.2B05 was discovered to contain a buffer overflow via the Cookie parameter. This vulnerability allows attackers to cause a Denial of Service (DoS) via a crafted input, and possibly remote code execution.",Network,Not provided,1.0.2B05,2024-02-29
D-Link,Networking Device,"USER-AGENT, DIR-823G",CVE-2024-27657,"D-Link DIR-823G A1V1.0.2B05 was discovered to contain a buffer overflow via the User-Agent parameter. This vulnerability allows attackers to cause a Denial of Service (DoS) via a crafted input, and possibly remote code execution.",Network,Not provided,1.0.2B05,2024-02-29
D-Link,Router,DIR-823G,CVE-2024-27658,D-Link DIR-823G A1V1.0.2B05 was discovered to contain Null-pointer dereferences in sub_4484A8(). This vulnerability allows attackers to cause a Denial of Service (DoS) via a crafted input.,,Not provided,1.0.2B05,2024-02-29
D-Link,Router,DIR-823G,CVE-2024-27659,D-Link DIR-823G A1V1.0.2B05 was discovered to contain Null-pointer dereferences in sub_42AF30(). This vulnerability allows attackers to cause a Denial of Service (DoS) via a crafted input.,,Not provided,1.0.2B05,2024-02-29
D-Link,Router,DIR-823G,CVE-2024-27660,D-Link DIR-823G A1V1.0.2B05 was discovered to contain a Null-pointer dereferences in sub_41C488(). This vulnerability allows attackers to cause a Denial of Service (DoS) via a crafted input.,,Not provided,1.0.2B05,2024-02-29
D-Link,Router,DIR-823G,CVE-2024-27661,D-Link DIR-823G A1V1.0.2B05 was discovered to contain Null-pointer dereferences in sub_4484A8(). This vulnerability allows attackers to cause a Denial of Service (DoS) via a crafted input.,,Not provided,1.0.2B05,2024-02-29
D-Link,Router,DIR-823G,CVE-2024-27662,D-Link DIR-823G A1V1.0.2B05 was discovered to contain a Null-pointer dereferences in sub_4110f4(). This vulnerability allows attackers to cause a Denial of Service (DoS) via a crafted input.,Adjacent Network,Not provided,2.3,2024-02-29
D-Link,Access Point,"GO-RT, HNAPMAIN",CVE-2024-27683,D-Link Go-RT-AC750 GORTAC750_A1_FW_v101b03 contains a stack-based buffer overflow via the function hnap_main. An attacker can send a POST request to trigger the vulnerablilify.,,https://www.dlink.com/en/security-bulletin/,unknown versions,2024-04-11
D-Link,Access Point,Unknown,CVE-2024-27684,"A Cross-site scripting (XSS) vulnerability in dlapn.cgi, dldongle.cgi, dlcfg.cgi, fwup.cgi and seama.cgi in D-Link GORTAC750_A1_FW_v101b03 allows remote attackers to inject arbitrary web script or HTML via the url parameter.",Network,https://www.dlink.com/en/security-bulletin/,unknown versions,2024-03-04
D-Link,Access Point,"DAP-2360, DAP-2553, DAP-3520, DAP-3662, DAP-2230, DAP-2690, DAP-2330, DAP-2590, DAP-2310, DAP-2695",CVE-2024-28436,"Cross Site Scripting vulnerability in D-Link DAP products DAP-2230, DAP-2310, DAP-2330, DAP-2360, DAP-2553, DAP-2590, DAP-2690, DAP-2695, DAP-3520, DAP-3662 allows a remote attacker to execute arbitrary code via the reload parameter in the session_login.php component.",Network,https://supportannouncement.us.dlink.com/announcement/publication.aspx?name=SAP10382 | https://supportannouncement.us.dlink.com/announcement/publication.aspx?name=SAP10380 | https://www.dlink.com/en/security-bulletin/,unknown versions,2024-04-22
D-Link,Network Storage,"DNR-326, DNS-1100-4, DNS-320L, DNS-323, DNS-320LW, DNS-315L, DNS-120, DNR-322L, DNR-202L, DNS-345, DNS-726-4, DNS-340L, DNS-320, DNS-325, DNS-327L, DNS-321, DNS-326, DNS-1200-05, DNS-1550-04, DNS-343",CVE-2024-3272,"** UNSUPPORTED WHEN ASSIGNED ** A vulnerability, which was classified as very critical, has been found in D-Link DNS-320L, DNS-325, DNS-327L and DNS-340L up to 20240403. This issue affects some unknown processing of the file /cgi-bin/nas_sharing.cgi of the component HTTP GET Request Handler. The manipulation of the argument user with the input messagebus leads to hard-coded credentials. The attack may be initiated remotely. The exploit has been disclosed to the public and may be used. The associated identifier of this vulnerability is VDB-259283. NOTE: This vulnerability only affects products that are no longer supported by the maintainer. NOTE: Vendor was contacted early and confirmed immediately that the product is end-of-life. It should be retired and replaced.",Network,https://supportannouncement.us.dlink.com/security/publication.aspx?name=SAP10383,2.3,2024-04-04
D-Link,Network Storage,"DNR-326, DNS-1100-4, DNS-320L, DNS-323, DNS-320LW, DNS-315L, DNS-120, DNR-322L, DNR-202L, DNS-345, DNS-726-4, DNS-340L, DNS-320, DNS-325, DNS-327L, DNS-321, DNS-326, DNS-1200-05, DNS-1550-04, DNS-343",CVE-2024-3273,"** UNSUPPORTED WHEN ASSIGNED ** A vulnerability, which was classified as critical, was found in D-Link DNS-320L, DNS-325, DNS-327L and DNS-340L up to 20240403. Affected is an unknown function of the file /cgi-bin/nas_sharing.cgi of the component HTTP GET Request Handler. The manipulation of the argument system leads to command injection. It is possible to launch the attack remotely. The exploit has been disclosed to the public and may be used. The identifier of this vulnerability is VDB-259284. NOTE: This vulnerability only affects products that are no longer supported by the maintainer. NOTE: Vendor was contacted early and confirmed immediately that the product is end-of-life. It should be retired and replaced.",Network,https://supportannouncement.us.dlink.com/security/publication.aspx?name=SAP10383,2.3,2024-04-04
D-Link,Network Storage,"DNS-320L, CGI-BIN, END-OF, DNS-320LW, DNS-327L",CVE-2024-3274,"** UNSUPPORTED WHEN ASSIGNED ** A vulnerability has been found in D-Link DNS-320L, DNS-320LW and DNS-327L up to 20240403 and classified as problematic. Affected by this vulnerability is an unknown functionality of the file /cgi-bin/info.cgi of the component HTTP GET Request Handler. The manipulation leads to information disclosure. The attack can be launched remotely. The exploit has been disclosed to the public and may be used. The identifier VDB-259285 was assigned to this vulnerability. NOTE: This vulnerability only affects products that are no longer supported by the maintainer. NOTE: Vendor was contacted early and confirmed immediately that the product is end-of-life. It should be retired and replaced.",Network,https://supportannouncement.us.dlink.com/security/publication.aspx?name=SAP10383,unknown versions,2024-04-04
D-Link,Router,DIR-845L,CVE-2024-33110,D-Link DIR-845L router v1.01KRb03 and before is vulnerable to Permission Bypass via the getcfg.php component.,,Not provided,1.01KRb03,2024-05-06
D-Link,Router,DIR-845L,CVE-2024-33111,D-Link DIR-845L router <=v1.01KRb03 is vulnerable to Cross Site Scripting (XSS) via /htdocs/webinc/js/bsc_sms_inbox.php.,,Not provided,1.01KRb03,2024-05-06
D-Link,Router,"HNAPMAIN, DIR-845L",CVE-2024-33112,D-Link DIR-845L router v1.01KRb03 and before is vulnerable to Command injection via the hnap_main()func.,,Not provided,1.01KRb03,2024-05-06
D-Link,Router,DIR-845L,CVE-2024-33113,D-LINK DIR-845L <=v1.01KRb03 is vulnerable to Information disclosurey via bsc_sms_inbox.php.,,Not provided,1.01KRb03,2024-05-06
D-Link,Router,DIR-822,CVE-2024-33342,"D-Link DIR-822+ V1.0.5 was found to contain a command injection in SetPlcNetworkpwd function of prog.cgi, which allows remote attackers to execute arbitrary commands via shell.",Network,http://www.dlink.com.cn/techsupport/ProductInfo.aspx?m=DIR-822%2B,1.0.5,2024-04-26
D-Link,Router,DIR-822,CVE-2024-33343,"D-Link DIR-822+ V1.0.5 was found to contain a command injection in ChgSambaUserSettings function of prog.cgi, which allows remote attackers to execute arbitrary commands via shell.",Network,http://www.dlink.com.cn/techsupport/ProductInfo.aspx?m=DIR-822%2B,1.0.5,2024-04-26
D-Link,Router,DIR-822,CVE-2024-33344,"D-Link DIR-822+ V1.0.5 was found to contain a command injection in ftext function of upload_firmware.cgi, which allows remote attackers to execute arbitrary commands via shell.",Network,http://www.dlink.com.cn/techsupport/ProductInfo.aspx?m=DIR-822%2B,1.0.5,2024-04-26
D-Link,Router,DIR-823G,CVE-2024-33345,"D-Link DIR-823G A1V1.0.2B05 was found to contain a Null-pointer dereference in the main function of upload_firmware.cgi, which allows remote attackers to cause a Denial of Service (DoS) via a crafted input.",Network,http://www.dlink.com.cn/techsupport/ProductInfo.aspx?m=DIR-823G,1.0.2B05,2024-04-29
D-Link,Router,DIR-619L,CVE-2024-33771,"A buffer overflow vulnerability in /bin/boa on D-Link DIR-619L Rev.B 2.06B1 via goform/formWPS, allows remote authenticated users to trigger a denial of service (DoS) through the parameter ""webpage.""",Network,Not provided,2.06B1,2024-05-14
D-Link,Router,DIR-619L,CVE-2024-33772,"A buffer overflow vulnerability in /bin/boa on D-Link DIR-619L Rev.B 2.06B1 via formTcpipSetup allows remote authenticated users to trigger a denial of service (DoS) through the parameter ""curTime.""",Network,Not provided,2.06B1,2024-05-14
D-Link,Router,DIR-619L,CVE-2024-33773,"A buffer overflow vulnerability in /bin/boa on D-Link DIR-619L Rev.B 2.06B1 via formWlanGuestSetup allows remote authenticated users to trigger a denial of service (DoS) through the parameter ""webpage.""",Network,Not provided,2.06B1,2024-05-14
D-Link,Router,DIR-619L,CVE-2024-33774,"A buffer overflow vulnerability in /bin/boa on D-Link DIR-619L Rev.B 2.06B1 via formWlanSetup_Wizard allows remote authenticated users to trigger a denial of service (DoS) through the parameter ""webpage.""",Network,Not provided,2.06B1,2024-05-14
D-Link,Access Point,DIR-822,CVE-2024-34950,D-Link DIR-822+ v1.0.5 was discovered to contain a stack-based buffer overflow vulnerability in the SetNetworkTomographySettings module.,,Not provided,1.0.5,2024-05-14
D-Link,Router,DIR-1950,CVE-2024-36755,D-Link DIR-1950 up to v1.11B03 does not validate SSL certificates when requesting the latest firmware version and downloading URL. This can allow attackers to downgrade the firmware version or change the downloading URL via a man-in-the-middle attack.,,https://supportannouncement.us.dlink.com/security/publication.aspx?name=SAP10401,2.3,2024-06-27
D-Link,Access Point,DAP-1520,CVE-2024-36831,A NULL pointer dereference in the plugins_call_handle_uri_clean function of D-Link DAP-1520 REVA_FIRMWARE_1.10B04_BETA02_HOTFIX allows attackers to cause a Denial of Service (DoS) via a crafted HTTP request without authentication.,,https://supportannouncement.us.dlink.com/security/publication.aspx?name=SAP10395 | https://www.dlink.com/en/security-bulletin/ | https://www.dlink.com/en,1.10B04_BETA02_HOTFIX,2024-12-17
D-Link,Access Point,DAP-1513,CVE-2024-36832,"A NULL pointer dereference in D-Link DAP-1513 REVA_FIRMWARE_1.01 allows attackers to cause a Denial of Service (DoS) via a crafted web request without authentication. The vulnerability occurs in the /bin/webs binary of the firmware. When /bin/webs receives a carefully constructed HTTP request, it will crash and exit due to a null pointer reference, leading to a denial of service attack to the device.",,https://www.dlink.com/en/security-bulletin/ | https://www.dlink.com/en | https://supportannouncement.us.dlink.com/security/publication.aspx?name=SAP10396,1.01,2024-12-17
D-Link,Router,DIR-860L,CVE-2024-37605,A NULL pointer dereference in D-Link DIR-860L REVB_FIRMWARE_2.04.B04_ic5b allows attackers to cause a Denial of Service (DoS) via a crafted HTTP request.,,https://www.dlink.com/en/security-bulletin/ | https://www.dlink.com/en | https://supportannouncement.us.dlink.com/security/publication.aspx?name=SAP10397,2.04.B04_ic5b,2024-12-17
D-Link,Security Camera,DCS-932L,CVE-2024-37606,A Stack overflow vulnerability in D-Link DCS-932L REVB_FIRMWARE_2.18.01 allows attackers to cause a Denial of Service (DoS) via a crafted HTTP request.,,https://supportannouncement.us.dlink.com/security/publication.aspx?name=SAP10247 | https://www.dlink.com/en/security-bulletin/ | https://www.dlink.com/en,2.18.01,2024-12-17
D-Link,Access Point,DAP-2555,CVE-2024-37607,A Buffer overflow vulnerability in D-Link DAP-2555 REVA_FIRMWARE_1.20 allows remote attackers to cause a Denial of Service (DoS) via a crafted HTTP request.,Network,https://www.dlink.com/en | https://supportannouncement.us.dlink.com/security/publication.aspx?name=SAP10232 | https://www.dlink.com/en/security-bulletin/,1.20,2024-12-17
D-Link,Router,DIR-605L,CVE-2024-37630,"D-Link DIR-605L v2.13B01 was discovered to contain a hardcoded password vulnerability in /etc/passwd, which allows attackers to log in as root.",,Not provided,2.13B01,2024-06-13
D-Link,Networking Device,DSL-225,CVE-2024-38437,D-Link - CWE-288:Authentication Bypass Using an Alternate Path or Channel,Network,Not provided,2.3,2024-07-21
D-Link,Access Point,DSL-225,CVE-2024-38438,"D-Link - 

CWE-294: Authentication Bypass by Capture-replay",Network,Not provided,2.3,2024-07-21
D-Link,Router,DIR-823X_AX3000,CVE-2024-39202,D-Link DIR-823X firmware - 240126 was discovered to contain a remote command execution (RCE) vulnerability via the dhcpd_startip parameter at /goform/set_lan_settings.,Network,Not provided,2.3,2024-07-08
D-Link,Router,DIR-823X,CVE-2024-39962,D-Link DIR-823X AX3000 Dual-Band Gigabit Wireless Router v21_D240126 was discovered to contain a remote code execution (RCE) vulnerability in the ntp_zone_val parameter at /goform/set_ntp. This vulnerability is exploited via a crafted HTTP request.,Network,Not provided,2.3,2024-07-19
D-Link,Access Point,DAP-1650,CVE-2024-40505,Directory Traversal vulnerability in D-Link DAP-1650 Firmware v.1.03 allows a local attacker to escalate privileges via the hedwig.cgi component.,,https://supportannouncement.us.dlink.com/security/publication.aspx?name=SAP10266,1.03,2024-07-16
D-Link,Router,DIR-820LW,CVE-2024-41610,"D-Link DIR-820LW REVB FIRMWARE PATCH 2.03.B01_TC contains hardcoded credentials in the Telnet service, enabling attackers to log in remotely to the Telnet service and perform arbitrary commands.",Network,https://www.dlink.com/en/security-bulletin/,2.03.B01_TC,2024-07-30
D-Link,Router,DIR-860L,CVE-2024-41611,"In D-Link DIR-860L REVA FIRMWARE PATCH 1.10..B04, the Telnet service contains hardcoded credentials, enabling attackers to log in remotely to the Telnet service and perform arbitrary commands.",Network,https://www.dlink.com/en/security-bulletin/,1.10..B04,2024-07-30
D-Link,Router,DIR-300,CVE-2024-41616,D-Link DIR-300 REVA FIRMWARE v1.06B05_WW contains hardcoded credentials in the Telnet service.,Network,Not provided,2.3,2024-08-06
D-Link,Access Point,DIR-846W,CVE-2024-41622,D-Link DIR-846W A1 FW100A43 was discovered to contain a remote command execution (RCE) vulnerability via the tomography_ping_address parameter in /HNAP1/ interface.,Network,https://www.dlink.com/en/security-bulletin/ | http://www.dlink.com.cn/techsupport/ProductInfo.aspx?m=DIR-846W,2.3,2024-08-27
D-Link,Router,DIR-860L,CVE-2024-42812,"In D-Link DIR-860L v2.03, there is a buffer overflow vulnerability due to the lack of length verification for the SID field in gena.cgi. Attackers who successfully exploit this vulnerability can cause the remote target device to crash or execute arbitrary commands.",Network,https://www.dlink.com/en/security-bulletin/,2.3,2024-08-19
D-Link,Networking Device,"DI-7100G, DI-7300G, DI-7400G, USBPASWD",CVE-2024-44333,"D-Link DI-7003GV2 v24.04.18D1, DI-7100G+V2 v24.04.18D1, DI-7100GV2 v24.04.18D1, DI-7200GV2 v24.04.18E1, DI-7300G+V2 v24.04.18D1, and DI-7400G+V2 v24.04.18D1 are vulnerable to Remote Command Execution. An attacker can achieve arbitrary command execution by sending a carefully crafted malicious string to the CGI function responsible for handling usb_paswd.asp.",Network,https://www.dlink.com/en/security-bulletin/,"24.04.18E1, 24.04.18D1",2024-09-09
D-Link,Networking Device,"DI-7100G, DI-7300G, DI-7400G",CVE-2024-44334,"D-Link DI-7003GV2 v24.04.18D1, DI-7100G+V2 v24.04.18D1, DI-7100GV2 v24.04.18D1, DI-7200GV2 v24.04.18E1, DI-7300G+V2 v24.04.18D1, and DI-7400G+V2 v24.04.18D1 are vulnerable to Remote Command Execution due to insufficient parameter filtering in the CGI handling function of upgrade_filter.asp.",Network,https://www.dlink.com/en/security-bulletin/,"24.04.18E1, 24.04.18D1",2024-09-09
D-Link,Networking Device,"DI-7100G, DI-7003G, DI-7400G, DI-7300G",CVE-2024-44335,"D-Link DI-7003G v19.12.24A1, DI-7003GV2 v24.04.18D1, DI-7100G+V2 v24.04.18D1, DI-7100GV2 v24.04.18D1, DI-7200GV2 v24.04.18E1, DI-7300G+V2 v24.04.18D1, and DI-7400G+V2 v24.04.18D1 are vulnerable to Remote Command Execution (RCE) via version_upgrade.asp.",Network,https://www.dlink.com/en/security-bulletin/,"24.04.18E1, 19.12.24A1, 24.04.18D1",2024-09-09
D-Link,Router,DIR-846W,CVE-2024-44340,D-Link DIR-846W A1 FW100A43 was discovered to contain a remote command execution (RCE) vulnerability via keys smartqos_express_devices and smartqos_normal_devices in SetSmartQoSSettings.,Network,https://www.dlink.com/en/security-bulletin/ | http://www.dlink.com.cn/techsupport/ProductInfo.aspx?m=DIR-846W,2.3,2024-08-27
D-Link,Router,DIR-846W,CVE-2024-44341,D-Link DIR-846W A1 FW100A43 was discovered to contain a remote command execution (RCE) vulnerability via the lan(0)_dhcps_staticlist parameter. This vulnerability is exploited via a crafted POST request.,Network,https://www.dlink.com/en/security-bulletin/ | http://www.dlink.com.cn/techsupport/ProductInfo.aspx?m=DIR-846W,2.3,2024-08-27
D-Link,Router,DIR-846W,CVE-2024-44342,D-Link DIR-846W A1 FW100A43 was discovered to contain a remote command execution (RCE) vulnerability via the wl(0).(0)_ssid parameter. This vulnerability is exploited via a crafted POST request.,Network,https://www.dlink.com/en/security-bulletin/ | http://www.dlink.com.cn/techsupport/ProductInfo.aspx?m=DIR-846W,2.3,2024-08-27
D-Link,Networking Device,DI-8100,CVE-2024-44375,D-Link DI-8100 v16.07.26A1 has a stack overflow vulnerability in the dbsrv_asp function.,Network,https://www.dlink.com/en/security-bulletin/,2.3,2024-09-09
D-Link,Networking Device,DI_8004W,CVE-2024-44381,D-Link DI_8004W 16.07.26A1 contains a command execution vulnerability in jhttpd msp_info_htm function.,Network,https://www.dlink.com/en/security-bulletin/,2.3,2024-08-23
D-Link,Networking Device,DI_8004W,CVE-2024-44382,D-Link DI_8004W 16.07.26A1 contains a command execution vulnerability in the jhttpd upgrade_filter_asp function.,Network,https://www.dlink.com/en/security-bulletin/,2.3,2024-08-23
D-Link,Networking Device,DI-8400,CVE-2024-44400,"A vulnerability was discovered in DI_8400-16.07.26A1, which has been classified as critical. This issue affects the upgrade_filter_asp function in the upgrade_filter.asp file. Manipulation of the path parameter can lead to command injection.",Network,Not provided,2.3,2024-09-04
D-Link,Networking Device,DI-8100G,CVE-2024-44401,D-Link DI-8100G 17.12.20A1 is vulnerable to Command Injection via sub47A60C function in the upgrade_filter.asp file,Network,Not provided,2.3,2024-09-06
D-Link,Networking Device,DI-8100G,CVE-2024-44402,D-Link DI-8100G 17.12.20A1 is vulnerable to Command Injection via msp_info.htm.,Network,Not provided,2.3,2024-09-06
D-Link,Router,DIR-823G,CVE-2024-44408,"D-Link DIR-823G v1.0.2B05_20181207 is vulnerable to Information Disclosure. The device allows unauthorized configuration file downloads, and the downloaded configuration files contain plaintext user passwords.",Network,Not provided,2.3,2024-09-06
D-Link,Networking Device,DI-8300,CVE-2024-44410,D-Link DI-8300 v16.07.26A1 is vulnerable to command injection via the upgrade_filter_asp function.,Network,https://www.dlink.com/en/security-bulletin/,2.3,2024-09-09
D-Link,Networking Device,DI-8300,CVE-2024-44411,D-Link DI-8300 v16.07.26A1 is vulnerable to command injection via the msp_info_htm function.,,https://www.dlink.com/en/security-bulletin/,16.07.26A1,2024-09-09
D-Link,Access Point,DCS-960L,CVE-2024-44589,Stack overflow vulnerability in the Login function in the HNAP service in D-Link DCS-960L with firmware 1.09 allows attackers to execute of arbitrary code.,,https://www.dlink.com/en/security-bulletin/,1.09,2024-09-18
D-Link,Networking Device,"SUB24E28, COVR-2600R",CVE-2024-44674,"D-Link COVR-2600R FW101b05 is vulnerable to Buffer Overflow. In the function sub_24E28, the HTTP_REFERER is obtained through an environment variable, and this field is controllable, allowing it to be used as the value for src.",,https://www.dlink.com/en/security-bulletin/,unknown versions,2024-10-07
D-Link,Access Point,DAP-2310,CVE-2024-45623,D-Link DAP-2310 Hardware A Firmware 1.16RC028 allows remote attackers to execute arbitrary code via a stack-based buffer overflow in the ATP binary that handles PHP HTTP GET requests for the Apache HTTP Server (httpd). NOTE: This vulnerability only affects products that are no longer supported by the maintainer.,Network,https://supportannouncement.us.dlink.com/security/publication.aspx?name=SAP10406,1.16RC028,2024-09-02
D-Link,Router,"DIR-X4860, DIR-X5460",CVE-2024-45694,"The web service of certain models of D-Link wireless routers contains a Stack-based Buffer Overflow vulnerability, which allows unauthenticated remote attackers to exploit this vulnerability to execute arbitrary code on the device.",Network,Not provided,2.3,2024-09-16
D-Link,Router,DIR-X4860,CVE-2024-45695,"The web service of certain models of D-Link wireless routers contains a Stack-based Buffer Overflow vulnerability, which allows unauthenticated remote attackers to exploit this vulnerability to execute arbitrary code on the device.",Network,Not provided,2.3,2024-09-16
D-Link,Router,"DIR-X4860, COVR-X1870",CVE-2024-45696,"Certain models of D-Link wireless routers contain hidden functionality. By sending specific packets to the web service, the attacker can forcibly enable the telnet service and log in using hard-coded credentials. The telnet service enabled through this method can only be accessed from within the same local network as the device.",Adjacent Network,Not provided,2.3,2024-09-16
D-Link,Router,DIR-X4860,CVE-2024-45697,Certain models of D-Link wireless routers have a hidden functionality where the telnet service is enabled when the WAN port is plugged in. Unauthorized remote attackers can log in and execute OS commands using hard-coded credentials.,Network,Not provided,2.3,2024-09-16
D-Link,Router,DIR-X4860,CVE-2024-45698,"Certain models of D-Link wireless routers do not properly validate user input in the telnet service, allowing unauthenticated remote attackers to use hard-coded credentials to log into telnet and inject arbitrary OS commands, which can then be executed on the device.",Network,Not provided,2.3,2024-09-16
D-Link,Networking Device,"DAR-8000, END-OF",CVE-2024-4699,"** UNSUPPORTED WHEN ASSIGNED ** A vulnerability, which was classified as critical, has been found in D-Link DAR-8000-10 up to 20230922. This issue affects some unknown processing of the file /importhtml.php. The manipulation of the argument sql leads to deserialization. The attack may be initiated remotely. The associated identifier of this vulnerability is VDB-263747. NOTE: This vulnerability only affects products that are no longer supported by the maintainer. NOTE: Vendor was contacted early and confirmed immediately that the product is end-of-life. It should be retired and replaced.",Network,https://vuldb.com/?submit.331311 | https://supportannouncement.us.dlink.com/security/publication.aspx?name=SAP10354,unknown versions,2024-05-14
D-Link,Router,DIR-820L,CVE-2024-48150,D-Link DIR-820L 1.05B03 has a stack overflow vulnerability in the sub_451208 function.,,Not provided,1.05B03,2024-10-14
D-Link,Access Point,DCS-960L,CVE-2024-48168,"A stack overflow vulnerability exists in the sub_402280 function of the HNAP service of D-Link DCS-960L 1.09, allowing an attacker to execute arbitrary code.",,Not provided,1.09,2024-10-14
D-Link,Networking Device,Unknown,CVE-2024-48271,"D-Link DSL6740C v6.TR069.20211230 was discovered to use insecure default credentials for Administrator access, possibly allowing attackers to bypass authentication and escalate privileges on the device via a bruteforce attack.",,https://www.dlink.com/en/security-bulletin/,069.20211230,2024-10-30
D-Link,Networking Device,Unknown,CVE-2024-48272,"D-Link DSL6740C v6.TR069.20211230 was discovered to use an insecure default Wifi password, possibly allowing attackers to connect to the device via a bruteforce attack.",,https://www.dlink.com/en/security-bulletin/,069.20211230,2024-10-30
D-Link,Router,DIR878,CVE-2024-48629,D-Link DIR_882_FW130B06 and DIR_878 DIR_878_FW130B08 were discovered to contain a command injection vulnerability via the IPAddress parameter in the SetGuestZoneRouterSettings function. This vulnerability allows attackers to execute arbitrary OS commands via a crafted POST request.,,https://www.dlink.com/en/security-bulletin/,unknown versions,2024-10-17
D-Link,Networking Device,DIR878,CVE-2024-48630,D-Link DIR_882_FW130B06 and DIR_878 DIR_878_FW130B08 were discovered to contain a command injection vulnerability via the MacAddress parameter in the SetMACFilters2 function. This vulnerability allows attackers to execute arbitrary OS commands via a crafted POST request.,,https://www.dlink.com/en/security-bulletin/,unknown versions,2024-10-17
D-Link,Networking Device,DIR878,CVE-2024-48631,D-Link DIR_882_FW130B06 and DIR_878 DIR_878_FW130B08 were discovered to contain a command injection vulnerability via the SSID parameter in the SetWLanRadioSettings function. This vulnerability allows attackers to execute arbitrary OS commands via a crafted POST request.,,https://www.dlink.com/en/security-bulletin/,unknown versions,2024-10-17
D-Link,Networking Device,DIR878,CVE-2024-48632,"D-Link DIR_882_FW130B06 and DIR_878 DIR_878_FW130B08 were discovered to contain multiple command injection vulnerabilities via the LocalIPAddress, TCPPorts, and UDPPorts parameters in the SetPortForwardingSettings function. This vulnerability allows attackers to execute arbitrary OS commands via a crafted POST request.",,https://www.dlink.com/en/security-bulletin/,unknown versions,2024-10-17
D-Link,Networking Device,DIR878,CVE-2024-48633,"D-Link DIR_882_FW130B06 and DIR_878 DIR_878_FW130B08 were discovered to contain multiple command injection vulnerabilities via the ExternalPort, InternalPort, ProtocolNumber, and LocalIPAddress parameters in the SetVirtualServerSettings function. This vulnerability allows attackers to execute arbitrary OS commands via a crafted POST request.",,https://www.dlink.com/en/security-bulletin/,unknown versions,2024-10-17
D-Link,Networking Device,DIR878,CVE-2024-48634,D-Link DIR_882_FW130B06 and DIR_878 DIR_878_FW130B08 were discovered to contain a command injection vulnerability via the key parameter in the SetWLanRadioSecurity function. This vulnerability allows attackers to execute arbitrary OS commands via a crafted POST request.,,https://www.dlink.com/en/security-bulletin/,unknown versions,2024-10-17
D-Link,Networking Device,DIR878,CVE-2024-48635,D-Link DIR_882_FW130B06 and DIR_878 DIR_878_FW130B08 were discovered to contain a command injection vulnerability via the VLANID:2/VID parameter in the SetVLANSettings function. This vulnerability allows attackers to execute arbitrary OS commands via a crafted POST request.,,https://www.dlink.com/en/security-bulletin/,unknown versions,2024-10-17
D-Link,Networking Device,DIR878,CVE-2024-48636,D-Link DIR_882_FW130B06 and DIR_878 DIR_878_FW130B08 were discovered to contain a command injection vulnerability via the VLANID:0/VID parameter in the SetVLANSettings function. This vulnerability allows attackers to execute arbitrary OS commands via a crafted POST request.,,https://www.dlink.com/en/security-bulletin/,unknown versions,2024-10-17
D-Link,Networking Device,DIR878,CVE-2024-48637,D-Link DIR_882_FW130B06 and DIR_878 DIR_878_FW130B08 were discovered to contain a command injection vulnerability via the VLANID:1/VID parameter in the SetVLANSettings function. This vulnerability allows attackers to execute arbitrary OS commands via a crafted POST request.,,https://www.dlink.com/en/security-bulletin/,unknown versions,2024-10-17
D-Link,Router,DIR878,CVE-2024-48638,D-Link DIR_882_FW130B06 and DIR_878 DIR_878_FW130B08 were discovered to contain a command injection vulnerability via the SubnetMask parameter in the SetGuestZoneRouterSettings function. This vulnerability allows attackers to execute arbitrary OS commands via a crafted POST request.,,https://www.dlink.com/en/security-bulletin/,unknown versions,2024-10-17
D-Link,Networking Device,Unknown,CVE-2024-49296,Improper Neutralization of Input During Web Page Generation (XSS or 'Cross-site Scripting') vulnerability in Coder426 Custom Add to Cart Button Label and Link allows Stored XSS.This issue affects Custom Add to Cart Button Label and Link: from n/a through 1.6.1.,,https://patchstack.com/database/vulnerability/woo-custom-cart-button/wordpress-custom-add-to-cart-button-label-and-link-plugin-1-6-1-cross-site-scripting-xss-vulnerability?_s_id=cve,1.6.1.,2024-10-17
D-Link,Networking Device,"DAR-7000, FILEUPLOAD, END-OF",CVE-2024-4960,** UNSUPPORTED WHEN ASSIGNED ** A vulnerability classified as critical has been found in D-Link DAR-7000-40 V31R02B1413C. Affected is an unknown function of the file interface/sysmanage/licenseauthorization.php. The manipulation of the argument file_upload leads to unrestricted upload. It is possible to launch the attack remotely. The exploit has been disclosed to the public and may be used. The identifier of this vulnerability is VDB-264528. NOTE: This vulnerability only affects products that are no longer supported by the maintainer. NOTE: Vendor was contacted early and confirmed immediately that the product is end-of-life. It should be retired and replaced.,Network,https://supportannouncement.us.dlink.com/security/publication.aspx?name=SAP10354,unknown versions,2024-05-16
D-Link,Networking Device,"DAR-7000, FILEUPLOAD, END-OF",CVE-2024-4961,** UNSUPPORTED WHEN ASSIGNED ** A vulnerability classified as critical was found in D-Link DAR-7000-40 V31R02B1413C. Affected by this vulnerability is an unknown functionality of the file /user/onlineuser.php. The manipulation of the argument file_upload leads to unrestricted upload. The attack can be launched remotely. The exploit has been disclosed to the public and may be used. The identifier VDB-264529 was assigned to this vulnerability. NOTE: This vulnerability only affects products that are no longer supported by the maintainer. NOTE: Vendor was contacted early and confirmed immediately that the product is end-of-life. It should be retired and replaced.,Network,https://supportannouncement.us.dlink.com/security/publication.aspx?name=SAP10354,unknown versions,2024-05-16
D-Link,Networking Device,"DAR-7000, END-OF",CVE-2024-4962,"** UNSUPPORTED WHEN ASSIGNED ** A vulnerability, which was classified as critical, has been found in D-Link DAR-7000-40 V31R02B1413C. Affected by this issue is some unknown functionality of the file /useratte/resmanage.php. The manipulation of the argument file leads to unrestricted upload. The attack may be launched remotely. The exploit has been disclosed to the public and may be used. VDB-264530 is the identifier assigned to this vulnerability. NOTE: This vulnerability only affects products that are no longer supported by the maintainer. NOTE: Vendor was contacted early and confirmed immediately that the product is end-of-life. It should be retired and replaced.",Network,https://supportannouncement.us.dlink.com/security/publication.aspx?name=SAP10354,unknown versions,2024-05-16
D-Link,Networking Device,"DAR-7000, FILEUPLOAD, END-OF",CVE-2024-4963,"** UNSUPPORTED WHEN ASSIGNED ** A vulnerability, which was classified as critical, was found in D-Link DAR-7000-40 V31R02B1413C. This affects an unknown part of the file /url/url.php. The manipulation of the argument file_upload leads to unrestricted upload. It is possible to initiate the attack remotely. The exploit has been disclosed to the public and may be used. The associated identifier of this vulnerability is VDB-264531. NOTE: This vulnerability only affects products that are no longer supported by the maintainer. NOTE: Vendor was contacted early and confirmed immediately that the product is end-of-life. It should be retired and replaced.",Network,https://supportannouncement.us.dlink.com/security/publication.aspx?name=SAP10354,unknown versions,2024-05-16
D-Link,Networking Device,"DAR-7000, END-OF",CVE-2024-4964,** UNSUPPORTED WHEN ASSIGNED ** A vulnerability has been found in D-Link DAR-7000-40 V31R02B1413C and classified as critical. This vulnerability affects unknown code of the file /firewall/urlblist.php. The manipulation of the argument file leads to unrestricted upload. The attack can be initiated remotely. The exploit has been disclosed to the public and may be used. The identifier of this vulnerability is VDB-264532. NOTE: This vulnerability only affects products that are no longer supported by the maintainer. NOTE: Vendor was contacted early and confirmed immediately that the product is end-of-life. It should be retired and replaced.,Network,https://supportannouncement.us.dlink.com/security/publication.aspx?name=SAP10354,unknown versions,2024-05-16
D-Link,Networking Device,"DAR-7000, END-OF",CVE-2024-4965,** UNSUPPORTED WHEN ASSIGNED ** A vulnerability was found in D-Link DAR-7000-40 V31R02B1413C and classified as critical. This issue affects some unknown processing of the file /useratte/resmanage.php. The manipulation of the argument load leads to os command injection. The attack may be initiated remotely. The exploit has been disclosed to the public and may be used. The identifier VDB-264533 was assigned to this vulnerability. NOTE: This vulnerability only affects products that are no longer supported by the maintainer. NOTE: Vendor was contacted early and confirmed immediately that the product is end-of-life. It should be retired and replaced.,Network,https://supportannouncement.us.dlink.com/security/publication.aspx?name=SAP10354,unknown versions,2024-05-16
D-Link,Networking Device,DOM-BASED,CVE-2024-50520,Improper Neutralization of Input During Web Page Generation ('Cross-site Scripting') vulnerability in Peter J. Herrel Ancient World Linked Data allows DOM-Based XSS.This issue affects Ancient World Linked Data: from n/a through 0.2.1.,,https://patchstack.com/database/vulnerability/ancient-world-linked-data-for-wordpress/wordpress-ancient-world-linked-data-plugin-0-2-1-cross-site-scripting-xss-vulnerability?_s_id=cve,0.2.1.,2024-11-19
D-Link,Access Point,DIR823G,CVE-2024-51023,D-Link DIR_823G 1.0.2B05 was discovered to contain a command injection vulnerability via the Address parameter in the SetNetworkTomographySettings function. This vulnerability allows attackers to execute arbitrary OS commands via a crafted request.,,https://www.dlink.com/en/security-bulletin/,1.0.2B05,2024-11-05
D-Link,Networking Device,DIR823G,CVE-2024-51024,D-Link DIR_823G 1.0.2B05 was discovered to contain a command injection vulnerability via the HostName parameter in the SetWanSettings function. This vulnerability allows attackers to execute arbitrary OS commands via a crafted request.,,https://www.dlink.com/en/security-bulletin/,1.0.2B05,2024-11-05
D-Link,Networking Device,DI-8200,CVE-2024-51151,D-Link DI-8200 16.07.26A1 is vulnerable to remote command execution in the msp_info_htm function via the flag parameter and cmd parameter.,Network,Not provided,2.3,2024-11-21
D-Link,Router,"DIR-820L, PINGV4, PINGADDR, PINGV6",CVE-2024-51186,D-Link DIR-820L 1.05b03 was discovered to contain a remote code execution (RCE) vulnerability via the ping_addr parameter in the ping_v4 and ping_v6 functions.,Network,https://legacy.us.dlink.com/pages/product.aspx?id=00c2150966b046b58ba95d8ae3a8f73d | https://www.dlink.com/en/security-bulletin/ | https://www.dlink.com/en,1.05b03,2024-11-11
D-Link,Networking Device,Unknown,CVE-2024-5208,"An uncontrolled resource consumption vulnerability exists in the `upload-link` endpoint of mintplex-labs/anything-llm. This vulnerability allows attackers to cause a denial of service (DOS) by shutting down the server through sending invalid upload requests. Specifically, the server can be made to shut down by sending an empty body with a 'Content-Length: 0' header or by sending a body with arbitrary content, such as 'asdasdasd', with a 'Content-Length: 9' header. The vulnerability is reproducible by users with at least a 'Manager' role, sending a crafted request to any workspace. This issue indicates that a previous fix was not effective in mitigating the vulnerability.",,Not provided,unknown versions,2024-06-19
D-Link,Networking Device,DI-8100,CVE-2024-52711,DI-8100 v16.07.26A1 is vulnerable to Buffer Overflow In the ip_position_asp function via the ip parameter.,,Not provided,16.07.26A1,2024-11-19
D-Link,Networking Device,DI-8400,CVE-2024-52739,D-LINK DI-8400 v16.07.26A1 was discovered to contain multiple remote command execution (RCE) vulnerabilities in the msp_info_htm function via the flag and cmd parameters.,Network,https://www.dlink.com/en/security-bulletin/,16.07.26A1,2024-11-20
D-Link,Networking Device,DI-8003,CVE-2024-52754,D-LINK DI-8003 v16.07.16A1 was discovered to contain a buffer overflow via the fn parameter in the tgfile_htm function.,Network,https://www.dlink.com/en/security-bulletin/,2.3,2024-11-20
D-Link,Networking Device,DI-8003,CVE-2024-52755,D-LINK DI-8003 v16.07.26A1 was discovered to contain a buffer overflow via the host_ip parameter in the ipsec_road_asp function.,Network,Not provided,2.3,2024-11-21
D-Link,Networking Device,DI-8003,CVE-2024-52757,D-LINK DI-8003 v16.07.16A1 was discovered to contain a buffer overflow via the notify parameter in the arp_sys_asp function.,Network,https://www.dlink.com/en/security-bulletin/,2.3,2024-11-20
D-Link,Networking Device,DI-8003,CVE-2024-52759,D-LINK DI-8003 v16.07.26A1 was discovered to contain a buffer overflow via the ip parameter in the ip_position_asp function.,Network,https://www.dlink.com/en/security-bulletin/,2.3,2024-11-19
D-Link,Router,"ZDI-CAN, DIR-2150",CVE-2024-5291,"D-Link DIR-2150 GetDeviceSettings Target Command Injection Remote Code Execution Vulnerability. This vulnerability allows network-adjacent attackers to execute arbitrary code on affected installations of D-Link DIR-2150 routers. Authentication is not required to exploit this vulnerability.

The specific flaw exists within the SOAP API interface, which listens on TCP port 80 by default. The issue results from the lack of proper validation of a user-supplied string before using it to execute a system call. An attacker can leverage this vulnerability to execute code in the context of root. Was ZDI-CAN-21235.",Network,Not provided,unknown versions,2024-05-23
D-Link,Networking Device,ZDI-CAN,CVE-2024-5292,"D-Link Network Assistant Uncontrolled Search Path Element Local Privilege Escalation Vulnerability. This vulnerability allows local attackers to escalate privileges on affected installations of D-Link Network Assistant. An attacker must first obtain the ability to execute low-privileged code on the target system in order to exploit this vulnerability.

The specific flaw exists within the DNACore service. The service loads a file from an unsecured location. An attacker can leverage this vulnerability to escalate privileges and execute arbitrary code in the context of SYSTEM. Was ZDI-CAN-21426.",,Not provided,unknown versions,2024-05-23
D-Link,Router,"DIR-2640, ZDI-CAN",CVE-2024-5293,"D-Link DIR-2640 HTTP Referer Stack-Based Buffer Overflow Remote Code Execution Vulnerability. This vulnerability allows network-adjacent attackers to execute arbitrary code on affected installations of D-Link DIR-2640-US routers. Authentication is not required to exploit this vulnerability.

The specific flaw exists within prog.cgi, which handles HNAP requests made to the lighttpd webserver listening on TCP ports 80 and 443. The issue results from the lack of proper validation of the length of user-supplied data prior to copying it to a fixed-length stack-based buffer. An attacker can leverage this vulnerability to execute code in the context of root. Was ZDI-CAN-21853.",Network,Not provided,unknown versions,2024-05-23
D-Link,Router,"DIR-3040, ZDI-CAN",CVE-2024-5294,"D-Link DIR-3040 prog.cgi websSecurityHandler Memory Leak Denial-of-Service Vulnerability. This vulnerability allows network-adjacent attackers to create a denial-of-service condition on affected installations of D-Link DIR-3040 routers. Authentication is not required to exploit this vulnerability.

The specific flaw exists within the prog.cgi program, which handles HNAP requests made to the lighttpd webserver listening on ports 80 and 443. The issue results from the lack of proper memory management when processing HTTP cookie values. An attacker can leverage this vulnerability to create a denial-of-service condition on the system.
. Was ZDI-CAN-21668.",,Not provided,unknown versions,2024-05-23
D-Link,Router,G416,CVE-2024-5295,"D-Link G416 flupl self Command Injection Remote Code Execution Vulnerability. This vulnerability allows network-adjacent attackers to execute arbitrary code on affected installations of D-Link G416 wireless routers. Authentication is not required to exploit this vulnerability.

The specific flaw exists within the HTTP service listening on TCP port 80. The issue results from the lack of proper validation of a user-supplied string before using it to execute a system call. An attacker can leverage this vulnerability to execute code in the context of root. Was ZDI-CAN-21294.",Adjacent Network,Not provided,2.3,2024-05-23
D-Link,Access Point,"ZDI-CAN, HARD-CODED",CVE-2024-5296,"D-Link D-View Use of Hard-coded Cryptographic Key Authentication Bypass Vulnerability. This vulnerability allows remote attackers to bypass authentication on affected installations of D-Link D-View. Authentication is not required to exploit this vulnerability.

The specific flaw exists within the TokenUtils class. The issue results from a hard-coded cryptographic key. An attacker can leverage this vulnerability to bypass authentication on the system. Was ZDI-CAN-21991.",Network,Not provided,unknown versions,2024-05-23
D-Link,Networking Device,ZDI-CAN,CVE-2024-5297,"D-Link D-View executeWmicCmd Command Injection Remote Code Execution Vulnerability. This vulnerability allows remote attackers to execute arbitrary code on affected installations of D-Link D-View. Although authentication is required to exploit this vulnerability, the existing authentication mechanism can be bypassed.

The specific flaw exists within the executeWmicCmd method. The issue results from the lack of proper validation of a user-supplied string before using it to execute a system call. An attacker can leverage this vulnerability to execute code in the context of root. Was ZDI-CAN-21821.",Network,Not provided,unknown versions,2024-05-23
D-Link,Networking Device,ZDI-CAN,CVE-2024-5298,"D-Link D-View queryDeviceCustomMonitorResult Exposed Dangerous Method Remote Code Execution Vulnerability. This vulnerability allows remote attackers to execute arbitrary code on affected installations of D-Link D-View. Although authentication is required to exploit this vulnerability, the existing authentication mechanism can be bypassed.

The specific flaw exists within the queryDeviceCustomMonitorResult method. The issue results from an exposed dangerous method. An attacker can leverage this vulnerability to execute code in the context of root. Was ZDI-CAN-21842.",Network,Not provided,unknown versions,2024-05-23
D-Link,Networking Device,ZDI-CAN,CVE-2024-5299,"D-Link D-View execMonitorScript Exposed Dangerous Method Remote Code Execution Vulnerability. This vulnerability allows remote attackers to execute arbitrary code on affected installations of D-Link D-View. Although authentication is required to exploit this vulnerability, the existing authentication mechanism can be bypassed.

The specific flaw exists within the execMonitorScript method. The issue results from an exposed dangerous method. An attacker can leverage this vulnerability to execute code in the context of root. Was ZDI-CAN-21828.",Network,Not provided,unknown versions,2024-05-23
D-Link,Networking Device,"DSL-3782, NEWGUI",CVE-2024-56914,D-Link DSL-3782 v1.01 is vulnerable to Buffer Overflow in /New_GUI/ParentalControl.asp.,,Not provided,1.01,2025-01-22
D-Link,Router,DIR-859,CVE-2024-57045,A vulnerability in the D-Link DIR-859 router with firmware version A3 1.05 and earlier permits unauthorized individuals to bypass the authentication. An attacker can obtain a user name and password by forging a post request to the / getcfg.php page.,,https://www.dlink.com/en/security-bulletin/,1.05,2025-02-18
D-Link,Networking Device,"DSR-500, DSR-150N, DSR-250, DSR-1000N, DSR-150, DSR-250N",CVE-2024-57376,"Buffer Overflow vulnerability in D-Link DSR-150, DSR-150N, DSR-250, DSR-250N, DSR-500N, DSR-1000N from 3.13 to 3.17B901C allows unauthenticated users to execute remote code execution.",Network,https://www.dlink.com/en/security-bulletin/,2.3,2025-01-28
D-Link,Networking Device,Unknown,CVE-2024-57676,An access control issue in the component form2WlanBasicSetup.cgi of D-Link 816A2_FWv1.10CNB05_R1B011D88210 allows unauthenticated attackers to set the 2.4G and 5G wlan service of the device via a crafted POST request.,,https://www.dlink.com/en/security-bulletin/,"2.4G, 1.10CNB05_R1B011D88210",2025-01-16
D-Link,Networking Device,Unknown,CVE-2024-57677,An access control issue in the component form2Wan.cgi of D-Link 816A2_FWv1.10CNB05_R1B011D88210 allows unauthenticated attackers to set the wan service of the device via a crafted POST request.,,https://www.dlink.com/en/security-bulletin/,1.10CNB05_R1B011D88210,2025-01-16
D-Link,Networking Device,Unknown,CVE-2024-57678,An access control issue in the component form2WlAc.cgi of D-Link 816A2_FWv1.10CNB05_R1B011D88210 allows unauthenticated attackers to set the 2.4G and 5G mac access control list of the device via a crafted POST request.,,https://www.dlink.com/en/security-bulletin/,"2.4G, 1.10CNB05_R1B011D88210",2025-01-16
D-Link,Networking Device,Unknown,CVE-2024-57679,An access control issue in the component form2RepeaterSetup.cgi of D-Link 816A2_FWv1.10CNB05_R1B011D88210 allows unauthenticated attackers to set the 2.4G and 5G repeater service of the device via a crafted POST request.,,https://www.dlink.com/en/security-bulletin/,"2.4G, 1.10CNB05_R1B011D88210",2025-01-16
D-Link,Networking Device,Unknown,CVE-2024-57680,An access control issue in the component form2PortriggerRule.cgi of D-Link 816A2_FWv1.10CNB05_R1B011D88210 allows unauthenticated attackers to set the port trigger of the device via a crafted POST request.,,https://www.dlink.com/en/security-bulletin/,1.10CNB05_R1B011D88210,2025-01-16
D-Link,Networking Device,Unknown,CVE-2024-57681,An access control issue in the component form2alg.cgi of D-Link 816A2_FWv1.10CNB05_R1B011D88210 allows unauthenticated attackers to set the agl service of the device via a crafted POST request.,,https://www.dlink.com/en/security-bulletin/,1.10CNB05_R1B011D88210,2025-01-16
D-Link,Networking Device,Unknown,CVE-2024-57682,An information disclosure vulnerability in the component d_status.asp of D-Link 816A2_FWv1.10CNB05_R1B011D88210 allows unauthenticated attackers to access sensitive information via a crafted POST request.,,https://www.dlink.com/en/security-bulletin/,1.10CNB05_R1B011D88210,2025-01-16
D-Link,Networking Device,Unknown,CVE-2024-57683,An access control issue in the component websURLFilterAddDel of D-Link 816A2_FWv1.10CNB05_R1B011D88210 allows unauthenticated attackers to set the filter settings of the device via a crafted POST request.,,https://www.dlink.com/en/security-bulletin/,1.10CNB05_R1B011D88210,2025-01-16
D-Link,Networking Device,Unknown,CVE-2024-57684,An access control issue in the component formDMZ.cgi of D-Link 816A2_FWv1.10CNB05_R1B011D88210 allows unauthenticated attackers to set the DMZ service of the device via a crafted POST request.,,https://www.dlink.com/en/security-bulletin/,1.10CNB05_R1B011D88210,2025-01-16
D-Link,Router,Router,CVE-2024-6044,Certain models of D-Link wireless routers have a path traversal vulnerability. Unauthenticated attackers on the same local area network can read arbitrary system files by manipulating the URL.,,https://supportannouncement.us.dlink.com/security/publication.aspx?name=SAP10398,unknown versions,2024-06-17
D-Link,Router,Router,CVE-2024-6045,Certain models of D-Link wireless routers contain an undisclosed factory testing backdoor. Unauthenticated attackers on the local area network can force the device to enable Telnet service by accessing a specific URL and can log in by using the administrator credentials obtained from analyzing the firmware.,,https://supportannouncement.us.dlink.com/security/publication.aspx?name=SAP10398,unknown versions,2024-06-17
D-Link,Networking Device,DAR-7000,CVE-2024-6525,** UNSUPPORTED WHEN ASSIGNED ** A vulnerability was found in D-Link DAR-7000 up to 20230922. It has been rated as problematic. Affected by this issue is some unknown functionality of the file /log/decodmail.php. The manipulation of the argument file leads to deserialization. The attack may be launched remotely. The exploit has been disclosed to the public and may be used. The identifier of this vulnerability is VDB-270368. NOTE: This vulnerability only affects products that are no longer supported by the maintainer.,Network,https://supportannouncement.us.dlink.com/security/publication.aspx?name=SAP10354,2.3,2024-07-05
D-Link,Access Point,"DIR-600, END-OF",CVE-2024-7357,** UNSUPPORTED WHEN ASSIGNED ** A vulnerability was found in D-Link DIR-600 up to 2.18. It has been rated as critical. This issue affects the function soapcgi_main of the file /soap.cgi. The manipulation of the argument service leads to os command injection. The attack may be initiated remotely. The exploit has been disclosed to the public and may be used. The identifier VDB-273329 was assigned to this vulnerability. NOTE: This vulnerability only affects products that are no longer supported by the maintainer. NOTE: Vendor was contacted early and confirmed immediately that the product is end-of-life. It should be retired and replaced.,Network,https://supportannouncement.us.dlink.com/security/publication.aspx?name=SAP10408,2.18.,2024-08-01
D-Link,Networking Device,DI-8100,CVE-2024-7436,"A vulnerability, which was classified as critical, has been found in D-Link DI-8100 16.07. This issue affects the function msp_info_htm of the file msp_info.htm. The manipulation of the argument cmd leads to command injection. The attack may be initiated remotely. The exploit has been disclosed to the public and may be used. The identifier VDB-273521 was assigned to this vulnerability.",Network,Not provided,2.3,2024-08-03
D-Link,Network Storage,"DNS-726, DNS-1100, CGI-BIN, DNR-326, DNS-1550, DNS-1200, DNS-320L, DNS-323, DNS-320LW, DNS-315L, DNS-120, DNR-322L, DNR-202L, DNS-345, DNS-340L, END-OF, DNS-320, DNS-325, DNS-327L, DNS-321, DNS-326, DNS-343",CVE-2024-7715,"** UNSUPPORTED WHEN ASSIGNED ** A vulnerability was found in D-Link DNS-120, DNR-202L, DNS-315L, DNS-320, DNS-320L, DNS-320LW, DNS-321, DNR-322L, DNS-323, DNS-325, DNS-326, DNS-327L, DNR-326, DNS-340L, DNS-343, DNS-345, DNS-726-4, DNS-1100-4, DNS-1200-05 and DNS-1550-04 up to 20240812. It has been classified as critical. This affects the function sprintf of the file /cgi-bin/photocenter_mgr.cgi. The manipulation of the argument filter leads to command injection. It is possible to initiate the attack remotely. The exploit has been disclosed to the public and may be used. NOTE: This vulnerability only affects products that are no longer supported by the maintainer. NOTE: Vendor was contacted early and confirmed that the product is end-of-life. It should be retired and replaced.",Network,https://supportannouncement.us.dlink.com/security/publication.aspx?name=SAP10383,unknown versions,2024-08-13
D-Link,Networking Device,"DNR-326, DNS-1100-4, DNS-320L, DNS-323, DNS-320LW, DNS-315L, DNS-120, DNR-322L, DNR-202L, DNS-345, DNS-726-4, DNS-340L, DNS-320, DNS-325, DNS-327L, DNS-321, DNS-326, DNS-1200-05, DNS-1550-04, DNS-343",CVE-2024-7828,"** UNSUPPORTED WHEN ASSIGNED ** A vulnerability classified as critical was found in D-Link DNS-120, DNR-202L, DNS-315L, DNS-320, DNS-320L, DNS-320LW, DNS-321, DNR-322L, DNS-323, DNS-325, DNS-326, DNS-327L, DNR-326, DNS-340L, DNS-343, DNS-345, DNS-726-4, DNS-1100-4, DNS-1200-05 and DNS-1550-04 up to 20240814. This vulnerability affects the function cgi_set_cover of the file /cgi-bin/photocenter_mgr.cgi. The manipulation of the argument album_name leads to buffer overflow. The attack can be initiated remotely. The exploit has been disclosed to the public and may be used. NOTE: This vulnerability only affects products that are no longer supported by the maintainer. NOTE: Vendor was contacted early and confirmed that the product is end-of-life. It should be retired and replaced.",Network,https://supportannouncement.us.dlink.com/security/publication.aspx?name=SAP10383,2.3,2024-08-15
D-Link,Networking Device,"DNR-326, DNS-1100-4, DNS-320L, DNS-323, DNS-320LW, DNS-315L, DNS-120, DNR-322L, DNR-202L, DNS-345, DNS-726-4, DNS-340L, DNS-320, DNS-325, DNS-327L, DNS-321, DNS-326, DNS-1200-05, DNS-1550-04, DNS-343",CVE-2024-7829,"** UNSUPPORTED WHEN ASSIGNED ** A vulnerability, which was classified as critical, has been found in D-Link DNS-120, DNR-202L, DNS-315L, DNS-320, DNS-320L, DNS-320LW, DNS-321, DNR-322L, DNS-323, DNS-325, DNS-326, DNS-327L, DNR-326, DNS-340L, DNS-343, DNS-345, DNS-726-4, DNS-1100-4, DNS-1200-05 and DNS-1550-04 up to 20240814. This issue affects the function cgi_del_photo of the file /cgi-bin/photocenter_mgr.cgi. The manipulation of the argument current_path leads to buffer overflow. The attack may be initiated remotely. The exploit has been disclosed to the public and may be used. NOTE: This vulnerability only affects products that are no longer supported by the maintainer. NOTE: Vendor was contacted early and confirmed that the product is end-of-life. It should be retired and replaced.",Network,https://supportannouncement.us.dlink.com/security/publication.aspx?name=SAP10383,2.3,2024-08-15
D-Link,Networking Device,"DNR-326, DNS-1100-4, DNS-320L, DNS-323, DNS-320LW, DNS-315L, DNS-120, DNR-322L, DNR-202L, DNS-345, DNS-726-4, DNS-340L, DNS-320, DNS-325, DNS-327L, DNS-321, DNS-326, DNS-1200-05, DNS-1550-04, DNS-343",CVE-2024-7830,"** UNSUPPORTED WHEN ASSIGNED ** A vulnerability, which was classified as critical, was found in D-Link DNS-120, DNR-202L, DNS-315L, DNS-320, DNS-320L, DNS-320LW, DNS-321, DNR-322L, DNS-323, DNS-325, DNS-326, DNS-327L, DNR-326, DNS-340L, DNS-343, DNS-345, DNS-726-4, DNS-1100-4, DNS-1200-05 and DNS-1550-04 up to 20240814. Affected is the function cgi_move_photo of the file /cgi-bin/photocenter_mgr.cgi. The manipulation of the argument photo_name leads to buffer overflow. It is possible to launch the attack remotely. The exploit has been disclosed to the public and may be used. NOTE: This vulnerability only affects products that are no longer supported by the maintainer. NOTE: Vendor was contacted early and confirmed that the product is end-of-life. It should be retired and replaced.",Network,https://supportannouncement.us.dlink.com/security/publication.aspx?name=SAP10383,2.3,2024-08-15
D-Link,Networking Device,"DNR-326, DNS-1100-4, DNS-320L, DNS-323, DNS-320LW, DNS-315L, DNS-120, DNR-322L, DNR-202L, DNS-345, DNS-726-4, DNS-340L, DNS-320, DNS-325, DNS-327L, DNS-321, DNS-326, DNS-1200-05, DNS-1550-04, DNS-343",CVE-2024-7831,"** UNSUPPORTED WHEN ASSIGNED ** A vulnerability has been found in D-Link DNS-120, DNR-202L, DNS-315L, DNS-320, DNS-320L, DNS-320LW, DNS-321, DNR-322L, DNS-323, DNS-325, DNS-326, DNS-327L, DNR-326, DNS-340L, DNS-343, DNS-345, DNS-726-4, DNS-1100-4, DNS-1200-05 and DNS-1550-04 up to 20240814 and classified as critical. Affected by this vulnerability is the function cgi_get_cooliris of the file /cgi-bin/photocenter_mgr.cgi. The manipulation of the argument path leads to buffer overflow. The attack can be launched remotely. The exploit has been disclosed to the public and may be used. NOTE: This vulnerability only affects products that are no longer supported by the maintainer. NOTE: Vendor was contacted early and confirmed that the product is end-of-life. It should be retired and replaced.",Network,https://supportannouncement.us.dlink.com/security/publication.aspx?name=SAP10383,2.3,2024-08-15
D-Link,Networking Device,"DNR-326, DNS-1100-4, DNS-320L, DNS-323, DNS-320LW, DNS-315L, DNS-120, DNR-322L, DNR-202L, DNS-345, DNS-726-4, DNS-340L, DNS-320, DNS-325, DNS-327L, DNS-321, DNS-326, DNS-1200-05, DNS-1550-04, DNS-343",CVE-2024-7832,"** UNSUPPORTED WHEN ASSIGNED ** A vulnerability was found in D-Link DNS-120, DNR-202L, DNS-315L, DNS-320, DNS-320L, DNS-320LW, DNS-321, DNR-322L, DNS-323, DNS-325, DNS-326, DNS-327L, DNR-326, DNS-340L, DNS-343, DNS-345, DNS-726-4, DNS-1100-4, DNS-1200-05 and DNS-1550-04 up to 20240814 and classified as critical. Affected by this issue is the function cgi_get_fullscreen_photos of the file /cgi-bin/photocenter_mgr.cgi. The manipulation of the argument user leads to buffer overflow. The attack may be launched remotely. The exploit has been disclosed to the public and may be used. NOTE: This vulnerability only affects products that are no longer supported by the maintainer. NOTE: Vendor was contacted early and confirmed that the product is end-of-life. It should be retired and replaced.",Network,https://supportannouncement.us.dlink.com/security/publication.aspx?name=SAP10383,2.3,2024-08-15
D-Link,Networking Device,DI-8100,CVE-2024-7833,A vulnerability was found in D-Link DI-8100 16.07. It has been classified as critical. This affects the function upgrade_filter_asp of the file upgrade_filter.asp. The manipulation of the argument path leads to command injection. It is possible to initiate the attack remotely. The exploit has been disclosed to the public and may be used.,Network,Not provided,2.3,2024-08-15
D-Link,Network Storage,"DNS-726, DNS-1100, CGI-BIN, DNR-326, DNS-1550, DNS-1200, DNS-320L, DNS-323, DNS-320LW, DNS-315L, DNS-120, DNR-322L, DNR-202L, DNS-345, DNS-340L, END-OF, DNS-320, DNS-325, DNS-327L, DNS-321, DNS-326, DNS-343",CVE-2024-7849,"** UNSUPPORTED WHEN ASSIGNED ** A vulnerability, which was classified as critical, was found in D-Link DNS-120, DNR-202L, DNS-315L, DNS-320, DNS-320L, DNS-320LW, DNS-321, DNR-322L, DNS-323, DNS-325, DNS-326, DNS-327L, DNR-326, DNS-340L, DNS-343, DNS-345, DNS-726-4, DNS-1100-4, DNS-1200-05 and DNS-1550-04 up to 20240814. This affects the function cgi_create_album of the file /cgi-bin/photocenter_mgr.cgi. The manipulation of the argument current_path leads to buffer overflow. It is possible to initiate the attack remotely. The exploit has been disclosed to the public and may be used. NOTE: This vulnerability only affects products that are no longer supported by the maintainer. NOTE: Vendor was contacted early and confirmed that the product is end-of-life. It should be retired and replaced.",Network,https://supportannouncement.us.dlink.com/security/publication.aspx?name=SAP10383,unknown versions,2024-08-16
D-Link,Networking Device,"DNR-326, DNS-1100-4, DNS-320L, DNS-323, DNS-320LW, DNS-315L, DNS-120, DNR-322L, DNR-202L, DNS-345, DNS-726-4, DNS-340L, DNS-320, DNS-325, DNS-327L, DNS-321, DNS-326, DNS-1200-05, DNS-1550-04, DNS-343",CVE-2024-7922,"A vulnerability was found in D-Link DNS-120, DNR-202L, DNS-315L, DNS-320, DNS-320L, DNS-320LW, DNS-321, DNR-322L, DNS-323, DNS-325, DNS-326, DNS-327L, DNR-326, DNS-340L, DNS-343, DNS-345, DNS-726-4, DNS-1100-4, DNS-1200-05 and DNS-1550-04 up to 20240814 and classified as critical. Affected by this issue is the function cgi_audio_search/cgi_create_playlist/cgi_get_album_all_tracks/cgi_get_alltracks_editlist/cgi_get_artist_all_album/cgi_get_genre_all_tracks/cgi_get_tracks_list/cgi_set_airplay_content/cgi_write_playlist of the file /cgi-bin/myMusic.cgi. The manipulation leads to command injection. The attack may be launched remotely. The exploit has been disclosed to the public and may be used. NOTE: This vulnerability only affects products that are no longer supported by the maintainer. NOTE: Vendor was contacted early and confirmed that the product is end-of-life. It should be retired and replaced.",Network,https://supportannouncement.us.dlink.com/security/publication.aspx?name=SAP10383,2.3,2024-08-19
D-Link,Networking Device,"DNR-326, DNS-1100-4, DNS-320L, DNS-323, DNS-320LW, DNS-315L, DNS-120, DNR-322L, DNR-202L, DNS-726-4, DNS-345, DNS-340L, DNS-320, DNS-325, DNS-327L, DNS-1200-05, DNS-326, DNS-321, DNS-1550-04, DNS-343",CVE-2024-8127,"A vulnerability classified as critical was found in D-Link DNS-120, DNR-202L, DNS-315L, DNS-320, DNS-320L, DNS-320LW, DNS-321, DNR-322L, DNS-323, DNS-325, DNS-326, DNS-327L, DNR-326, DNS-340L, DNS-343, DNS-345, DNS-726-4, DNS-1100-4, DNS-1200-05 and DNS-1550-04 up to 20240814. This vulnerability affects the function cgi_unzip of the file /cgi-bin/webfile_mgr.cgi of the component HTTP POST Request Handler. The manipulation of the argument path leads to command injection. The attack can be initiated remotely. The exploit has been disclosed to the public and may be used. NOTE: This vulnerability only affects products that are no longer supported by the maintainer. NOTE: Vendor was contacted early and confirmed that the product is end-of-life. It should be retired and replaced.",Network,https://supportannouncement.us.dlink.com/security/publication.aspx?name=SAP10383 | https://www.dlink.com/,2.3,2024-08-24
D-Link,Networking Device,"DNR-326, DNS-1100-4, DNS-320L, DNS-323, DNS-320LW, DNS-315L, DNS-120, DNR-322L, DNR-202L, DNS-726-4, DNS-345, DNS-340L, DNS-320, DNS-325, DNS-327L, DNS-1200-05, DNS-326, DNS-321, DNS-1550-04, DNS-343",CVE-2024-8128,"A vulnerability, which was classified as critical, has been found in D-Link DNS-120, DNR-202L, DNS-315L, DNS-320, DNS-320L, DNS-320LW, DNS-321, DNR-322L, DNS-323, DNS-325, DNS-326, DNS-327L, DNR-326, DNS-340L, DNS-343, DNS-345, DNS-726-4, DNS-1100-4, DNS-1200-05 and DNS-1550-04 up to 20240814. This issue affects the function cgi_add_zip of the file /cgi-bin/webfile_mgr.cgi of the component HTTP POST Request Handler. The manipulation of the argument path leads to command injection. The attack may be initiated remotely. The exploit has been disclosed to the public and may be used. NOTE: This vulnerability only affects products that are no longer supported by the maintainer. NOTE: Vendor was contacted early and confirmed that the product is end-of-life. It should be retired and replaced.",Network,https://supportannouncement.us.dlink.com/security/publication.aspx?name=SAP10383 | https://www.dlink.com/,2.3,2024-08-24
D-Link,Networking Device,"DNR-326, DNS-1100-4, DNS-320L, DNS-323, DNS-320LW, DNS-315L, DNS-120, DNR-322L, DNR-202L, DNS-726-4, DNS-345, DNS-340L, DNS-320, DNS-325, DNS-327L, DNS-1200-05, DNS-326, DNS-321, DNS-1550-04, DNS-343",CVE-2024-8129,"A vulnerability, which was classified as critical, was found in D-Link DNS-120, DNR-202L, DNS-315L, DNS-320, DNS-320L, DNS-320LW, DNS-321, DNR-322L, DNS-323, DNS-325, DNS-326, DNS-327L, DNR-326, DNS-340L, DNS-343, DNS-345, DNS-726-4, DNS-1100-4, DNS-1200-05 and DNS-1550-04 up to 20240814. Affected is the function cgi_s3_modify of the file /cgi-bin/s3.cgi of the component HTTP POST Request Handler. The manipulation of the argument f_job_name leads to command injection. It is possible to launch the attack remotely. The exploit has been disclosed to the public and may be used. NOTE: This vulnerability only affects products that are no longer supported by the maintainer. NOTE: Vendor was contacted early and confirmed that the product is end-of-life. It should be retired and replaced.",Network,https://supportannouncement.us.dlink.com/security/publication.aspx?name=SAP10383 | https://www.dlink.com/,2.3,2024-08-24
D-Link,Networking Device,"DNR-326, DNS-1100-4, DNS-320L, DNS-323, DNS-320LW, DNS-315L, DNS-120, DNR-322L, DNR-202L, DNS-726-4, DNS-345, DNS-340L, DNS-320, DNS-325, DNS-327L, DNS-1200-05, DNS-326, DNS-321, DNS-1550-04, DNS-343",CVE-2024-8130,"A vulnerability has been found in D-Link DNS-120, DNR-202L, DNS-315L, DNS-320, DNS-320L, DNS-320LW, DNS-321, DNR-322L, DNS-323, DNS-325, DNS-326, DNS-327L, DNR-326, DNS-340L, DNS-343, DNS-345, DNS-726-4, DNS-1100-4, DNS-1200-05 and DNS-1550-04 up to 20240814 and classified as critical. Affected by this vulnerability is the function cgi_s3 of the file /cgi-bin/s3.cgi of the component HTTP POST Request Handler. The manipulation of the argument f_a_key leads to command injection. The attack can be launched remotely. The exploit has been disclosed to the public and may be used. NOTE: This vulnerability only affects products that are no longer supported by the maintainer. NOTE: Vendor was contacted early and confirmed that the product is end-of-life. It should be retired and replaced.",Network,https://supportannouncement.us.dlink.com/security/publication.aspx?name=SAP10383 | https://www.dlink.com/,2.3,2024-08-24
D-Link,Access Point,"DNR-326, DNS-1100-4, DNS-320L, DNS-323, DNS-320LW, DNS-315L, DNS-120, DNR-322L, DNR-202L, DNS-726-4, DNS-345, DNS-340L, DNS-320, DNS-325, DNS-327L, DNS-1200-05, DNS-326, DNS-321, DNS-1550-04, DNS-343",CVE-2024-8131,"A vulnerability was found in D-Link DNS-120, DNR-202L, DNS-315L, DNS-320, DNS-320L, DNS-320LW, DNS-321, DNR-322L, DNS-323, DNS-325, DNS-326, DNS-327L, DNR-326, DNS-340L, DNS-343, DNS-345, DNS-726-4, DNS-1100-4, DNS-1200-05 and DNS-1550-04 up to 20240814 and classified as critical. Affected by this issue is the function module_enable_disable of the file /cgi-bin/apkg_mgr.cgi of the component HTTP POST Request Handler. The manipulation of the argument f_module_name leads to command injection. The attack may be launched remotely. The exploit has been disclosed to the public and may be used. NOTE: This vulnerability only affects products that are no longer supported by the maintainer. NOTE: Vendor was contacted early and confirmed that the product is end-of-life. It should be retired and replaced.",Network,https://supportannouncement.us.dlink.com/security/publication.aspx?name=SAP10383 | https://www.dlink.com/,2.3,2024-08-24
D-Link,Networking Device,"DNR-326, DNS-1100-4, DNS-320L, DNS-323, DNS-320LW, DNS-315L, DNS-120, DNR-322L, DNR-202L, DNS-726-4, DNS-345, DNS-340L, DNS-320, DNS-325, DNS-327L, DNS-1200-05, DNS-326, DNS-321, DNS-1550-04, DNS-343",CVE-2024-8132,"A vulnerability was found in D-Link DNS-120, DNR-202L, DNS-315L, DNS-320, DNS-320L, DNS-320LW, DNS-321, DNR-322L, DNS-323, DNS-325, DNS-326, DNS-327L, DNR-326, DNS-340L, DNS-343, DNS-345, DNS-726-4, DNS-1100-4, DNS-1200-05 and DNS-1550-04 up to 20240814. It has been classified as critical. This affects the function webdav_mgr of the file /cgi-bin/webdav_mgr.cgi of the component HTTP POST Request Handler. The manipulation of the argument f_path leads to command injection. It is possible to initiate the attack remotely. The exploit has been disclosed to the public and may be used. NOTE: This vulnerability only affects products that are no longer supported by the maintainer. NOTE: Vendor was contacted early and confirmed that the product is end-of-life. It should be retired and replaced.",Network,https://supportannouncement.us.dlink.com/security/publication.aspx?name=SAP10383 | https://www.dlink.com/,2.3,2024-08-24
D-Link,Networking Device,"DNR-326, DNS-1100-4, DNS-320L, DNS-323, DNS-320LW, DNS-315L, DNS-120, DNR-322L, DNR-202L, DNS-726-4, DNS-345, DNS-340L, DNS-320, DNS-325, DNS-327L, DNS-1200-05, DNS-326, DNS-321, DNS-1550-04, DNS-343",CVE-2024-8133,"A vulnerability was found in D-Link DNS-120, DNR-202L, DNS-315L, DNS-320, DNS-320L, DNS-320LW, DNS-321, DNR-322L, DNS-323, DNS-325, DNS-326, DNS-327L, DNR-326, DNS-340L, DNS-343, DNS-345, DNS-726-4, DNS-1100-4, DNS-1200-05 and DNS-1550-04 up to 20240814. It has been declared as critical. This vulnerability affects the function cgi_FMT_R5_SpareDsk_DiskMGR of the file /cgi-bin/hd_config.cgi of the component HTTP POST Request Handler. The manipulation of the argument f_source_dev leads to command injection. The attack can be initiated remotely. The exploit has been disclosed to the public and may be used. NOTE: This vulnerability only affects products that are no longer supported by the maintainer. NOTE: Vendor was contacted early and confirmed that the product is end-of-life. It should be retired and replaced.",Network,https://supportannouncement.us.dlink.com/security/publication.aspx?name=SAP10383 | https://www.dlink.com/,2.3,2024-08-24
D-Link,Networking Device,"DNR-326, DNS-1100-4, DNS-320L, DNS-323, DNS-320LW, DNS-315L, DNS-120, DNR-322L, DNR-202L, DNS-726-4, DNS-345, DNS-340L, DNS-320, DNS-325, DNS-327L, DNS-1200-05, DNS-326, DNS-321, DNS-1550-04, DNS-343",CVE-2024-8134,"A vulnerability was found in D-Link DNS-120, DNR-202L, DNS-315L, DNS-320, DNS-320L, DNS-320LW, DNS-321, DNR-322L, DNS-323, DNS-325, DNS-326, DNS-327L, DNR-326, DNS-340L, DNS-343, DNS-345, DNS-726-4, DNS-1100-4, DNS-1200-05 and DNS-1550-04 up to 20240814. It has been rated as critical. This issue affects the function cgi_FMT_Std2R5_1st_DiskMGR of the file /cgi-bin/hd_config.cgi of the component HTTP POST Request Handler. The manipulation of the argument f_source_dev leads to command injection. The attack may be initiated remotely. The exploit has been disclosed to the public and may be used. NOTE: This vulnerability only affects products that are no longer supported by the maintainer. NOTE: Vendor was contacted early and confirmed that the product is end-of-life. It should be retired and replaced.",Network,https://supportannouncement.us.dlink.com/security/publication.aspx?name=SAP10383 | https://www.dlink.com/,2.3,2024-08-24
D-Link,Networking Device,"DNR-326, DNS-1100-4, DNS-320L, DNS-323, DNS-320LW, DNS-315L, DNS-120, DNR-322L, DNR-202L, DNS-726-4, DNS-345, DNS-340L, DNS-320, DNS-325, DNS-327L, DNS-1200-05, DNS-326, DNS-321, DNS-1550-04, DNS-343",CVE-2024-8210,"A vulnerability was found in D-Link DNS-120, DNR-202L, DNS-315L, DNS-320, DNS-320L, DNS-320LW, DNS-321, DNR-322L, DNS-323, DNS-325, DNS-326, DNS-327L, DNR-326, DNS-340L, DNS-343, DNS-345, DNS-726-4, DNS-1100-4, DNS-1200-05 and DNS-1550-04 up to 20240814. It has been classified as critical. This affects the function sprintf of the file /cgi-bin/hd_config.cgi. The manipulation of the argument f_mount leads to command injection. It is possible to initiate the attack remotely. The exploit has been disclosed to the public and may be used. NOTE: This vulnerability only affects products that are no longer supported by the maintainer. NOTE: Vendor was contacted early and confirmed that the product is end-of-life. It should be retired and replaced.",Network,https://supportannouncement.us.dlink.com/security/publication.aspx?name=SAP10383 | https://www.dlink.com/,2.3,2024-08-27
D-Link,Networking Device,"DNR-326, DNS-1100-4, DNS-320L, DNS-323, DNS-320LW, DNS-315L, DNS-120, DNR-322L, DNR-202L, DNS-726-4, DNS-345, DNS-340L, DNS-320, DNS-325, DNS-327L, DNS-1200-05, DNS-326, DNS-321, DNS-1550-04, DNS-343",CVE-2024-8211,"A vulnerability was found in D-Link DNS-120, DNR-202L, DNS-315L, DNS-320, DNS-320L, DNS-320LW, DNS-321, DNR-322L, DNS-323, DNS-325, DNS-326, DNS-327L, DNR-326, DNS-340L, DNS-343, DNS-345, DNS-726-4, DNS-1100-4, DNS-1200-05 and DNS-1550-04 up to 20240814. It has been declared as critical. This vulnerability affects the function cgi_FMT_Std2R1_DiskMGR of the file /cgi-bin/hd_config.cgi. The manipulation of the argument f_newly_dev leads to command injection. The attack can be initiated remotely. The exploit has been disclosed to the public and may be used. NOTE: This vulnerability only affects products that are no longer supported by the maintainer. NOTE: Vendor was contacted early and confirmed that the product is end-of-life. It should be retired and replaced.",Network,https://supportannouncement.us.dlink.com/security/publication.aspx?name=SAP10383 | https://www.dlink.com/,2.3,2024-08-27
D-Link,Networking Device,"DNR-326, DNS-1100-4, DNS-320L, DNS-323, DNS-320LW, DNS-315L, DNS-120, DNR-322L, DNR-202L, DNS-726-4, DNS-345, DNS-340L, DNS-320, DNS-325, DNS-327L, DNS-1200-05, DNS-326, DNS-321, DNS-1550-04, DNS-343",CVE-2024-8212,"A vulnerability was found in D-Link DNS-120, DNR-202L, DNS-315L, DNS-320, DNS-320L, DNS-320LW, DNS-321, DNR-322L, DNS-323, DNS-325, DNS-326, DNS-327L, DNR-326, DNS-340L, DNS-343, DNS-345, DNS-726-4, DNS-1100-4, DNS-1200-05 and DNS-1550-04 up to 20240814. It has been rated as critical. This issue affects the function cgi_FMT_R12R5_2nd_DiskMGR of the file /cgi-bin/hd_config.cgi. The manipulation of the argument f_source_dev leads to command injection. The attack may be initiated remotely. The exploit has been disclosed to the public and may be used. NOTE: This vulnerability only affects products that are no longer supported by the maintainer. NOTE: Vendor was contacted early and confirmed that the product is end-of-life. It should be retired and replaced.",Network,https://supportannouncement.us.dlink.com/security/publication.aspx?name=SAP10383 | https://www.dlink.com/,2.3,2024-08-27
D-Link,Networking Device,"DNR-326, DNS-1100-4, DNS-320L, DNS-323, DNS-320LW, DNS-315L, DNS-120, DNR-322L, DNR-202L, DNS-726-4, DNS-345, DNS-340L, DNS-320, DNS-325, DNS-327L, DNS-1200-05, DNS-326, DNS-321, DNS-1550-04, DNS-343",CVE-2024-8213,"A vulnerability classified as critical has been found in D-Link DNS-120, DNR-202L, DNS-315L, DNS-320, DNS-320L, DNS-320LW, DNS-321, DNR-322L, DNS-323, DNS-325, DNS-326, DNS-327L, DNR-326, DNS-340L, DNS-343, DNS-345, DNS-726-4, DNS-1100-4, DNS-1200-05 and DNS-1550-04 up to 20240814. Affected is the function cgi_FMT_R12R5_1st_DiskMGR of the file /cgi-bin/hd_config.cgi. The manipulation of the argument f_source_dev leads to command injection. It is possible to launch the attack remotely. The exploit has been disclosed to the public and may be used. NOTE: This vulnerability only affects products that are no longer supported by the maintainer. NOTE: Vendor was contacted early and confirmed that the product is end-of-life. It should be retired and replaced.",Network,https://supportannouncement.us.dlink.com/security/publication.aspx?name=SAP10383 | https://www.dlink.com/,2.3,2024-08-27
D-Link,Networking Device,"DNR-326, DNS-1100-4, DNS-320L, DNS-323, DNS-320LW, DNS-315L, DNS-120, DNR-322L, DNR-202L, DNS-726-4, DNS-345, DNS-340L, DNS-320, DNS-325, DNS-327L, DNS-1200-05, DNS-326, DNS-321, DNS-1550-04, DNS-343",CVE-2024-8214,"A vulnerability classified as critical was found in D-Link DNS-120, DNR-202L, DNS-315L, DNS-320, DNS-320L, DNS-320LW, DNS-321, DNR-322L, DNS-323, DNS-325, DNS-326, DNS-327L, DNR-326, DNS-340L, DNS-343, DNS-345, DNS-726-4, DNS-1100-4, DNS-1200-05 and DNS-1550-04 up to 20240814. Affected by this vulnerability is the function cgi_FMT_Std2R5_2nd_DiskMGR of the file /cgi-bin/hd_config.cgi. The manipulation of the argument f_source_dev leads to command injection. The attack can be launched remotely. The exploit has been disclosed to the public and may be used. NOTE: This vulnerability only affects products that are no longer supported by the maintainer. NOTE: Vendor was contacted early and confirmed that the product is end-of-life. It should be retired and replaced.",Network,https://supportannouncement.us.dlink.com/security/publication.aspx?name=SAP10383 | https://www.dlink.com/,2.3,2024-08-27
D-Link,Access Point,DNS-320,CVE-2024-8460,"A vulnerability, which was classified as problematic, has been found in D-Link DNS-320 2.02b01. Affected by this issue is some unknown functionality of the file /cgi-bin/widget_api.cgi of the component Web Management Interface. The manipulation of the argument getHD/getSer/getSys leads to information disclosure. The attack may be launched remotely. The complexity of an attack is rather high. The exploitation is known to be difficult. The exploit has been disclosed to the public and may be used. NOTE: This vulnerability only affects products that are no longer supported by the maintainer. Vendor was contacted early and confirmed that the product is end-of-life. It should be retired and replaced.",Network,https://supportannouncement.us.dlink.com/security/publication.aspx?name=SAP10383 | https://www.dlink.com/,2.3,2024-09-05
D-Link,Network Storage,DNS-320,CVE-2024-8461,"A vulnerability, which was classified as problematic, was found in D-Link DNS-320 2.02b01. This affects an unknown part of the file /cgi-bin/discovery.cgi of the component Web Management Interface. The manipulation leads to information disclosure. It is possible to initiate the attack remotely. The exploit has been disclosed to the public and may be used. NOTE: This vulnerability only affects products that are no longer supported by the maintainer. Vendor was contacted early and confirmed that the product is end-of-life. It should be retired and replaced.",Network,https://supportannouncement.us.dlink.com/security/publication.aspx?name=SAP10383 | https://www.dlink.com/,2.3,2024-09-05
D-Link,Networking Device,DAR-7000,CVE-2024-9004,A vulnerability classified as critical has been found in D-Link DAR-7000 up to 20240912. Affected is an unknown function of the file /view/DBManage/Backup_Server_commit.php. The manipulation of the argument host leads to os command injection. It is possible to launch the attack remotely. The exploit has been disclosed to the public and may be used. NOTE: This vulnerability only affects products that are no longer supported by the maintainer.,Network,https://supportannouncement.us.dlink.com/security/publication.aspx?name=SAP10354 | https://www.dlink.com/,2.3,2024-09-19
D-Link,Router,DIR-605L,CVE-2024-9514,A vulnerability was found in D-Link DIR-605L 2.13B01 BETA. It has been declared as critical. This vulnerability affects the function formSetDomainFilter of the file /goform/formSetDomainFilter. The manipulation of the argument curTime leads to buffer overflow. The attack can be initiated remotely. The exploit has been disclosed to the public and may be used.,Network,https://www.dlink.com/,2.3,2024-10-04
D-Link,Router,DIR-605L,CVE-2024-9515,A vulnerability was found in D-Link DIR-605L 2.13B01 BETA. It has been classified as critical. This affects the function formSetQoS of the file /goform/formSetQoS. The manipulation of the argument curTime leads to buffer overflow. It is possible to initiate the attack remotely. The exploit has been disclosed to the public and may be used.,Network,https://www.dlink.com/,2.3,2024-10-04
D-Link,Router,DIR-605L,CVE-2024-9532,A vulnerability has been found in D-Link DIR-605L 2.13B01 BETA and classified as critical. This vulnerability affects the function formAdvanceSetup of the file /goform/formAdvanceSetup. The manipulation of the argument webpage leads to buffer overflow. The attack can be initiated remotely. The exploit has been disclosed to the public and may be used.,Network,https://www.dlink.com/,2.3,2024-10-05
D-Link,Router,DIR-605L,CVE-2024-9533,A vulnerability was found in D-Link DIR-605L 2.13B01 BETA and classified as critical. This issue affects the function formDeviceReboot of the file /goform/formDeviceReboot. The manipulation of the argument next_page leads to buffer overflow. The attack may be initiated remotely. The exploit has been disclosed to the public and may be used.,Network,https://www.dlink.com/,2.3,2024-10-05
D-Link,Router,DIR-605L,CVE-2024-9534,A vulnerability was found in D-Link DIR-605L 2.13B01 BETA. It has been classified as critical. Affected is the function formEasySetPassword of the file /goform/formEasySetPassword. The manipulation of the argument curTime leads to buffer overflow. It is possible to launch the attack remotely. The exploit has been disclosed to the public and may be used.,Network,https://www.dlink.com/,2.3,2024-10-05
D-Link,Router,DIR-605L,CVE-2024-9535,A vulnerability was found in D-Link DIR-605L 2.13B01 BETA. It has been declared as critical. Affected by this vulnerability is the function formEasySetupWWConfig of the file /goform/formEasySetupWWConfig. The manipulation of the argument curTime leads to buffer overflow. The attack can be launched remotely. The exploit has been disclosed to the public and may be used.,Network,https://www.dlink.com/,2.3,2024-10-05
D-Link,Router,DIR-605L,CVE-2024-9549,A vulnerability was found in D-Link DIR-605L 2.13B01 BETA and classified as critical. This issue affects the function formEasySetupWizard/formEasySetupWizard2 of the file /goform/formEasySetupWizard. The manipulation of the argument curTime leads to buffer overflow. The attack may be initiated remotely. The exploit has been disclosed to the public and may be used.,Network,https://www.dlink.com/,2.3,2024-10-06
D-Link,Router,DIR-605L,CVE-2024-9550,A vulnerability was found in D-Link DIR-605L 2.13B01 BETA. It has been classified as critical. Affected is the function formLogDnsquery of the file /goform/formLogDnsquery. The manipulation of the argument curTime leads to buffer overflow. It is possible to launch the attack remotely. The exploit has been disclosed to the public and may be used.,Network,https://www.dlink.com/,2.3,2024-10-06
D-Link,Router,DIR-605L,CVE-2024-9551,A vulnerability was found in D-Link DIR-605L 2.13B01 BETA. It has been declared as critical. Affected by this vulnerability is the function formSetWanL2TP of the file /goform/formSetWanL2TP. The manipulation of the argument webpage leads to buffer overflow. The attack can be launched remotely. The exploit has been disclosed to the public and may be used.,Network,https://www.dlink.com/,2.3,2024-10-06
D-Link,Router,DIR-605L,CVE-2024-9552,A vulnerability was found in D-Link DIR-605L 2.13B01 BETA. It has been rated as critical. Affected by this issue is the function formSetWanNonLogin of the file /goform/formSetWanNonLogin. The manipulation of the argument webpage leads to buffer overflow. The attack may be launched remotely. The exploit has been disclosed to the public and may be used.,Network,https://www.dlink.com/,2.3,2024-10-06
D-Link,Router,DIR-605L,CVE-2024-9553,A vulnerability classified as critical has been found in D-Link DIR-605L 2.13B01 BETA. This affects the function formdumpeasysetup of the file /goform/formdumpeasysetup. The manipulation of the argument curTime leads to buffer overflow. It is possible to initiate the attack remotely. The exploit has been disclosed to the public and may be used.,Network,https://www.dlink.com/,2.3,2024-10-06
D-Link,Router,DIR-605L,CVE-2024-9555,"A vulnerability, which was classified as critical, has been found in D-Link DIR-605L 2.13B01 BETA. Affected by this issue is the function formSetEasy_Wizard of the file /goform/formSetEasy_Wizard. The manipulation of the argument curTime leads to buffer overflow. The attack may be launched remotely. The exploit has been disclosed to the public and may be used.",Network,https://www.dlink.com/,2.3,2024-10-06
D-Link,Router,DIR-605L,CVE-2024-9556,"A vulnerability, which was classified as critical, was found in D-Link DIR-605L 2.13B01 BETA. This affects the function formSetEnableWizard of the file /goform/formSetEnableWizard. The manipulation of the argument curTime leads to buffer overflow. It is possible to initiate the attack remotely. The exploit has been disclosed to the public and may be used.",Network,https://www.dlink.com/,2.3,2024-10-06
D-Link,Router,DIR-605L,CVE-2024-9557,A vulnerability has been found in D-Link DIR-605L 2.13B01 BETA and classified as critical. This vulnerability affects the function formSetWanPPPoE of the file /goform/formSetWanPPPoE. The manipulation of the argument webpage leads to buffer overflow. The attack can be initiated remotely. The exploit has been disclosed to the public and may be used.,Network,https://www.dlink.com/,2.3,2024-10-06
D-Link,Router,DIR-605L,CVE-2024-9558,A vulnerability was found in D-Link DIR-605L 2.13B01 BETA and classified as critical. This issue affects the function formSetWanPPTP of the file /goform/formSetWanPPTP. The manipulation of the argument webpage leads to buffer overflow. The attack may be initiated remotely. The exploit has been disclosed to the public and may be used.,Network,https://www.dlink.com/,2.3,2024-10-06
D-Link,Router,DIR-605L,CVE-2024-9559,A vulnerability was found in D-Link DIR-605L 2.13B01 BETA. It has been classified as critical. Affected is the function formWlanSetup of the file /goform/formWlanSetup. The manipulation of the argument webpage leads to buffer overflow. It is possible to launch the attack remotely. The exploit has been disclosed to the public and may be used.,Network,https://www.dlink.com/,2.3,2024-10-06
D-Link,Router,DIR-605L,CVE-2024-9561,A vulnerability classified as critical has been found in D-Link DIR-605L 2.13B01 BETA. This affects the function formSetWAN_Wizard51/formSetWAN_Wizard52. The manipulation of the argument curTime leads to buffer overflow. It is possible to initiate the attack remotely. The exploit has been disclosed to the public and may be used.,Network,https://www.dlink.com/,2.3,2024-10-06
D-Link,Router,DIR-605L,CVE-2024-9562,A vulnerability classified as critical was found in D-Link DIR-605L 2.13B01 BETA. This vulnerability affects the function formSetWizard1/formSetWizard2. The manipulation of the argument curTime leads to buffer overflow. The attack can be initiated remotely. The exploit has been disclosed to the public and may be used.,Network,https://www.dlink.com/,2.3,2024-10-06
D-Link,Router,DIR-605L,CVE-2024-9563,"A vulnerability, which was classified as critical, has been found in D-Link DIR-605L 2.13B01 BETA. This issue affects the function formWlanSetup_Wizard of the file /goform/formWlanSetup_Wizard. The manipulation of the argument webpage leads to buffer overflow. The attack may be initiated remotely. The exploit has been disclosed to the public and may be used.",Network,https://www.dlink.com/,2.3,2024-10-07
D-Link,Router,DIR-605L,CVE-2024-9564,"A vulnerability, which was classified as critical, was found in D-Link DIR-605L 2.13B01 BETA. Affected is the function formWlanWizardSetup of the file /goform/formWlanWizardSetup. The manipulation of the argument webpage leads to buffer overflow. It is possible to launch the attack remotely. The exploit has been disclosed to the public and may be used.",Network,https://www.dlink.com/,2.3,2024-10-07
D-Link,Router,DIR-605L,CVE-2024-9565,A vulnerability has been found in D-Link DIR-605L 2.13B01 BETA and classified as critical. Affected by this vulnerability is the function formSetPassword of the file /goform/formSetPassword. The manipulation of the argument curTime leads to buffer overflow. The attack can be launched remotely. The exploit has been disclosed to the public and may be used.,Network,https://www.dlink.com/,2.3,2024-10-07
D-Link,Router,DIR-619L,CVE-2024-9566,A vulnerability classified as critical was found in D-Link DIR-619L B1 2.06. This vulnerability affects the function formDeviceReboot of the file /goform/formDeviceReboot. The manipulation of the argument next_page leads to buffer overflow. The attack can be initiated remotely. The exploit has been disclosed to the public and may be used.,Network,https://www.dlink.com/,2.3,2024-10-07
D-Link,Router,DIR-619L,CVE-2024-9567,"A vulnerability, which was classified as critical, has been found in D-Link DIR-619L B1 2.06. This issue affects the function formAdvFirewall of the file /goform/formAdvFirewall. The manipulation of the argument curTime leads to buffer overflow. The attack may be initiated remotely. The exploit has been disclosed to the public and may be used.",Network,https://www.dlink.com/,2.3,2024-10-07
D-Link,Router,DIR-619L,CVE-2024-9568,"A vulnerability, which was classified as critical, was found in D-Link DIR-619L B1 2.06. Affected is the function formAdvNetwork of the file /goform/formAdvNetwork. The manipulation of the argument curTime leads to buffer overflow. It is possible to launch the attack remotely. The exploit has been disclosed to the public and may be used.",Network,https://www.dlink.com/,2.3,2024-10-07
D-Link,Router,DIR-619L,CVE-2024-9569,A vulnerability has been found in D-Link DIR-619L B1 2.06 and classified as critical. Affected by this vulnerability is the function formEasySetPassword of the file /goform/formEasySetPassword. The manipulation of the argument curTime leads to buffer overflow. The attack can be launched remotely. The exploit has been disclosed to the public and may be used.,Network,https://www.dlink.com/,2.3,2024-10-07
D-Link,Router,DIR-619L,CVE-2024-9570,A vulnerability was found in D-Link DIR-619L B1 2.06 and classified as critical. Affected by this issue is the function formEasySetTimezone of the file /goform/formEasySetTimezone. The manipulation of the argument curTime leads to buffer overflow. The attack may be launched remotely. The exploit has been disclosed to the public and may be used.,Network,https://www.dlink.com/,2.3,2024-10-07
D-Link,Router,DIR-619L,CVE-2024-9782,A vulnerability was found in D-Link DIR-619L B1 2.06. It has been declared as critical. This vulnerability affects the function formEasySetupWWConfig of the file /goform/formEasySetupWWConfig. The manipulation of the argument curTime leads to buffer overflow. The attack can be initiated remotely. The exploit has been disclosed to the public and may be used.,Network,https://www.dlink.com/,2.3,2024-10-10
D-Link,Router,DIR-619L,CVE-2024-9783,A vulnerability was found in D-Link DIR-619L B1 2.06. It has been rated as critical. This issue affects the function formLogDnsquery of the file /goform/formLogDnsquery. The manipulation of the argument curTime leads to buffer overflow. The attack may be initiated remotely. The exploit has been disclosed to the public and may be used.,Network,https://www.dlink.com/,2.3,2024-10-10
D-Link,Router,DIR-619L,CVE-2024-9784,A vulnerability classified as critical has been found in D-Link DIR-619L B1 2.06. Affected is the function formResetStatistic of the file /goform/formResetStatistic. The manipulation of the argument curTime leads to buffer overflow. It is possible to launch the attack remotely. The exploit has been disclosed to the public and may be used.,Network,https://www.dlink.com/,2.3,2024-10-10
D-Link,Router,DIR-619L,CVE-2024-9785,A vulnerability classified as critical was found in D-Link DIR-619L B1 2.06. Affected by this vulnerability is the function formSetDDNS of the file /goform/formSetDDNS. The manipulation of the argument curTime leads to buffer overflow. The attack can be launched remotely. The exploit has been disclosed to the public and may be used.,Network,https://www.dlink.com/,2.3,2024-10-10
D-Link,Router,DIR-619L,CVE-2024-9786,"A vulnerability, which was classified as critical, has been found in D-Link DIR-619L B1 2.06. Affected by this issue is the function formSetLog of the file /goform/formSetLog. The manipulation of the argument curTime leads to buffer overflow. The attack may be launched remotely. The exploit has been disclosed to the public and may be used.",Network,https://www.dlink.com/,2.3,2024-10-10
D-Link,Access Point,DSL-2750U,CVE-2024-9792,A vulnerability classified as problematic has been found in D-Link DSL-2750U R5B017. This affects an unknown part of the component Port Forwarding Page. The manipulation of the argument PortMappingDescription leads to cross site scripting. It is possible to initiate the attack remotely.,Network,https://www.dlink.com/,2.3,2024-10-10
D-Link,Router,DIR-619L,CVE-2024-9908,"A vulnerability, which was classified as critical, was found in D-Link DIR-619L B1 2.06. Affected is the function formSetMACFilter of the file /goform/formSetMACFilter. The manipulation of the argument curTime leads to buffer overflow. The exploit has been disclosed to the public and may be used.",Network,https://www.dlink.com/,2.3,2024-10-13
D-Link,Router,DIR-619L,CVE-2024-9909,A vulnerability has been found in D-Link DIR-619L B1 2.06 and classified as critical. Affected by this vulnerability is the function formSetMuti of the file /goform/formSetMuti. The manipulation of the argument curTime leads to buffer overflow. The attack can be launched remotely. The exploit has been disclosed to the public and may be used.,Network,https://www.dlink.com/,2.3,2024-10-13
D-Link,Router,DIR-619L,CVE-2024-9910,A vulnerability was found in D-Link DIR-619L B1 2.06 and classified as critical. Affected by this issue is the function formSetPassword of the file /goform/formSetPassword. The manipulation of the argument curTime leads to buffer overflow. The attack may be launched remotely. The exploit has been disclosed to the public and may be used.,Network,https://www.dlink.com/,2.3,2024-10-13
D-Link,Router,DIR-619L,CVE-2024-9911,A vulnerability was found in D-Link DIR-619L B1 2.06. It has been classified as critical. This affects the function formSetPortTr of the file /goform/formSetPortTr. The manipulation of the argument curTime leads to buffer overflow. It is possible to initiate the attack remotely. The exploit has been disclosed to the public and may be used.,Network,https://www.dlink.com/,2.3,2024-10-13
D-Link,Router,DIR-619L,CVE-2024-9912,A vulnerability was found in D-Link DIR-619L B1 2.06. It has been declared as critical. This vulnerability affects the function formSetQoS of the file /goform/formSetQoS. The manipulation of the argument curTime leads to buffer overflow. The attack can be initiated remotely. The exploit has been disclosed to the public and may be used.,Network,https://www.dlink.com/,2.3,2024-10-13
D-Link,Router,DIR-619L,CVE-2024-9913,A vulnerability was found in D-Link DIR-619L B1 2.06. It has been rated as critical. This issue affects the function formSetRoute of the file /goform/formSetRoute. The manipulation of the argument curTime leads to buffer overflow. The attack may be initiated remotely. The exploit has been disclosed to the public and may be used.,Network,https://www.dlink.com/,2.3,2024-10-13
D-Link,Router,DIR-619L,CVE-2024-9914,A vulnerability classified as critical has been found in D-Link DIR-619L B1 2.06. Affected is the function formSetWizardSelectMode of the file /goform/formSetWizardSelectMode. The manipulation of the argument curTime leads to buffer overflow. It is possible to launch the attack remotely. The exploit has been disclosed to the public and may be used.,Network,https://www.dlink.com/,2.3,2024-10-13
D-Link,Router,DIR-619L,CVE-2024-9915,A vulnerability classified as critical was found in D-Link DIR-619L B1 2.06. Affected by this vulnerability is the function formVirtualServ of the file /goform/formVirtualServ. The manipulation of the argument curTime leads to buffer overflow. The attack can be launched remotely. The exploit has been disclosed to the public and may be used.,Network,https://www.dlink.com/,2.3,2024-10-13
D-Link,Router,"DIR-859_A3, DIR-859",CVE-2022-25106,D-Link DIR-859 v1.05 was discovered to contain a stack-based buffer overflow via the function genacgi_main. This vulnerability allows attackers to cause a Denial of Service (DoS) via a crafted payload.,Network,https://www.dlink.com/en/security-bulletin/ | https://supportannouncement.us.dlink.com/announcement/publication.aspx?name=SAP10267,2.3,2022-03-04
D-Link,Router,DIR-820L,CVE-2022-26258,D-Link DIR-820L 1.05B03 was discovered to contain remote command execution (RCE) vulnerability via HTTP POST to get set ccp.,Network,https://www.dlink.com/en/security-bulletin/ | http://dlink.com,2.3,2022-03-28
D-Link,Router,DIR-878,CVE-2022-26670,D-Link DIR-878 has inadequate filtering for special characters in the webpage input field. An unauthenticated LAN attacker can perform command injection attack to execute arbitrary system commands to control the system or disrupt service.,Adjacent Network,Not provided,2.3,2022-04-07
D-Link,Router,DIR-619_AX,CVE-2022-27286,D-Link DIR-619 Ax v1.00 was discovered to contain a stack overflow in the function formSetWanNonLogin. This vulnerability allows attackers to cause a Denial of Service (DoS) via the curTime parameter.,Network,https://www.dlink.com/en/security-bulletin/,2.3,2022-04-10
D-Link,Router,DIR-619_AX,CVE-2022-27287,D-Link DIR-619 Ax v1.00 was discovered to contain a stack overflow in the function formSetWanPPPoE. This vulnerability allows attackers to cause a Denial of Service (DoS) via the curTime parameter.,Network,https://www.dlink.com/en/security-bulletin/,2.3,2022-04-10
D-Link,Router,DIR-619,CVE-2022-27288,D-Link DIR-619 Ax v1.00 was discovered to contain a stack overflow in the function formSetWanPPTP. This vulnerability allows attackers to cause a Denial of Service (DoS) via the curTime parameter.,Network,https://www.dlink.com/en/security-bulletin/,2.3,2022-04-10
D-Link,Router,DIR-619,CVE-2022-27289,D-Link DIR-619 Ax v1.00 was discovered to contain a stack overflow in the function formSetWanL2TP. This vulnerability allows attackers to cause a Denial of Service (DoS) via the curTime parameter.,Network,https://www.dlink.com/en/security-bulletin/,2.3,2022-04-10
D-Link,Router,DIR-619,CVE-2022-27290,D-Link DIR-619 Ax v1.00 was discovered to contain a stack overflow in the function formSetWanDhcpplus. This vulnerability allows attackers to cause a Denial of Service (DoS) via the curTime parameter.,Network,https://www.dlink.com/en/security-bulletin/,2.3,2022-04-10
D-Link,Router,DIR-619,CVE-2022-27291,D-Link DIR-619 Ax v1.00 was discovered to contain a stack overflow in the function formdumpeasysetup. This vulnerability allows attackers to cause a Denial of Service (DoS) via the config.save_network_enabled parameter.,Network,https://www.dlink.com/en/security-bulletin/,2.3,2022-04-10
D-Link,Router,DIR-619,CVE-2022-27292,D-Link DIR-619 Ax v1.00 was discovered to contain a stack overflow in the function formLanguageChange. This vulnerability allows attackers to cause a Denial of Service (DoS) via the nextPage parameter.,Network,https://www.dlink.com/en/security-bulletin/,2.3,2022-04-10
D-Link,Router,DIR-619,CVE-2022-27293,D-Link DIR-619 Ax v1.00 was discovered to contain a stack overflow in the function formWlanSetup. This vulnerability allows attackers to cause a Denial of Service (DoS) via the webpage parameter.,Network,https://www.dlink.com/en/security-bulletin/,2.3,2022-04-10
D-Link,Router,DIR-619,CVE-2022-27294,D-Link DIR-619 Ax v1.00 was discovered to contain a stack overflow in the function formWlanWizardSetup. This vulnerability allows attackers to cause a Denial of Service (DoS) via the webpage parameter.,Network,https://www.dlink.com/en/security-bulletin/,2.3,2022-04-10
D-Link,Router,DIR-619,CVE-2022-27295,D-Link DIR-619 Ax v1.00 was discovered to contain a stack overflow in the function formAdvanceSetup. This vulnerability allows attackers to cause a Denial of Service (DoS) via the webpage parameter.,Network,https://www.dlink.com/en/security-bulletin/,2.3,2022-04-10
D-Link,Router,DIR-882,CVE-2022-28571,D-link 882 DIR882A1_FW130B06 was discovered to contain a command injection vulnerability in`/usr/bin/cli.,Adjacent Network,https://www.dlink.com/en/security-bulletin/,2.3,2022-05-02
D-Link,Router,DIR-823_PRO,CVE-2022-28573,D-Link DIR-823-Pro v1.0.2 was discovered to contain a command injection vulnerability in the function SetNTPserverSeting. This vulnerability allows attackers to execute arbitrary commands via the system_time_timezone parameter.,Network,https://www.dlink.com/en/security-bulletin/,2.3,2022-05-02
D-Link,Router,DIR-882,CVE-2022-28895,A command injection vulnerability in the component /setnetworksettings/IPAddress of D-Link DIR882 DIR882A1_FW130B06 allows attackers to escalate privileges to root via a crafted payload.,Network,https://www.dlink.com/en/security-bulletin/,2.3,2022-05-10
D-Link,Router,DIR-882,CVE-2022-28896,A command injection vulnerability in the component /setnetworksettings/SubnetMask of D-Link DIR882 DIR882A1_FW130B06 allows attackers to escalate privileges to root via a crafted payload.,Network,https://www.dlink.com/en/security-bulletin/,2.3,2022-05-10
D-Link,Router,DIR-882,CVE-2022-28901,A command injection vulnerability in the component /SetTriggerLEDBlink/Blink of D-Link DIR882 DIR882A1_FW130B06 allows attackers to escalate privileges to root via a crafted payload.,Network,https://www.dlink.com/en/security-bulletin/,2.3,2022-05-10
D-Link,Router,DIR-816,CVE-2022-28915,D-Link DIR-816 A2_v1.10CNB04 was discovered to contain a command injection vulnerability via the admuser and admpass parameters in /goform/setSysAdm.,Network,https://www.dlink.com/en/security-bulletin/,2.3,2022-05-10
D-Link,Networking Device,DSL-G2452DG,CVE-2022-28932,D-Link DSL-G2452DG HW:T1\\tFW:ME_2.00 was discovered to contain insecure permissions.,Network,https://www.dlink.com/en/security-bulletin/ | http://d-link.com,2.3,2022-05-23
D-Link,Router,DIR-816L,CVE-2022-28955,An access control issue in D-Link DIR816L_FW206b01 allows unauthenticated attackers to access folders folder_view.php and category_view.php.,Network,https://www.dlink.com/en/security-bulletin/,2.3,2022-05-18
D-Link,Router,DIR-816L,CVE-2022-28956,An issue in the getcfg.php component of D-Link DIR816L_FW206b01 allows attackers to access the device via a crafted payload.,Network,https://www.dlink.com/en/security-bulletin/,2.3,2022-05-18
D-Link,Networking Device,Unknown,CVE-2022-28958,Rejected reason: DO NOT USE THIS CVE RECORD. ConsultIDs: none. Reason: This record was withdrawn by its CNA. Further investigation showed that it was not a security issue. Notes: none.,,Not provided,unknown versions,2022-05-18
D-Link,Router,DIR-816,CVE-2022-29321,D-Link DIR-816 A2_v1.10CNB04 was discovered to contain a stack overflow via the lanip parameter in /goform/setNetworkLan.,Network,https://www.dlink.com/en/security-bulletin/,2.3,2022-05-10
D-Link,Router,DIR-816,CVE-2022-29322,D-Link DIR-816 A2_v1.10CNB04 was discovered to contain a stack overflow via the IPADDR and nvmacaddr parameters in /goform/form2Dhcpip.,Network,https://www.dlink.com/en/security-bulletin/,2.3,2022-05-10
D-Link,Router,DIR-816,CVE-2022-29323,D-Link DIR-816 A2_v1.10CNB04 was discovered to contain a stack overflow via the MAC parameter in /goform/editassignment.,Network,https://www.dlink.com/en/security-bulletin/,2.3,2022-05-10
D-Link,Router,DIR-816,CVE-2022-29324,D-Link DIR-816 A2_v1.10CNB04 was discovered to contain a stack overflow via the proto parameter in /goform/form2IPQoSTcAdd.,Network,https://www.dlink.com/en/security-bulletin/,2.3,2022-05-10
D-Link,Router,DIR-816,CVE-2022-29325,D-Link DIR-816 A2_v1.10CNB04 was discovered to contain a stack overflow via the addurlfilter parameter in /goform/websURLFilter.,Network,https://www.dlink.com/en/security-bulletin/,2.3,2022-05-10
D-Link,Router,DIR-816,CVE-2022-29326,D-Link DIR-816 A2_v1.10CNB04 was discovered to contain a stack overflow via the addhostfilter parameter in /goform/websHostFilter.,Network,https://www.dlink.com/en/security-bulletin/,2.3,2022-05-10
D-Link,Router,DIR-816,CVE-2022-29327,D-Link DIR-816 A2_v1.10CNB04 was discovered to contain a stack overflow via the urladd parameter in /goform/websURLFilterAddDel.,Network,https://www.dlink.com/en/security-bulletin/,2.3,2022-05-10
D-Link,Access Point,DAP-1330,CVE-2022-29328,D-Link DAP-1330_OSS-firmware_1.00b21 was discovered to contain a stack overflow via the function checkvalidupgrade.,Network,https://www.dlink.com/en/security-bulletin/,2.3,2022-05-10
D-Link,Access Point,DAP-1330,CVE-2022-29329,D-Link DAP-1330_OSS-firmware_1.00b21 was discovered to contain a heap overflow via the devicename parameter in /goform/setDeviceSettings.,Network,https://www.dlink.com/en/security-bulletin/,2.3,2022-05-10
D-Link,Router,DIR-825,CVE-2022-29332,"D-LINK DIR-825 AC1200 R2 is vulnerable to Directory Traversal. An attacker could use the ""../../../../"" setting of the FTP server folder to set the router's root folder for FTP access. This allows you to access the entire router file system via the FTP server.",Network,Not provided,2.3,2022-05-17
D-Link,Router,DIR-890L,CVE-2022-29778,D-Link DIR-890L 1.20b01 allows attackers to execute arbitrary code due to the hardcoded option Wake-On-Lan for the parameter 'descriptor' at SetVirtualServerSettings.php,Network,https://www.dlink.com/en/security-bulletin/,2.3,2022-06-03
D-Link,Router,DIR-890L,CVE-2022-30521,The LAN-side Web-Configuration Interface has Stack-based Buffer Overflow vulnerability in the D-Link Wi-Fi router firmware DIR-890L DIR890LA1_FW107b09.bin and previous versions. The function created at 0x17958 of /htdocs/cgibin will call sprintf without checking the length of strings in parameters given by HTTP header and can be controlled by users easily. The attackers can exploit the vulnerability to carry out arbitrary code by means of sending a specially constructed payload to port 49152.,Network,https://www.dlink.com/en/security-bulletin/,2.3,2022-06-02
D-Link,Router,DIR-1960,CVE-2022-31414,D-Link DIR-1960 firmware DIR-1960_A1_1.11 was discovered to contain a buffer overflow via srtcat in prog.cgi. This vulnerability allowed attackers to cause a Denial of Service (DoS) via a crafted HTTP request.,Network,https://www.dlink.com/en/security-bulletin/ | https://tsd.dlink.com.tw/ddgo,2.3,2022-09-07
D-Link,Router,DIR-645,CVE-2022-32092,D-Link DIR-645 v1.03 was discovered to contain a command injection vulnerability via the QUERY_STRING parameter at __ajax_explorer.sgi.,Network,https://www.dlink.com/en/security-bulletin/,2.3,2022-06-27
D-Link,Router,DIR-2150,CVE-2022-3210,"This vulnerability allows network-adjacent attackers to execute arbitrary commands on affected installations of D-Link DIR-2150 4.0.1 routers. Authentication is not required to exploit this vulnerability. The specific flaw exists within the xupnpd service, which listens on TCP port 4044 by default. The issue results from the lack of proper validation of a user-supplied string before using it to execute a system call. An attacker can leverage this vulnerability to execute code in the context of the service account. Was ZDI-CAN-15905.",Adjacent Network,https://supportannouncement.us.dlink.com/announcement/publication.aspx?name=SAP10304,2.3,2023-03-29
D-Link,Networking Device,DSL-3782,CVE-2022-34527,D-Link DSL-3782 v1.03 and below was discovered to contain a command injection vulnerability via the function byte_4C0160.,Network,https://www.dlink.com/en/security-bulletin/,2.3,2022-07-29
D-Link,Networking Device,DSL-3782,CVE-2022-34528,D-Link DSL-3782 v1.03 and below was discovered to contain a stack overflow via the function getAttrValue.,Network,https://www.dlink.com/en/security-bulletin/,2.3,2022-07-29
D-Link,Networking Device,DIR820LA1,CVE-2022-34973,D-Link DIR820LA1_FW106B02 was discovered to contain a buffer overflow via the nextPage parameter at ping.ccp.,Network,https://www.dlink.com/en/security-bulletin/,2.3,2022-08-03
D-Link,Networking Device,DIR820LA1,CVE-2022-34974,D-Link DIR810LA1_FW102B22 was discovered to contain a command injection vulnerability via the Ping_addr function.,Network,https://www.dlink.com/en/security-bulletin/,2.3,2022-08-03
D-Link,Router,DSL-3782,CVE-2022-35191,D-Link Wireless AC1200 Dual Band VDSL ADSL Modem Router DSL-3782 Firmware v1.01 allows unauthenticated attackers to cause a Denial of Service (DoS) via a crafted HTTP connection request.,Network,https://www.dlink.com/en/security-bulletin/ | http://d-link.com,2.3,2022-08-23
D-Link,Router,DSL-3782,CVE-2022-35192,D-Link Wireless AC1200 Dual Band VDSL ADSL Modem Router DSL-3782 Firmware v1.01 allows unauthenticated attackers to cause a Denial of Service (DoS) via the User parameter or Pwd parameter to Login.asp.,Network,https://www.dlink.com/en/security-bulletin/ | http://d-link.com,2.3,2022-08-26
D-Link,Router,DIR-818L,CVE-2022-35619,D-LINK DIR-818LW A1:DIR818L_FW105b01 was discovered to contain a remote code execution (RCE) vulnerability via the function ssdpcgi_main.,Network,https://www.dlink.com/en/security-bulletin/,2.3,2022-08-03
D-Link,Access Point,DIR-818L,CVE-2022-35620,D-LINK DIR-818LW A1:DIR818L_FW105b01 was discovered to contain a remote code execution (RCE) vulnerability via the function binary.soapcgi_main.,Network,https://www.dlink.com/en/security-bulletin/,2.3,2022-08-03
D-Link,Networking Device,GO-RT-AC750,CVE-2022-36523,D-Link Go-RT-AC750 GORTAC750_revA_v101b03 & GO-RT-AC750_revB_FWv200b02 is vulnerable to command injection via /htdocs/upnpinc/gena.php.,Network,https://www.dlink.com/en/security-bulletin/,2.3,2022-08-15
D-Link,Networking Device,GO-RT-AC750,CVE-2022-36524,D-Link GO-RT-AC750 GORTAC750_revA_v101b03 & GO-RT-AC750_revB_FWv200b02 is vulnerable to Static Default Credentials via /etc/init0.d/S80telnetd.sh.,Network,https://www.dlink.com/en/security-bulletin/ | http://d-link.com,2.3,2022-08-15
D-Link,Networking Device,GO-RT-AC750,CVE-2022-36525,D-Link Go-RT-AC750 GORTAC750_revA_v101b03 & GO-RT-AC750_revB_FWv200b02 is vulnerable to Buffer Overflow via authenticationcgi_main.,Network,https://www.dlink.com/en/security-bulletin/,2.3,2022-08-15
D-Link,Networking Device,GO-RT-AC750,CVE-2022-36526,D-Link GO-RT-AC750 GORTAC750_revA_v101b03 & GO-RT-AC750_revB_FWv200b02 is vulnerable to Authentication Bypass via function phpcgi_main in cgibin.,Network,https://www.dlink.com/en/security-bulletin/ | http://d-link.com,2.3,2022-08-15
D-Link,Access Point,DAP-1650,CVE-2022-36588,"In D-Link DAP1650 v1.04 firmware, the fileaccess.cgi program in the firmware has a buffer overflow vulnerability caused by strncpy.",Network,https://www.dlink.com/en/security-bulletin/ | https://support.dlink.com/ProductInfo.aspx?m=DAP-1650,2.3,2022-09-08
D-Link,Router,DIR-816,CVE-2022-36619,"In D-link DIR-816 A2_v1.10CNB04.img,the network can be reset without authentication via /goform/setMAC.",Network,https://www.dlink.com/en/security-bulletin/,2.3,2022-08-31
D-Link,Router,DIR-816,CVE-2022-36620,"D-link DIR-816 A2_v1.10CNB04, DIR-878 DIR_878_FW1.30B08.img is vulnerable to Buffer Overflow via /goform/addRouting.",Network,https://www.dlink.com/en/security-bulletin/,2.3,2022-08-31
D-Link,Router,DIR-845L,CVE-2022-36755,"D-Link DIR845L A1 contains a authentication vulnerability via an AUTHORIZED_GROUP=1 value, as demonstrated by a request for getcfg.php.",Network,https://www.dlink.com/en/security-bulletin/,2.3,2022-08-28
D-Link,Networking Device,G_INTEGRATED_ACCESS_DEVICE4,CVE-2022-36785,"
D-Link – G integrated Access Device4 Information Disclosure & Authorization Bypass.
*Information Disclosure – 
file contains a URL with private IP at line 15 ""login.asp"" A. The
window.location.href = http://192.168.1.1/setupWizard.asp"" http://192.168.1.1/setupWizard.asp"" ;
""admin"" – contains default username value ""login.asp"" B. While accessing the web interface, the login form at 

*Authorization Bypass – 
URL by ""setupWizard.asp' while it blocks direct access to – the web interface does not properly validate user identity variables values located at the client side, it is available to access it without a ""login_glag"" and ""login_status"" checking browser and to read the admin user credentials for the web interface.



",Network,Not provided,2.3,2022-11-17
D-Link,Access Point,GO-RT-AC750,CVE-2022-37055,"D-Link Go-RT-AC750 GORTAC750_revA_v101b03 and GO-RT-AC750_revB_FWv200b02 are vulnerable to Buffer Overflow via cgibin, hnap_main,",Network,https://supportannouncement.us.dlink.com/security/publication.aspx?name=SAP10308 | https://www.dlink.com/en/security-bulletin/,2.3,2022-08-28
D-Link,Access Point,GO-RT-AC750,CVE-2022-37056,"D-Link GO-RT-AC750 GORTAC750_revA_v101b03 and GO-RT-AC750_revB_FWv200b02 is vulnerable to Command Injection via /cgibin, hnap_main,",Network,https://supportannouncement.us.dlink.com/security/publication.aspx?name=SAP10308 | https://www.dlink.com/en/security-bulletin/,2.3,2022-08-28
D-Link,Networking Device,GO-RT-AC750,CVE-2022-37057,"D-Link Go-RT-AC750 GORTAC750_revA_v101b03 and GO-RT-AC750_revB_FWv200b02 are vulnerable to Command Injection via cgibin, ssdpcgi_main.",Network,https://supportannouncement.us.dlink.com/security/publication.aspx?name=SAP10308 | https://www.dlink.com/en/security-bulletin/,2.3,2022-08-28
D-Link,Router,DIR-816,CVE-2022-37123,D-link DIR-816 A2_v1.10CNB04.img is vulnerable to Command injection via /goform/form2userconfig.cgi.,Network,https://www.dlink.com/en/security-bulletin/,2.3,2022-08-31
D-Link,Router,DIR-816,CVE-2022-37125,D-link DIR-816 A2_v1.10CNB04.img is vulnerable to Command injection via /goform/NTPSyncWithHost.,Network,https://www.dlink.com/en/security-bulletin/,2.3,2022-08-31
D-Link,Router,DIR-816,CVE-2022-37128,In D-Link DIR-816 A2_v1.10CNB04.img the network can be initialized without authentication via /goform/wizard_end.,Network,https://www.dlink.com/en/security-bulletin/,2.3,2022-08-31
D-Link,Router,DIR-816,CVE-2022-37129,"D-Link DIR-816 A2_v1.10CNB04.img is vulnerable to Command Injection via /goform/SystemCommand. After the user passes in the command parameter, it will be spliced into byte_4836B0 by snprintf, and finally doSystem(&byte_4836B0); will be executed, resulting in a command injection.",Network,https://www.dlink.com/en/security-bulletin/,2.3,2022-08-31
D-Link,Router,DIR-816,CVE-2022-37130,"In D-Link DIR-816 A2_v1.10CNB04, DIR-878 DIR_878_FW1.30B08.img a command injection vulnerability occurs in /goform/Diagnosis, after the condition is met, setnum will be spliced into v10 by snprintf, and the system will be executed, resulting in a command injection vulnerability",Network,https://www.dlink.com/en/security-bulletin/,2.3,2022-08-31
D-Link,Router,DIR-816,CVE-2022-37133,"D-link DIR-816 A2_v1.10CNB04.img reboots the router without authentication via /goform/doReboot. No authentication is required, and reboot is executed when the function returns at the end.",Network,https://www.dlink.com/en/security-bulletin/,2.3,2022-08-22
D-Link,Router,DIR-816,CVE-2022-37134,"D-link DIR-816 A2_v1.10CNB04.img is vulnerable to Buffer Overflow via /goform/form2Wan.cgi. When wantype is 3, l2tp_usrname will be decrypted by base64, and the result will be stored in v94, which does not check the size of l2tp_usrname, resulting in stack overflow.",Network,https://www.dlink.com/en/security-bulletin/,2.3,2022-08-22
D-Link,Router,DIR-819,CVE-2022-38258,A local file inclusion (LFI) vulnerability in D-Link DIR 819 v1.06 allows attackers to cause a Denial of Service (DoS) or access sensitive server information via manipulation of the getpage parameter in a crafted web request.,Network,https://www.dlink.com/en/security-bulletin/,2.3,2022-09-08
D-Link,Router,DIR-845L,CVE-2022-38557,D-Link DIR845L v1.00-v1.03 contains a Static Default Credential vulnerability in /etc/init0.d/S80telnetd.sh.,Network,https://www.dlink.com/en/security-bulletin/,2.3,2022-08-28
D-Link,Access Point,"DAP-2360, DAP-2553, DAP-3662, DAP-2690, DAP-2330, DAP-2660, DAP-2310, DAP-3320, DAP-2695",CVE-2022-38873,"D-Link devices DAP-2310 v2.10rc036 and earlier, DAP-2330 v1.06rc020 and earlier, DAP-2360 v2.10rc050 and earlier, DAP-2553 v3.10rc031 and earlier, DAP-2660 v1.15rc093 and earlier, DAP-2690 v3.20rc106 and earlier, DAP-2695 v1.20rc119_beta31 and earlier, DAP-3320 v1.05rc027 beta and earlier, DAP-3662 v1.05rc047 and earlier allows attackers to cause a Denial of Service (DoS) via uploading a crafted firmware after modifying the firmware header.",Network,https://www.dlink.com/en/security-bulletin/,2.3,2022-12-20
D-Link,Router,DIR-2150,CVE-2022-40717,"This vulnerability allows network-adjacent attackers to execute arbitrary code on affected D-Link DIR-2150 4.0.1 routers. Authentication is not required to exploit this vulnerability. The specific flaw exists within the anweb service, which listens on TCP ports 80 and 443 by default. The issue results from the lack of proper validation of the length of user-supplied data prior to copying it to a fixed-length stack-based buffer. An attacker can leverage this vulnerability to execute code in the context of root. Was ZDI-CAN-15727.",Adjacent Network,https://supportannouncement.us.dlink.com/announcement/publication.aspx?name=SAP10304,2.3,2023-01-26
D-Link,Router,DIR-2150,CVE-2022-40718,"This vulnerability allows network-adjacent attackers to execute arbitrary code on affected D-Link DIR-2150 4.0.1 routers. Authentication is not required to exploit this vulnerability. The specific flaw exists within the anweb service, which listens on TCP ports 80 and 443 by default. The issue results from the lack of proper validation of the length of user-supplied data prior to copying it to a fixed-length stack-based buffer. An attacker can leverage this vulnerability to execute code in the context of root. Was ZDI-CAN-15728.",Adjacent Network,https://supportannouncement.us.dlink.com/announcement/publication.aspx?name=SAP10304,2.3,2023-01-26
D-Link,Router,DIR-2150,CVE-2022-40719,"This vulnerability allows network-adjacent attackers to execute arbitrary commands on affected installations of D-Link DIR-2150 4.0.1 routers. Authentication is not required to exploit this vulnerability. The specific flaw exists within the xupnpd_generic.lua plugin for the xupnpd service, which listens on TCP port 4044 by default. When parsing the feed parameter, the process does not properly validate a user-supplied string before using it to execute a system call. An attacker can leverage this vulnerability to execute code in the context of the service account. Was ZDI-CAN-15906.",Adjacent Network,https://supportannouncement.us.dlink.com/announcement/publication.aspx?name=SAP10304,2.3,2023-01-26
D-Link,Router,DIR-2150,CVE-2022-40720,"This vulnerability allows network-adjacent attackers to execute arbitrary commands on affected installations of D-Link DIR-2150 4.0.1 routers. Authentication is not required to exploit this vulnerability. The specific flaw exists within the Dreambox plugin for the xupnpd service, which listens on TCP port 4044 by default. The issue results from the lack of proper validation of a user-supplied string before using it to execute a system call. An attacker can leverage this vulnerability to execute code in the context of the router. Was ZDI-CAN-15935.",Adjacent Network,https://supportannouncement.us.dlink.com/announcement/publication.aspx?name=SAP10304,2.3,2023-01-26
D-Link,Networking Device,DNR-322L,CVE-2022-40799,Data Integrity Failure in 'Backup Config' in D-Link DNR-322L <= 2.60B15 allows an authenticated attacker to execute OS level commands on the device.,Network,Not provided,2.3,2022-11-29
D-Link,Router,DIR-819,CVE-2022-40946,"On D-Link DIR-819 Firmware Version 1.06 Hardware Version A1 devices, it is possible to trigger a Denial of Service via the sys_token parameter in a cgi-bin/webproc?getpage=html/index.html request.",Network,https://www.dlink.com/en/security-bulletin/ | http://packetstormsecurity.com/files/171484/D-Link-DIR-819-A1-Denial-Of-Service.html,2.3,2023-04-16
D-Link,Router,"DIR-882-US, DIR-878, DIR-867",CVE-2022-41140,"This vulnerability allows network-adjacent attackers to execute arbitrary code on affected installations of multiple D-Link routers. Authentication is not required to exploit this vulnerability. The specific flaw exists within the lighttpd service, which listens on TCP port 80 by default. The issue results from the lack of proper validation of the length of user-supplied data prior to copying it to a fixed-length stack-based buffer. An attacker can leverage this vulnerability to execute code in the context of root. Was ZDI-CAN-13796.",Adjacent Network,https://supportannouncement.us.dlink.com/announcement/publication.aspx?name=SAP10291,2.3,2023-01-26
D-Link,Access Point,"COVR_1202, COVR_1200, COVR_1203",CVE-2022-42156,"D-Link COVR 1200,1203 v1.08 was discovered to contain a command injection vulnerability via the tomography_ping_number parameter at function SetNetworkTomographySettings.",Network,https://www.dlink.com/en/security-bulletin/,2.3,2022-10-13
D-Link,Networking Device,"COVR_1202, COVR_1200, COVR_1203",CVE-2022-42159,"D-Link COVR 1200,1202,1203 v1.08 was discovered to have a predictable seed in a Pseudo-Random Number Generator.",Network,https://www.dlink.com/en/security-bulletin/,2.3,2022-10-13
D-Link,Networking Device,"COVR_1202, COVR_1200, COVR_1203",CVE-2022-42160,"D-Link COVR 1200,1202,1203 v1.08 was discovered to contain a command injection vulnerability via the system_time_timezone parameter at function SetNTPServerSettings.",Network,https://www.dlink.com/en/security-bulletin/,2.3,2022-10-13
D-Link,Networking Device,"COVR_1202, COVR_1200, COVR_1203",CVE-2022-42161,"D-Link COVR 1200,1202,1203 v1.08 was discovered to contain a command injection vulnerability via the /SetTriggerWPS/PIN parameter at function SetTriggerWPS.",Network,https://www.dlink.com/en/security-bulletin/,2.3,2022-10-13
D-Link,Router,DIR-816,CVE-2022-42998,D-Link DIR-816 A2 1.10 B05 was discovered to contain a stack overflow via the srcip parameter at /goform/form2IPQoSTcAdd.,Network,https://www.dlink.com/en/security-bulletin/,2.3,2022-10-26
D-Link,Router,DIR-816,CVE-2022-42999,D-Link DIR-816 A2 1.10 B05 was discovered to contain multiple command injection vulnerabilities via the admuser and admpass parameters at /goform/setSysAdm.,Network,https://www.dlink.com/en/security-bulletin/,2.3,2022-10-26
D-Link,Router,DIR-816,CVE-2022-43000,D-Link DIR-816 A2 1.10 B05 was discovered to contain a stack overflow via the wizardstep4_pskpwd parameter at /goform/form2WizardStep4.,Network,https://www.dlink.com/en/security-bulletin/,2.3,2022-10-26
D-Link,Router,DIR-816,CVE-2022-43001,D-Link DIR-816 A2 1.10 B05 was discovered to contain a stack overflow via the pskValue parameter in the setSecurity function.,Network,https://github.com/hunzi0/VulInfo/tree/main/D-Link/DIR-816/setSecurity | https://www.dlink.com/en/security-bulletin/,2.3,2022-10-26
D-Link,Router,DIR-816,CVE-2022-43002,D-Link DIR-816 A2 1.10 B05 was discovered to contain a stack overflow via the wizardstep54_pskpwd parameter at /goform/form2WizardStep54.,Network,https://www.dlink.com/en/security-bulletin/,2.3,2022-10-26
D-Link,Router,DIR-816,CVE-2022-43003,D-Link DIR-816 A2 1.10 B05 was discovered to contain a stack overflow via the pskValue parameter in the setRepeaterSecurity function.,Network,https://github.com/hunzi0/VulInfo/tree/main/D-Link/DIR-816/setRepeaterSecurity | https://www.dlink.com/en/security-bulletin/,2.3,2022-10-26
D-Link,Access Point,DIR-823G,CVE-2022-43109,D-Link DIR-823G v1.0.2 was found to contain a command injection vulnerability in the function SetNetworkTomographySettings. This vulnerability allows attackers to execute arbitrary commands via a crafted packet.,Network,https://www.dlink.com/en/security-bulletin/,2.3,2022-11-03
D-Link,Router,DIR-878,CVE-2022-43184,D-Link DIR878 1.30B08 Hotfix_04 was discovered to contain a command injection vulnerability via the component /bin/proc.cgi.,Network,https://www.dlink.com/en/security-bulletin/,2.3,2022-10-19
D-Link,Router,DIR-1935,CVE-2022-43619,"This vulnerability allows network-adjacent attackers to execute arbitrary code on affected installations of D-Link DIR-1935 1.03 routers. Although authentication is required to exploit this vulnerability, the existing authentication mechanism can be bypassed. The specific flaw exists within the handling of ConfigFileUpload requests to the web management portal. The issue results from the lack of proper validation of a user-supplied string before using it as a format specifier. An attacker can leverage this vulnerability to execute code in the context of root. Was ZDI-CAN-16141.",Adjacent Network,https://supportannouncement.us.dlink.com/announcement/publication.aspx?name=SAP10310,2.3,2023-03-29
D-Link,Router,DIR-1935,CVE-2022-43620,This vulnerability allows network-adjacent attackers to bypass authentication on affected installations of D-Link DIR-1935 1.03 routers. Authentication is not required to exploit this vulnerability. The specific flaw exists within the handling of HNAP login requests. The issue results from the lack of proper implementation of the authentication algorithm. An attacker can leverage this vulnerability to bypass authentication on the system. Was ZDI-CAN-16142.,Adjacent Network,https://supportannouncement.us.dlink.com/announcement/publication.aspx?name=SAP10310,2.3,2023-03-29
D-Link,Router,DIR-1935,CVE-2022-43621,This vulnerability allows network-adjacent attackers to bypass authentication on affected installations of D-Link DIR-1935 1.03 routers. Authentication is not required to exploit this vulnerability. The specific flaw exists within the handling of HNAP login requests. The issue results from an incorrectly implemented comparison. An attacker can leverage this vulnerability to bypass authentication on the system. Was ZDI-CAN-16152.,Adjacent Network,https://supportannouncement.us.dlink.com/announcement/publication.aspx?name=SAP10310,2.3,2023-03-29
D-Link,Router,DIR-1935,CVE-2022-43622,"This vulnerability allows network-adjacent attackers to execute arbitrary code on affected installations of D-Link DIR-1935 1.03 routers. Authentication is not required to exploit this vulnerability. The specific flaw exists within the handling of Login requests to the web management portal. When parsing the HNAP_AUTH header, the process does not properly validate the length of user-supplied data prior to copying it to a fixed-length stack-based buffer. An attacker can leverage this vulnerability to execute code in the context of root. Was ZDI-CAN-16139.",Adjacent Network,https://supportannouncement.us.dlink.com/announcement/publication.aspx?name=SAP10310,2.3,2023-03-29
D-Link,Router,DIR-1935,CVE-2022-43623,"This vulnerability allows network-adjacent attackers to execute arbitrary code on affected installations of D-Link DIR-1935 1.03 routers. Although authentication is required to exploit this vulnerability, the existing authentication mechanism can be bypassed. The specific flaw exists within the handling of SetWebFilterSetting requests to the web management portal. When parsing the WebFilterURLs element, the process does not properly validate a user-supplied string before using it to execute a system call. An attacker can leverage this vulnerability to execute code in the context of root. Was ZDI-CAN-16140.",Adjacent Network,https://supportannouncement.us.dlink.com/announcement/publication.aspx?name=SAP10310,2.3,2023-03-29
D-Link,Router,DIR-1935,CVE-2022-43624,"This vulnerability allows network-adjacent attackers to execute arbitrary code on affected installations of D-Link DIR-1935 1.03 routers. Although authentication is required to exploit this vulnerability, the existing authentication mechanism can be bypassed. The specific flaw exists within the handling of SetStaticRouteIPv6Settings requests to the web management portal. When parsing subelements within the StaticRouteIPv6List element, the process does not properly validate a user-supplied string before using it to execute a system call. An attacker can leverage this vulnerability to execute code in the context of root. Was ZDI-CAN-16145.",Adjacent Network,https://supportannouncement.us.dlink.com/announcement/publication.aspx?name=SAP10310,2.3,2023-03-29
D-Link,Router,DIR-1935,CVE-2022-43625,"This vulnerability allows network-adjacent attackers to execute arbitrary code on affected installations of D-Link DIR-1935 1.03 routers. Although authentication is required to exploit this vulnerability, the existing authentication mechanism can be bypassed. The specific flaw exists within the handling of SetStaticRouteIPv4Settings requests to the web management portal. When parsing the NetMask element, the process does not properly validate the length of user-supplied data prior to copying it to a fixed-length stack-based buffer. An attacker can leverage this vulnerability to execute code in the context of root. Was ZDI-CAN-16144.",Adjacent Network,https://supportannouncement.us.dlink.com/announcement/publication.aspx?name=SAP10310,2.3,2023-03-29
D-Link,Router,DIR-1935,CVE-2022-43626,"This vulnerability allows network-adjacent attackers to execute arbitrary code on affected installations of D-Link DIR-1935 1.03 routers. Although authentication is required to exploit this vulnerability, the existing authentication mechanism can be bypassed. The specific flaw exists within the handling of SetIPv4FirewallSettings requests to the web management portal. When parsing subelements within the IPv4FirewallRule element, the process does not properly validate a user-supplied string before using it to execute a system call. An attacker can leverage this vulnerability to execute code in the context of root. Was ZDI-CAN-16146.",Adjacent Network,https://supportannouncement.us.dlink.com/announcement/publication.aspx?name=SAP10310,2.3,2023-03-29
D-Link,Router,DIR-1935,CVE-2022-43627,"This vulnerability allows network-adjacent attackers to execute arbitrary code on affected installations of D-Link DIR-1935 1.03 routers. Although authentication is required to exploit this vulnerability, the existing authentication mechanism can be bypassed. The specific flaw exists within the handling of SetStaticRouteIPv4Settings requests to the web management portal. When parsing subelements within the StaticRouteIPv4Data element, the process does not properly validate a user-supplied string before using it to execute a system call. An attacker can leverage this vulnerability to execute code in the context of root. Was ZDI-CAN-16147.",Adjacent Network,https://supportannouncement.us.dlink.com/announcement/publication.aspx?name=SAP10310,2.3,2023-03-29
D-Link,Router,DIR-1935,CVE-2022-43628,"This vulnerability allows network-adjacent attackers to execute arbitrary code on affected installations of D-Link DIR-1935 1.03 routers. Although authentication is required to exploit this vulnerability, the existing authentication mechanism can be bypassed. The specific flaw exists within the handling of SetIPv6FirewallSettings requests to the web management portal. When parsing subelements within the IPv6FirewallRule element, the process does not properly validate a user-supplied string before using it to execute a system call. An attacker can leverage this vulnerability to execute code in the context of root. Was ZDI-CAN-16148.",Adjacent Network,https://supportannouncement.us.dlink.com/announcement/publication.aspx?name=SAP10310,2.3,2023-03-29
D-Link,Router,DIR-1935,CVE-2022-43629,"This vulnerability allows network-adjacent attackers to execute arbitrary code on affected installations of D-Link DIR-1935 1.03 routers. Although authentication is required to exploit this vulnerability, the existing authentication mechanism can be bypassed. The specific flaw exists within the handling of SetSysEmailSettings requests to the web management portal. When parsing subelements within the SetSysEmailSettings element, the process does not properly validate a user-supplied string before using it to execute a system call. An attacker can leverage this vulnerability to execute code in the context of root. Was ZDI-CAN-16149.",Adjacent Network,https://supportannouncement.us.dlink.com/announcement/publication.aspx?name=SAP10310,2.3,2023-03-29
D-Link,Router,DIR-1935,CVE-2022-43630,"This vulnerability allows network-adjacent attackers to execute arbitrary code on affected installations of D-Link DIR-1935 1.03 routers. Authentication is not required to exploit this vulnerability. The specific flaw exists within the handling of http requests to the web management portal. When parsing the SOAPAction header, the process does not properly validate the length of user-supplied data prior to copying it to a fixed-length stack-based buffer. An attacker can leverage this vulnerability to execute code in the context of root. Was ZDI-CAN-16150.",Adjacent Network,https://supportannouncement.us.dlink.com/announcement/publication.aspx?name=SAP10310,2.3,2023-03-29
D-Link,Router,DIR-1935,CVE-2022-43631,"This vulnerability allows network-adjacent attackers to execute arbitrary code on affected installations of D-Link DIR-1935 1.03 routers. Although authentication is required to exploit this vulnerability, the existing authentication mechanism can be bypassed. The specific flaw exists within the handling of SetVirtualServerSettings requests to the web management portal. When parsing subelements within the VirtualServerInfo element, the process does not properly validate a user-supplied string before using it to execute a system call. An attacker can leverage this vulnerability to execute code in the context of root. Was ZDI-CAN-16151.",Adjacent Network,https://supportannouncement.us.dlink.com/announcement/publication.aspx?name=SAP10310,2.3,2023-03-29
D-Link,Router,DIR-1935,CVE-2022-43632,"This vulnerability allows network-adjacent attackers to execute arbitrary code on affected installations of D-Link DIR-1935 1.03 routers. Although authentication is required to exploit this vulnerability, the existing authentication mechanism can be bypassed. The specific flaw exists within the handling of SetQoSSettings requests to the web management portal. When parsing subelements within the QoSInfo element, the process does not properly validate a user-supplied string before using it to execute a system call. An attacker can leverage this vulnerability to execute code in the context of root. Was ZDI-CAN-16153.",Adjacent Network,https://supportannouncement.us.dlink.com/announcement/publication.aspx?name=SAP10310,2.3,2023-03-29
D-Link,Router,DIR-1935,CVE-2022-43633,"This vulnerability allows network-adjacent attackers to execute arbitrary code on affected installations of D-Link DIR-1935 1.03 routers. Although authentication is required to exploit this vulnerability, the existing authentication mechanism can be bypassed. The specific flaw exists within the handling of SetSysLogSettings requests to the web management portal. When parsing the IPAddress element, the process does not properly validate a user-supplied string before using it to execute a system call. An attacker can leverage this vulnerability to execute code in the context of root. Was ZDI-CAN-16154.",Adjacent Network,https://supportannouncement.us.dlink.com/announcement/publication.aspx?name=SAP10310,2.3,2023-03-29
D-Link,Router,"DIR-825\/EE, DIR-825\/AC",CVE-2022-43642,"This vulnerability allows network-adjacent attackers to execute arbitrary code on affected installations of D-Link DIR-825 1.0.9/EE routers. Authentication is not required to exploit this vulnerability. The specific flaw exists within the YouTube plugin for the xupnpd service, which listens on TCP port 4044. The issue results from the lack of proper validation of a user-supplied string before using it to execute a system call. An attacker can leverage this vulnerability to execute code in the context of the admin user. Was ZDI-CAN-19222.",Adjacent Network,https://supportannouncement.us.dlink.com/announcement/publication.aspx?name=SAP10319,2.3,2023-03-29
D-Link,Router,"DIR-825\/EE, DIR-825\/AC",CVE-2022-43643,"This vulnerability allows network-adjacent attackers to execute arbitrary code on affected installations of D-Link DIR-825 1.0.9/EE routers. Authentication is not required to exploit this vulnerability. The specific flaw exists within the Generic plugin for the xupnpd service, which listens on TCP port 4044. The issue results from the lack of proper validation of a user-supplied string before using it to execute a system call. An attacker can leverage this vulnerability to execute code in the context of the admin user. Was ZDI-CAN-19460.",Adjacent Network,https://supportannouncement.us.dlink.com/announcement/publication.aspx?name=SAP10319,2.3,2023-03-29
D-Link,Router,"DIR-825\/EE, DIR-825\/AC",CVE-2022-43644,"This vulnerability allows network-adjacent attackers to execute arbitrary code on affected installations of D-Link DIR-825 1.0.9/EE routers. Authentication is not required to exploit this vulnerability. The specific flaw exists within the Dreambox plugin for the xupnpd service, which listens on TCP port 4044. The issue results from the lack of proper validation of a user-supplied string before using it to execute a system call. An attacker can leverage this vulnerability to execute code in the context of the admin user. Was ZDI-CAN-19461.",Adjacent Network,https://supportannouncement.us.dlink.com/announcement/publication.aspx?name=SAP10319,2.3,2023-03-29
D-Link,Router,"DIR-825\/EE, DIR-825\/AC",CVE-2022-43645,"This vulnerability allows network-adjacent attackers to execute arbitrary code on affected installations of D-Link DIR-825 1.0.9/EE routers. Authentication is not required to exploit this vulnerability. The specific flaw exists within the IVI plugin for the xupnpd service, which listens on TCP port 4044. The issue results from the lack of proper validation of a user-supplied string before using it to execute a system call. An attacker can leverage this vulnerability to execute code in the context of the admin user. Was ZDI-CAN-19462.",Adjacent Network,https://supportannouncement.us.dlink.com/announcement/publication.aspx?name=SAP10319,2.3,2023-03-29
D-Link,Router,"DIR-825\/EE, DIR-825\/AC",CVE-2022-43646,"This vulnerability allows network-adjacent attackers to execute arbitrary code on affected installations of D-Link DIR-825 1.0.9/EE routers. Authentication is not required to exploit this vulnerability. The specific flaw exists within the Vimeo plugin for the xupnpd service, which listens on TCP port 4044. The issue results from the lack of proper validation of a user-supplied string before using it to execute a system call. An attacker can leverage this vulnerability to execute code in the context of the admin user. Was ZDI-CAN-19463.",Adjacent Network,https://supportannouncement.us.dlink.com/announcement/publication.aspx?name=SAP10319,2.3,2023-03-29
D-Link,Router,"DIR-825\/EE, DIR-825\/AC",CVE-2022-43647,"This vulnerability allows network-adjacent attackers to execute arbitrary code on affected installations of D-Link DIR-825 1.0.9/EE routers. Authentication is not required to exploit this vulnerability. The specific flaw exists within the xupnpd service, which listens on TCP port 4044. The issue results from the lack of proper validation of a user-supplied string before using it to execute a system call. An attacker can leverage this vulnerability to execute code in the context of the admin user. Was ZDI-CAN-19464.",Adjacent Network,https://supportannouncement.us.dlink.com/announcement/publication.aspx?name=SAP10319,2.3,2023-03-29
D-Link,Router,DIR-3040,CVE-2022-43648,This vulnerability allows network-adjacent attackers to execute arbitrary code on affected installations of D-Link DIR-3040 1.20B03 routers. Authentication is not required to exploit this vulnerability. The specific flaw exists within the MiniDLNA service. The issue results from the lack of proper validation of the length of user-supplied data prior to copying it to a heap-based buffer. An attacker can leverage this vulnerability to execute code in the context of the MiniDLNA service. Was ZDI-CAN-19910.,Adjacent Network,https://supportannouncement.us.dlink.com/announcement/publication.aspx?name=SAP10322,2.3,2023-03-29
D-Link,Router,DIR-823G,CVE-2022-44201,D-Link DIR823G 1.02B05 is vulnerable to Commad Injection.,Network,https://www.dlink.com/en/security-bulletin/,2.3,2022-11-22
D-Link,Router,DIR-878,CVE-2022-44202,D-Link DIR878 1.02B04 and 1.02B05 are vulnerable to Buffer Overflow.,Network,https://www.dlink.com/en/security-bulletin/,2.3,2022-11-22
D-Link,Router,DIR-3060,CVE-2022-44204,D-Link DIR3060 DIR3060A1_FW111B04.bin is vulnerable to Buffer Overflow.,Network,https://www.dlink.com/en/security-bulletin/,2.3,2022-11-18
D-Link,Router,DIR-878,CVE-2022-44801,D-Link DIR-878 1.02B05 is vulnerable to Incorrect Access Control.,Network,https://www.dlink.com/en/security-bulletin/,2.3,2022-11-22
D-Link,Router,DIR-882,CVE-2022-44804,D-Link DIR-882 1.10B02 and1.20B06 is vulnerable to Buffer Overflow via the websRedirect function.,Network,https://www.dlink.com/en/security-bulletin/,2.3,2022-11-22
D-Link,Router,DIR-882,CVE-2022-44806,D-Link DIR-882 1.10B02 and 1.20B06 is vulnerable to Buffer Overflow.,Network,https://www.dlink.com/en/security-bulletin/,2.3,2022-11-22
D-Link,Router,DIR-882,CVE-2022-44807,D-Link DIR-882 1.10B02 and 1.20B06 is vulnerable to Buffer Overflow via webGetVarString.,Network,https://www.dlink.com/en/security-bulletin/,2.3,2022-11-22
D-Link,Access Point,DIR-823G,CVE-2022-44808,"A command injection vulnerability has been found on D-Link DIR-823G devices with firmware version 1.02B03 that allows an attacker to execute arbitrary operating system commands through well-designed /HNAP1 requests. Before the HNAP API function can process the request, the system function executes an untrusted command that triggers the vulnerability.",Network,https://www.dlink.com/en/security-bulletin/,2.3,2022-11-22
D-Link,Router,DIR-3040,CVE-2022-44832,D-Link DIR-3040 device with firmware 120B03 was discovered to contain a command injection vulnerability via the SetTriggerLEDBlink function.,Network,https://www.dlink.com/en/security-bulletin/,2.3,2022-12-14
D-Link,Networking Device,DVG-G5402SP,CVE-2022-44928,D-Link DVG-G5402SP GE_1.03 was discovered to contain a command injection vulnerability via the Maintenance function.,Network,Not provided,2.3,2022-12-02
D-Link,Networking Device,DVG-G5402SP,CVE-2022-44929,An access control issue in D-Link DVG-G5402SP GE_1.03 allows unauthenticated attackers to escalate privileges via arbitrarily editing VoIP SIB profiles.,Network,Not provided,2.3,2022-12-02
D-Link,Networking Device,DHP-W310AV,CVE-2022-44930,D-Link DHP-W310AV 3.10EU was discovered to contain a command injection vulnerability via the System Checks function.,Network,Not provided,2.3,2022-12-02
D-Link,Router,"DIR-869AX, DIR-869",CVE-2022-46076,D-Link DIR-869 DIR869Ax_FW102B15 is vulnerable to Authentication Bypass via phpcgi.,Network,https://www.dlink.com/en/security-bulletin/,2.3,2022-12-20
D-Link,Router,DIR-645,CVE-2022-46475,D-Link DIR 645A1 1.06B01_Beta01 was discovered to contain a stack overflow via the service= variable in the genacgi_main function.,Network,Not provided,2.3,2023-01-17
D-Link,Access Point,DIR-859_A1,CVE-2022-46476,D-Link DIR-859 A1 1.05 was discovered to contain a command injection vulnerability via the service= variable in the soapcgi_main function.,Network,Not provided,2.3,2023-01-19
D-Link,Router,DIR-846,CVE-2022-46552,D-Link DIR-846 Firmware FW100A53DBR was discovered to contain a remote command execution (RCE) vulnerability via the lan(0)_dhcps_staticlist parameter. This vulnerability is exploited via a crafted POST request.,Network,http://packetstormsecurity.com/files/171710/D-Link-DIR-846-Remote-Command-Execution.html | https://github.com/FloeDesignTechnologies/phpcs-security-audit/blob/master/Security/Sniffs/BadFunctions/SystemExecFunctionsSniff.php | https://www.dlink.com/en/security-bulletin/,2.3,2023-02-02
D-Link,Router,DIR-882_A1,CVE-2022-46560,"D-Link DIR-882 DIR882A1_FW130B06, DIR-878 DIR_878_FW1.30B08 was discovered to contain a stack overflow via the Password parameter in the SetWan2Settings module.",Network,https://www.dlink.com/en/security-bulletin/,2.3,2022-12-23
D-Link,Router,DIR-882_A1,CVE-2022-46561,"D-Link DIR-882 DIR882A1_FW130B06, DIR-878 DIR_878_FW1.30B08 was discovered to contain a stack overflow via the Password parameter in the SetWanSettings module.",Network,https://www.dlink.com/en/security-bulletin/,2.3,2022-12-23
D-Link,Router,DIR-882_A1,CVE-2022-46562,"D-Link DIR-882 DIR882A1_FW130B06, DIR-878 DIR_878_FW1.30B08 was discovered to contain a stack overflow via the PSK parameter in the SetQuickVPNSettings module.",Network,https://www.dlink.com/en/security-bulletin/,2.3,2022-12-23
D-Link,Router,DIR-882_A1,CVE-2022-46563,"D-Link DIR-882 DIR882A1_FW130B06, DIR-878 DIR_878_FW1.30B08 was discovered to contain a stack overflow via the Password parameter in the SetDynamicDNSSettings module.",Network,https://www.dlink.com/en/security-bulletin/,2.3,2022-12-23
D-Link,Router,DIR-882_A1,CVE-2022-46566,"D-Link DIR-882 DIR882A1_FW130B06, DIR-878 DIR_878_FW1.30B08 was discovered to contain a stack overflow via the Password parameter in the SetQuickVPNSettings module.",Network,https://www.dlink.com/en/security-bulletin/,2.3,2022-12-23
D-Link,Router,DIR-882_A1,CVE-2022-46568,"D-Link DIR-882 DIR882A1_FW130B06, DIR-878 DIR_878_FW1.30B08 was discovered to contain a stack overflow via the AccountPassword parameter in the SetSysEmailSettings module.",Network,https://www.dlink.com/en/security-bulletin/,2.3,2022-12-23
D-Link,Router,DIR-882_A1,CVE-2022-46569,"D-Link DIR-882 DIR882A1_FW130B06, DIR-878 DIR_878_FW1.30B08 was discovered to contain a stack overflow via the Key parameter in the SetWLanRadioSecurity module.",Network,https://hackmd.io/%400dayResearch/SetWLanRadioSecurity | https://www.dlink.com/en/security-bulletin/,2.3,2022-12-23
D-Link,Router,DIR-882_A1,CVE-2022-46570,"D-Link DIR-882 DIR882A1_FW130B06, DIR-878 DIR_878_FW1.30B08 was discovered to contain a stack overflow via the Password parameter in the SetWan3Settings module.",Network,https://www.dlink.com/en/security-bulletin/,2.3,2022-12-23
D-Link,Router,DIR-846,CVE-2022-46641,D-Link DIR-846 A1_FW100A43 was discovered to contain a command injection vulnerability via the lan(0)_dhcps_staticlist parameter in the SetIpMacBindSettings function.,Network,https://www.dlink.com/en/security-bulletin/,2.3,2022-12-23
D-Link,Router,DIR-846,CVE-2022-46642,D-Link DIR-846 A1_FW100A43 was discovered to contain a command injection vulnerability via the auto_upgrade_hour parameter in the SetAutoUpgradeInfo function.,Network,https://www.dlink.com/en/security-bulletin/,2.3,2022-12-23
D-Link,Router,DIR-825,CVE-2022-47035,Buffer Overflow Vulnerability in D-Link DIR-825 v1.33.0.44ebdd4-embedded and below allows attacker to execute arbitrary code via the GetConfig method to the /CPE endpoint.,Network,https://supportannouncement.us.dlink.com/announcement/publication.aspx?name=SAP10314 | https://www.dlink.com/en/security-bulletin/,2.3,2023-01-31
D-Link,Networking Device,DIR_878,CVE-2022-48107,D-Link DIR_878_FW1.30B08 was discovered to contain a command injection vulnerability via the component /setnetworksettings/IPAddress. This vulnerability allows attackers to escalate privileges to root via a crafted payload.,Network,https://www.dlink.com/en/security-bulletin/,2.3,2023-01-27
D-Link,Networking Device,DIR_878,CVE-2022-48108,D-Link DIR_878_FW1.30B08 was discovered to contain a command injection vulnerability via the component /SetNetworkSettings/SubnetMask. This vulnerability allows attackers to escalate privileges to root via a crafted payload.,Network,https://www.dlink.com/en/security-bulletin/,2.3,2023-01-27
D-Link,Access Point,"PHYDEVICE, PHYDEV",CVE-2022-49061,"In the Linux kernel, the following vulnerability has been resolved:

net: ethernet: stmmac: fix altr_tse_pcs function when using a fixed-link

When using a fixed-link, the altr_tse_pcs driver crashes
due to null-pointer dereference as no phy_device is provided to
tse_pcs_fix_mac_speed function. Fix this by adding a check for
phy_dev before calling the tse_pcs_fix_mac_speed() function.

Also clean up the tse_pcs_fix_mac_speed function a bit. There is
no need to check for splitter_base and sgmii_adapter_base
because the driver will fail if these 2 variables are not
derived from the device tree.",,Not provided,unknown versions,2025-02-26
D-Link,Router,DIR-2640-US,CVE-2021-20132,"Quagga Services on D-Link DIR-2640 less than or equal to version 1.11B02 use default hard-coded credentials, which can allow a remote attacker to gain administrative access to the zebra or ripd those services. Both are running with root privileges on the router (i.e., as the ""admin"" user, UID 0).",Adjacent Network,https://www.tenable.com/security/research/tra-2021-44,2.3,2021-12-30
D-Link,Router,DIR-2640-US,CVE-2021-20133,"Quagga Services on D-Link DIR-2640 less than or equal to version 1.11B02 are affected by an absolute path traversal vulnerability that allows a remote, authenticated attacker to set the ""message of the day"" banner to any file on the system, allowing them to read all or some of the contents of those files. Such sensitive information as hashed credentials, hardcoded plaintext passwords for other services, configuration files, and private keys can be disclosed in this fashion. Improper handling of filenames that identify virtual resources, such as ""/dev/urandom"" allows an attacker to effect a denial of service attack against the command line interfaces of the Quagga services (zebra and ripd).",Adjacent Network,https://www.tenable.com/security/research/tra-2021-44,2.3,2021-12-30
D-Link,Router,DIR-2640-US,CVE-2021-20134,"Quagga Services on D-Link DIR-2640 less than or equal to version 1.11B02 are affected by an absolute path traversal vulnerability that allows a remote, authenticated attacker to set an arbitrary file on the router's filesystem as the log file used by either Quagga service (zebra or ripd). Subsequent log messages will be appended to the file, prefixed by a timestamp and some logging metadata. Remote code execution can be achieved by using this vulnerability to append to a shell script on the router's filesystem, and then awaiting or triggering the execution of that script. A remote, unauthenticated root shell can easily be obtained on the device in this fashion.",Adjacent Network,https://www.tenable.com/security/research/tra-2021-44,2.3,2021-12-30
D-Link,Access Point,DAP-1880AC,CVE-2021-20696,DAP-1880AC firmware version 1.21 and earlier allows a remote authenticated attacker to execute arbitrary OS commands by sending a specially crafted request to a specific CGI program.,Network,https://www.dlink-jp.com/support/release/jvnvu92898656_dap-1880ac.html,2.3,2021-04-26
D-Link,Router,DIR-3040,CVE-2021-21816,An information disclosure vulnerability exists in the Syslog functionality of D-LINK DIR-3040 1.13B03. A specially crafted network request can lead to the disclosure of sensitive information. An attacker can send an HTTP request to trigger this vulnerability.,Network,Not provided,2.3,2021-07-16
D-Link,Router,DIR-3040,CVE-2021-21817,An information disclosure vulnerability exists in the Zebra IP Routing Manager functionality of D-LINK DIR-3040 1.13B03. A specially crafted network request can lead to the disclosure of sensitive information. An attacker can send a sequence of requests to trigger this vulnerability.,Network,Not provided,2.3,2021-07-16
D-Link,Router,DIR-3040,CVE-2021-21818,A hard-coded password vulnerability exists in the Zebra IP Routing Manager functionality of D-LINK DIR-3040 1.13B03. A specially crafted network request can lead to a denial of service. An attacker can send a sequence of requests to trigger this vulnerability.,Network,Not provided,2.3,2021-07-16
D-Link,Router,DIR-3040,CVE-2021-21819,A code execution vulnerability exists in the Libcli Test Environment functionality of D-LINK DIR-3040 1.13B03. A specially crafted network request can lead to arbitrary command execution. An attacker can send a sequence of requests to trigger this vulnerability.,Network,Not provided,2.3,2021-07-16
D-Link,Router,DIR-3040,CVE-2021-21820,A hard-coded password vulnerability exists in the Libcli Test Environment functionality of D-LINK DIR-3040 1.13B03. A specially crafted network request can lead to code execution. An attacker can send a sequence of requests to trigger this vulnerability.,Network,Not provided,2.3,2021-07-16
D-Link,Router,DIR-3040,CVE-2021-21913,An information disclosure vulnerability exists in the WiFi Smart Mesh functionality of D-LINK DIR-3040 1.13B03. A specially-crafted network request can lead to command execution. An attacker can connect to the MQTT service to trigger this vulnerability.,Network,Not provided,2.3,2021-09-23
D-Link,Networking Device,DSL-320B-D1,CVE-2021-26709,D-Link DSL-320B-D1 devices through EU_1.25 are prone to multiple Stack-Based Buffer Overflows that allow unauthenticated remote attackers to take over a device via the login.xgi user and pass parameters. NOTE: This vulnerability only affects products that are no longer supported by the maintainer,Network,https://supportannouncement.us.dlink.com/announcement/publication.aspx?name=SAP10216 | https://www.dlink.com/en/security-bulletin | http://packetstormsecurity.com/files/162133/D-Link-DSL-320B-D1-Pre-Authentication-Buffer-Overflow.html,2.3,2021-04-07
D-Link,Router,DIR-816,CVE-2021-26810,"D-link DIR-816 A2 v1.10 is affected by a remote code injection vulnerability. An HTTP request parameter can be used in command string construction in the handler function of the /goform/dir_setWanWifi, which can lead to command injection via shell metacharacters in the statuscheckpppoeuser parameter.",Network,https://www.dlink.com/en/security-bulletin/,2.3,2021-03-30
D-Link,Router,DIR-816,CVE-2021-27113,An issue was discovered in D-Link DIR-816 A2 1.10 B05 devices. An HTTP request parameter is used in command string construction within the handler function of the /goform/addRouting route. This could lead to Command Injection via Shell Metacharacters.,Network,https://www.dlink.com/en/security-bulletin/,2.3,2021-04-14
D-Link,Router,DIR-816,CVE-2021-27114,"An issue was discovered in D-Link DIR-816 A2 1.10 B05 devices. Within the handler function of the /goform/addassignment route, a very long text entry for the""'s_ip"" and ""s_mac"" fields could lead to a Stack-Based Buffer Overflow and overwrite the return address.",Network,https://www.dlink.com/en/security-bulletin/,2.3,2021-04-14
D-Link,Access Point,DAP-2020,CVE-2021-27248,"This vulnerability allows network-adjacent attackers to execute arbitrary code on affected installations of D-Link DAP-2020 v1.01rc001 Wi-Fi access points. Authentication is not required to exploit this vulnerability. The specific flaw exists within the processing of CGI scripts. When parsing the getpage parameter, the process does not properly validate the length of user-supplied data prior to copying it to a fixed-length stack-based buffer. An attacker can leverage this vulnerability to execute code in the context of root. Was ZDI-CAN-10932.",Adjacent Network,https://supportannouncement.us.dlink.com/announcement/publication.aspx?name=SAP10201,2.3,2021-04-14
D-Link,Access Point,DAP-2020,CVE-2021-27249,This vulnerability allows network-adjacent attackers to execute arbitrary code on affected installations of D-Link DAP-2020 v1.01rc001 Wi-Fi access points. Authentication is not required to exploit this vulnerability. The specific flaw exists within the processing of CGI scripts. The issue results from the lack of proper validation of a user-supplied string before using it to execute a system call. An attacker can leverage this vulnerability to execute code in the context of root. Was ZDI-CAN-11369.,Adjacent Network,https://supportannouncement.us.dlink.com/announcement/publication.aspx?name=SAP10201,2.3,2021-04-14
D-Link,Access Point,DAP-2020,CVE-2021-27250,"This vulnerability allows network-adjacent attackers to disclose sensitive information on affected installations of D-Link DAP-2020 v1.01rc001 Wi-Fi access points. Authentication is not required to exploit this vulnerability. The specific flaw exists within the processing of CGI scripts. When parsing the errorpage request parameter, the process does not properly validate a user-supplied path prior to using it in file operations. An attacker can leverage this vulnerability to disclose stored credentials, leading to further compromise. Was ZDI-CAN-11856.",Adjacent Network,https://supportannouncement.us.dlink.com/announcement/publication.aspx?name=SAP10201,2.3,2021-04-14
D-Link,Router,DIR-842E,CVE-2021-27342,An authentication brute-force protection mechanism bypass in telnetd in D-Link Router model DIR-842 firmware version 3.0.2 allows a remote attacker to circumvent the anti-brute-force cool-down delay period via a timing-based side-channel attack,Network,https://supportannouncement.us.dlink.com/announcement/publication.aspx?name=SAP10225,2.3,2021-05-17
D-Link,Router,DIR-841,CVE-2021-28143,"/jsonrpc on D-Link DIR-841 3.03 and 3.04 devices allows authenticated command injection via ping, ping6, or traceroute (under System Tools).",Adjacent Network,https://supportannouncement.us.dlink.com/announcement/publication.aspx?name=SAP10207,2.3,2021-03-11
D-Link,Router,DIR-3060,CVE-2021-28144,"prog.cgi on D-Link DIR-3060 devices before 1.11b04 HF2 allows remote authenticated users to inject arbitrary commands in an admin or root context because SetVirtualServerSettings calls CheckArpTables, which calls popen unsafely.",Network,http://packetstormsecurity.com/files/161757/D-Link-DIR-3060-1.11b04-Command-Injection.html | https://www.iot-inspector.com/blog/advisory-d-link-dir-3060/ | https://supportannouncement.us.dlink.com/announcement/publication.aspx?name=SAP10208,2.3,2021-03-11
D-Link,Access Point,"DAP-2360, DAP-2553, DAP-3662, DAP-2690, DAP-2330, DAP-2660, DAP-2310, DAP-3320, DAP-2695",CVE-2021-28838,"Null pointer dereference vulnerability in D-Link DAP-2310 2,10RC039, DAP-2330 1.10RC036 BETA, DAP-2360 2.10RC055, DAP-2553 3.10rc039 BETA, DAP-2660 1.15rc131b, DAP-2690 3.20RC115 BETA, DAP-2695 1.20RC093, DAP-3320 1.05RC027 BETA and DAP-3662 1.05rc069 in the sbin/httpd binary. The crash happens at the `atoi' operation when a specific network package are sent to the httpd binary.",Network,https://www.dlink.com/en/security-bulletin/,2.3,2021-08-10
D-Link,Access Point,"DAP-2360, DAP-2553, DAP-3662, DAP-2690, DAP-2330, DAP-2660, DAP-2310, DAP-3320, DAP-2695",CVE-2021-28839,"Null Pointer Dereference vulnerability exists in D-Link DAP-2310 2.07.RC031, DAP-2330 1.07.RC028, DAP-2360 2.07.RC043, DAP-2553 3.06.RC027, DAP-2660 1.13.RC074, DAP-2690 3.16.RC100, DAP-2695 1.17.RC063, DAP-3320 1.01.RC014 and DAP-3662 1.01.RC022 in the upload_certificate function of sbin/httpd binary. When the binary handle the specific HTTP GET request, the strrchr in the upload_certificate function would take NULL as first argument, and incur the NULL pointer dereference vulnerability.",Network,https://www.dlink.com/en/security-bulletin/,2.3,2021-08-10
D-Link,Access Point,"DAP-2360, DAP-2553, DAP-3662, DAP-2690, DAP-2330, DAP-2660, DAP-2310, DAP-3320, DAP-2695",CVE-2021-28840,"Null Pointer Dereference vulnerability exists in D-Link DAP-2310 2.07.RC031, DAP-2330 1.07.RC028, DAP-2360 2.07.RC043, DAP-2553 3.06.RC027, DAP-2660 1.13.RC074, DAP-2690 3.16.RC100, DAP-2695 1.17.RC063, DAP-3320 1.01.RC014 and DAP-3662 1.01.RC022 in the upload_config function of sbin/httpd binary. When the binary handle the specific HTTP GET request, the content in upload_file variable is NULL in the upload_config function then the strncasecmp would take NULL as first argument, and incur the NULL pointer dereference vulnerability.",Network,https://www.dlink.com/en/security-bulletin/,2.3,2021-08-10
D-Link,Access Point,DSL-2740R,CVE-2021-29294,"Null Pointer Dereference vulnerability exists in D-Link DSL-2740R UK_1.01, which could let a remove malicious user cause a denial of service via the send_hnap_unauthorized function. It could be triggered by sending crafted POST request to /HNAP1/. NOTE: The DSL-2740R and all hardware revisions are considered End of Life and as such this issue will not be patched",Network,https://supportannouncement.us.dlink.com/announcement/publication.aspx?name=SAP10213 | https://www.dlink.com/en/security-bulletin/,2.3,2021-08-10
D-Link,Networking Device,DSP-W215,CVE-2021-29295,"Null Pointer Dereference vulnerability exists in D-Link DSP-W215 1.10, which could let a remote malicious user cause a denial of servie via usr/bin/lighttpd. It could be triggered by sending an HTTP request without URL in the start line directly to the device. NOTE: The DSP-W215 and all hardware revisions is considered End of Life and as such this issue will not be patched",Network,https://supportannouncement.us.dlink.com/announcement/publication.aspx?name=SAP10211 | https://www.dlink.com/en/security-bulletin/,2.3,2021-08-10
D-Link,Router,DIR-825,CVE-2021-29296,"Null Pointer Dereference vulnerability in D-Link DIR-825 2.10b02, which could let a remote malicious user cause a denial of service. The vulnerability could be triggered by sending an HTTP request with URL /vct_wan; the sbin/httpd would invoke the strchr function and take NULL as a first argument, which finally leads to the segmentation fault. NOTE: The DIR-825 and all hardware revisions is considered End of Life and as such this issue will not be patched",Network,https://supportannouncement.us.dlink.com/announcement/publication.aspx?name=SAP10212 | https://www.dlink.com/en/security-bulletin/,2.3,2021-08-10
D-Link,Router,DIR-802,CVE-2021-29379,An issue was discovered on D-Link DIR-802 A1 devices through 1.00b05. Universal Plug and Play (UPnP) is enabled by default on port 1900. An attacker can perform command injection by injecting a payload into the Search Target (ST) field of the SSDP M-SEARCH discover packet. NOTE: This vulnerability only affects products that are no longer supported by the maintainer,Adjacent Network,https://www.dlink.com/en/security-bulletin/ | https://supportannouncement.us.dlink.com/announcement/publication.aspx?name=SAP10206,2.3,2021-04-12
D-Link,Router,DIR-878,CVE-2021-30072,"An issue was discovered in prog.cgi on D-Link DIR-878 1.30B08 devices. Because strcat is misused, there is a stack-based buffer overflow that does not require authentication.",Network,https://www.dlink.com/en/security-bulletin/ | https://supportannouncement.us.dlink.com/announcement/publication.aspx?name=SAP10217,2.3,2021-04-02
D-Link,Router,DIR-816,CVE-2021-31326,D-Link DIR-816 A2 1.10 B05 allows unauthenticated attackers to arbitrarily reset the device via a crafted tokenid parameter to /goform/form2Reboot.cgi.,Network,https://supportannouncement.us.dlink.com/announcement/publication.aspx?name=SAP10240 | https://www.dlink.com/en/security-bulletin/,2.3,2022-03-24
D-Link,Security Camera,DCS-5220,CVE-2021-3182,D-Link DCS-5220 devices have a buffer overflow. NOTE: This vulnerability only affects products that are no longer supported by the maintainer,Adjacent Network,https://supportannouncement.us.dlink.com/announcement/publication.aspx?name=SAP10203,2.3,2021-01-19
D-Link,Router,DIR-868LW,CVE-2021-33259,"Several web interfaces in D-Link DIR-868LW 1.12b have no authentication requirements for access, allowing for attackers to obtain users' DNS query history.",Network,https://www.dlink.com/en/security-bulletin/ | http://d-link.com,2.3,2021-10-31
D-Link,Router,DIR-809,CVE-2021-33265,D-Link DIR-809 devices with firmware through DIR-809Ax_FW1.12WWB03_20190410 were discovered to contain a stack buffer overflow vulnerability in the function FUN_80046eb4 in /formSetPortTr. This vulnerability is triggered via a crafted POST request.,Local,https://www.dlink.com/en/security-bulletin/,2.3,2021-12-01
D-Link,Access Point,DIR-809,CVE-2021-33266,D-Link DIR-809 devices with firmware through DIR-809Ax_FW1.12WWB03_20190410 were discovered to contain a stack buffer overflow vulnerability in the function FUN_8004776c in /formVirtualApp. This vulnerability is triggered via a crafted POST request.,Network,https://www.dlink.com/en/security-bulletin/,2.3,2021-12-01
D-Link,Router,DIR-809,CVE-2021-33267,D-Link DIR-809 devices with firmware through DIR-809Ax_FW1.12WWB03_20190410 were discovered to contain a stack buffer overflow vulnerability in the function FUN_80034d60 in /formStaticDHCP. This vulnerability is triggered via a crafted POST request.,Network,https://www.dlink.com/en/security-bulletin/,2.3,2021-12-01
D-Link,Router,DIR-809,CVE-2021-33268,D-Link DIR-809 devices with firmware through DIR-809Ax_FW1.12WWB03_20190410 were discovered to contain a stack buffer overflow vulnerability in the function sub_8003183C in /fromLogin. This vulnerability is triggered via a crafted POST request.,Network,https://www.dlink.com/en/security-bulletin/,2.3,2021-12-01
D-Link,Router,DIR-809,CVE-2021-33269,D-Link DIR-809 devices with firmware through DIR-809Ax_FW1.12WWB03_20190410 were discovered to contain a stack buffer overflow vulnerability in the function FUN_8004776c in /formVirtualServ. This vulnerability is triggered via a crafted POST request.,Network,https://www.dlink.com/en/security-bulletin/,2.3,2021-12-01
D-Link,Router,DIR-809,CVE-2021-33270,D-Link DIR-809 devices with firmware through DIR-809Ax_FW1.12WWB03_20190410 were discovered to contain a stack buffer overflow vulnerability in the function FUN_800462c4 in /formAdvFirewall. This vulnerability is triggered via a crafted POST request.,Network,https://www.dlink.com/en/security-bulletin/,2.3,2021-12-01
D-Link,Router,DIR-809,CVE-2021-33271,D-Link DIR-809 devices with firmware through DIR-809Ax_FW1.12WWB03_20190410 were discovered to contain a stack buffer overflow vulnerability in the function sub_80046EB4 in /formSetPortTr. This vulnerability is triggered via a crafted POST request.,Network,https://www.dlink.com/en/security-bulletin/,2.3,2021-12-01
D-Link,Router,DIR-809,CVE-2021-33274,D-Link DIR-809 devices with firmware through DIR-809Ax_FW1.12WWB03_20190410 were discovered to contain a stack buffer overflow vulnerability in the function FUN_80040af8 in /formWlanSetup. This vulnerability is triggered via a crafted POST request.,Network,https://www.dlink.com/en/security-bulletin/,2.3,2021-12-01
D-Link,Router,DSL-2888A,CVE-2021-33346,There is an arbitrary password modification vulnerability in a D-LINK DSL-2888A router product. An attacker can use this vulnerability to modify the password of the admin user without authorization.,Network,https://www.dlink.com/en/security-bulletin/,2.3,2021-06-24
D-Link,Router,DIR-2640-US,CVE-2021-34201,"D-Link DIR-2640-US 1.01B04 is vulnerable to Buffer Overflow. There are multiple out-of-bounds vulnerabilities in some processes of D-Link AC2600(DIR-2640). Local ordinary users can overwrite the global variables in the .bss section, causing the process crashes or changes.",Local,https://www.dlink.com/en/security-bulletin/ | http://d-link.com,2.3,2021-06-16
D-Link,Router,DIR-2640-US,CVE-2021-34202,"There are multiple out-of-bounds vulnerabilities in some processes of D-Link AC2600(DIR-2640) 1.01B04. Ordinary permissions can be elevated to administrator permissions, resulting in local arbitrary code execution. An attacker can combine other vulnerabilities to further achieve the purpose of remote code execution.",Local,https://www.dlink.com/en/security-bulletin/ | http://d-link.com,2.3,2021-06-16
D-Link,Router,DIR-2640-US,CVE-2021-34203,"D-Link DIR-2640-US 1.01B04 is vulnerable to Incorrect Access Control. Router ac2600 (dir-2640-us), when setting PPPoE, will start quagga process in the way of whole network monitoring, and this function uses the original default password and port. An attacker can easily use telnet to log in, modify routing information, monitor the traffic of all devices under the router, hijack DNS and phishing attacks. In addition, this interface is likely to be questioned by customers as a backdoor, because the interface should not be exposed.",Adjacent Network,https://www.dlink.com/en/security-bulletin/ | http://d-link.com,2.3,2021-06-16
D-Link,Router,DIR-2640-US,CVE-2021-34204,"D-Link DIR-2640-US 1.01B04 is affected by Insufficiently Protected Credentials. D-Link AC2600(DIR-2640) stores the device system account password in plain text. It does not use linux user management. In addition, the passwords of all devices are the same, and they cannot be modified by normal users. An attacker can easily log in to the target router through the serial port and obtain root privileges.",Local,https://www.dlink.com/en/security-bulletin/ | http://d-link.com,2.3,2021-06-16
D-Link,Router,DAP-1330,CVE-2021-34827,This vulnerability allows network-adjacent attackers to execute arbitrary code on affected installations of D-Link DAP-1330 1.13B01 BETA routers. Authentication is not required to exploit this vulnerability. The specific flaw exists within the handling of the SOAPAction HTTP header. The issue results from the lack of proper validation of the length of user-supplied data prior to copying it to a fixed-length stack-based buffer. An attacker can leverage this vulnerability to execute code in the context of the device. Was ZDI-CAN-12029.,Adjacent Network,Not provided,2.3,2021-07-15
D-Link,Router,DAP-1330,CVE-2021-34828,This vulnerability allows network-adjacent attackers to execute arbitrary code on affected installations of D-Link DAP-1330 1.13B01 BETA routers. Authentication is not required to exploit this vulnerability. The specific flaw exists within the handling of the SOAPAction HTTP header. The issue results from the lack of proper validation of the length of user-supplied data prior to copying it to a fixed-length buffer. An attacker can leverage this vulnerability to execute code in the context of the device. Was ZDI-CAN-12066.,Adjacent Network,Not provided,2.3,2021-07-15
D-Link,Router,DAP-1330,CVE-2021-34829,This vulnerability allows network-adjacent attackers to execute arbitrary code on affected installations of D-Link DAP-1330 1.13B01 BETA routers. Authentication is not required to exploit this vulnerability. The specific flaw exists within the handling of the HNAP_AUTH HTTP header. The issue results from the lack of proper validation of the length of user-supplied data prior to copying it to a fixed-length buffer. An attacker can leverage this vulnerability to execute code in the context of the device. Was ZDI-CAN-12065.,Adjacent Network,Not provided,2.3,2021-07-15
D-Link,Router,DAP-1330,CVE-2021-34830,This vulnerability allows network-adjacent attackers to execute arbitrary code on affected installations of D-Link DAP-1330 1.13B01 BETA routers. Authentication is not required to exploit this vulnerability. The specific flaw exists within the handling of the Cookie HTTP header. The issue results from the lack of proper validation of the length of user-supplied data prior to copying it to a fixed-length stack-based buffer. An attacker can leverage this vulnerability to execute code in the context of the device. Was ZDI-CAN-12028.,Adjacent Network,Not provided,2.3,2021-07-15
D-Link,Router,DAP-2020,CVE-2021-34860,This vulnerability allows network-adjacent attackers to disclose sensitive information on affected installations of D-Link DAP-2020 1.01rc001 routers. Authentication is not required to exploit this vulnerability. The specific flaw exists within the handling of the getpage parameter provided to the webproc endpoint. The issue results from the lack of proper validation of a user-supplied path prior to using it in file operations. An attacker can leverage this vulnerability to disclose information in the context of root. Was ZDI-CAN-12103.,Adjacent Network,https://supportannouncement.us.dlink.com/announcement/publication.aspx?name=SAP10201,2.3,2021-10-25
D-Link,Router,DAP-2020,CVE-2021-34861,"This vulnerability allows network-adjacent attackers to execute arbitrary code on affected installations of D-Link DAP-2020 1.01rc001 routers. Authentication is not required to exploit this vulnerability. The specific flaw exists within the webproc endpoint, which listens on TCP port 80 by default. The issue results from the lack of proper validation of the length of user-supplied data prior to copying it to a fixed-length stack-based buffer. An attacker can leverage this vulnerability to execute code in the context of root. Was ZDI-CAN-12104.",Adjacent Network,https://supportannouncement.us.dlink.com/announcement/publication.aspx?name=SAP10201,2.3,2021-10-25
D-Link,Router,DAP-2020,CVE-2021-34862,This vulnerability allows network-adjacent attackers to execute arbitrary code on affected installations of D-Link DAP-2020 1.01rc001 routers. Authentication is not required to exploit this vulnerability. The specific flaw exists within the handling of the var:menu parameter provided to the webproc endpoint. The issue results from the lack of proper validation of the length of user-supplied data prior to copying it to a fixed-length stack-based buffer. An attacker can leverage this vulnerability to execute code in the context of root. Was ZDI-CAN-13270.,Adjacent Network,https://supportannouncement.us.dlink.com/announcement/publication.aspx?name=SAP10201,2.3,2021-10-25
D-Link,Router,DAP-2020,CVE-2021-34863,This vulnerability allows network-adjacent attackers to execute arbitrary code on affected installations of D-Link DAP-2020 1.01rc001 routers. Authentication is not required to exploit this vulnerability. The specific flaw exists within the handling of the var:page parameter provided to the webproc endpoint. The issue results from the lack of proper validation of the length of user-supplied data prior to copying it to a fixed-length stack-based buffer. An attacker can leverage this vulnerability to execute code in the context of root. Was ZDI-CAN-13271.,Adjacent Network,https://supportannouncement.us.dlink.com/announcement/publication.aspx?name=SAP10201,2.3,2021-10-25
D-Link,Router,DSL-2750U,CVE-2021-3707,"D-Link router DSL-2750U with firmware vME1.16 or prior versions is vulnerable to unauthorized configuration modification. An unauthenticated attacker on the local network may exploit this, with CVE-2021-3708, to execute any OS commands on the vulnerable device.",Local,https://supportannouncement.us.dlink.com/announcement/publication.aspx?name=SAP10230,2.3,2021-08-16
D-Link,Router,DSL-2750U,CVE-2021-3708,"D-Link router DSL-2750U with firmware vME1.16 or prior versions is vulnerable to OS command injection. An unauthenticated attacker on the local network may exploit this, with CVE-2021-3707, to execute any OS commands on the vulnerable device.",Local,https://supportannouncement.us.dlink.com/announcement/publication.aspx?name=SAP10230,2.3,2021-08-16
D-Link,Router,DIR-615,CVE-2021-37388,A buffer overflow in D-Link DIR-615 C2 3.03WW. The ping_ipaddr parameter in ping_response.cgi POST request allows an attacker to crash the webserver and might even gain remote code execution.,Network,https://www.dlink.com/en/security-bulletin/,2.3,2021-08-06
D-Link,Router,DIR-816,CVE-2021-39509,"An issue was discovered in D-Link DIR-816 DIR-816A2_FWv1.10CNB05_R1B011D88210 The HTTP request parameter is used in the handler function of /goform/form2userconfig.cgi route, which can construct the user name string to delete the user function. This can lead to command injection through shell metacharacters.",Network,https://www.dlink.com/en/security-bulletin/,2.3,2021-08-24
D-Link,Router,DIR-816,CVE-2021-39510,"An issue was discovered in D-Link DIR816_A1_FW101CNB04 750m11ac wireless router, The HTTP request parameter is used in the handler function of /goform/form2userconfig.cgi route, which can construct the user name string to delete the user function. This can lead to command injection through shell metacharacters.",Network,https://www.dlink.com/en/security-bulletin/,2.3,2021-08-24
D-Link,Networking Device,DVG-3104MS,CVE-2021-39613,"D-Link DVG-3104MS version 1.0.2.0.3, 1.0.2.0.4, and 1.0.2.0.4E contains hard-coded credentials for undocumented user accounts in the '/etc/passwd' file. As weak passwords have been used, the plaintext passwords can be recovered from the hash values. NOTE: This vulnerability only affects products that are no longer supported by the maintainer",Network,https://www.dlink.com/en/security-bulletin/ | https://supportannouncement.us.dlink.com/announcement/publication.aspx?name=SAP10237 | https://www.nussko.com/advisories/advisory-2021-08-01.txt,2.3,2021-08-23
D-Link,Networking Device,DVX-2000MS,CVE-2021-39614,"D-Link DVX-2000MS contains hard-coded credentials for undocumented user accounts in the '/etc/passwd' file. As weak passwords have been used, the plaintext passwords can be recovered from the hash values.",Network,https://supportannouncement.us.dlink.com/announcement/publication.aspx?name=SAP10236 | https://www.dlink.com/en/security-bulletin/ | https://www.nussko.com/advisories/advisory-2021-08-01.txt,2.3,2021-08-23
D-Link,Networking Device,DSR-500N,CVE-2021-39615,"D-Link DSR-500N version 1.02 contains hard-coded credentials for undocumented user accounts in the '/etc/passwd' file.If an attacker succeeds in recovering the cleartext password of the identified hash value, he will be able to log in via SSH or Telnet and thus gain access to the underlying embedded Linux operating system on the device. Fixed in version 2.12/2. NOTE: This vulnerability only affects products that are no longer supported by the maintainer",Network,https://www.nussko.com/advisories/advisory-2021-08-02.txt | https://supportannouncement.us.dlink.com/announcement/publication.aspx?name=SAP10235 | https://www.dlink.com/en/security-bulletin/,2.3,2021-08-23
D-Link,Networking Device,DSL-3782,CVE-2021-40284,"D-Link DSL-3782 EU v1.01:EU v1.03 is affected by a buffer overflow which can cause a denial of service. This vulnerability exists in the web interface ""/cgi-bin/New_GUI/Igmp.asp"". Authenticated remote attackers can trigger this vulnerability by sending a long string in parameter 'igmpsnoopEnable' via an HTTP request.",Network,https://supportannouncement.us.dlink.com/announcement/publication.aspx?name=SAP10245 | https://www.dlink.com/en/security-bulletin/,2.3,2021-09-09
D-Link,Router,DIR-615,CVE-2021-40654,An information disclosure issue exist in D-LINK-DIR-615 B2 2.01mt. An attacker can obtain a user name and password by forging a post request to the / getcfg.php page,Network,https://www.dlink.com/en/security-bulletin/,2.3,2021-09-24
D-Link,Router,DIR-605L,CVE-2021-40655,An informtion disclosure issue exists in D-LINK-DIR-605 B2 Firmware Version : 2.01MT. An attacker can obtain a user name and password by forging a post request to the / getcfg.php page,Network,https://www.dlink.com/en/security-bulletin/,2.3,2021-09-24
D-Link,Router,DIR-X1860,CVE-2021-41441,"A DoS attack in the web application of D-Link DIR-X1860 before v1.10WWB09_Beta allows a remote unauthenticated attacker to reboot the router via sending a specially crafted URL to an authenticated victim. The authenticated victim need to visit this URL, for the router to reboot.",Network,https://www.dlink.com/en/security-bulletin/ | http://d-link.com | https://supportannouncement.us.dlink.com/announcement/publication.aspx?name=SAP10283,2.3,2022-02-09
D-Link,Access Point,DIR-X1860,CVE-2021-41442,An HTTP smuggling attack in the web application of D-Link DIR-X1860 before v1.10WWB09_Beta allows a remote unauthenticated attacker to DoS the web application via sending a specific HTTP packet.,Network,https://www.dlink.com/en/security-bulletin/ | http://d-link.com | https://supportannouncement.us.dlink.com/announcement/publication.aspx?name=SAP10283,2.3,2022-02-09
D-Link,Access Point,DIR-X1860,CVE-2021-41445,A reflected cross-site-scripting attack in web application of D-Link DIR-X1860 before v1.10WWB09_Beta allows a remote unauthenticated attacker to execute code in the device of the victim via sending a specific URL to the unauthenticated victim.,Network,https://www.dlink.com/en/security-bulletin/ | http://d-link.com | https://supportannouncement.us.dlink.com/announcement/publication.aspx?name=SAP10283,2.3,2022-02-10
D-Link,Security Camera,"DCS-5000L, DCS-932L",CVE-2021-41503,DCS-5000L v1.05 and DCS-932L v2.17 and older are affecged by Incorrect Acess Control. The use of the basic authentication for the devices command interface allows attack vectors that may compromise the cameras configuration and allow malicious users on the LAN to access the device. NOTE: This vulnerability only affects products that are no longer supported by the maintainer,Adjacent Network,https://supportannouncement.us.dlink.com/announcement/publication.aspx?name=SAP10247 | https://www.dlink.com/en/security-bulletin/,2.3,2021-09-24
D-Link,Security Camera,"DCS-5000L, DCS-932L",CVE-2021-41504,An Elevated Privileges issue exists in D-Link DCS-5000L v1.05 and DCS-932L v2.17 and older. The use of the digest-authentication for the devices command interface may allow further attack vectors that may compromise the cameras configuration and allow malicious users on the LAN to access the device. NOTE: This vulnerability only affects products that are no longer supported by the maintainer,Adjacent Network,https://supportannouncement.us.dlink.com/announcement/publication.aspx?name=SAP10247 | https://www.dlink.com/en/security-bulletin/,2.3,2021-09-24
D-Link,Router,"DIR-X6060, DIR-X1560",CVE-2021-41753,"A denial-of-service attack in WPA2, and WPA3-SAE authentication methods in D-Link DIR-X1560, v1.04B04, and DIR-X6060, v1.11B04 allows a remote unauthenticated attacker to disconnect a wireless client via sending specific spoofed SAE authentication frames.",Network,https://supportannouncement.us.dlink.com/announcement/publication.aspx?name=SAP10243,2.3,2021-09-27
D-Link,Router,"DIR-615JX10, DIR-615_J1, DIR-615, DIR-615_T1",CVE-2021-42627,"The WAN configuration page ""wan.htm"" on D-Link DIR-615 devices with firmware 20.06 can be accessed directly without authentication which can lead to disclose the information about WAN settings and also leverage attacker to modify the data fields of page.",Network,https://www.dlink.com/en/security-bulletin/ | http://d-link.com | http://dlink.com,2.3,2022-08-23
D-Link,Networking Device,DWR-932C_E1,CVE-2021-42783,Missing Authentication for Critical Function vulnerability in debug_post_set.cgi of D-Link DWR-932C E1 firmware allows an unauthenticated attacker to execute administrative actions.,Network,https://supportannouncement.us.dlink.com/announcement/publication.aspx?name=SAP10246,2.3,2021-11-23
D-Link,Networking Device,DWR-932C_E1,CVE-2021-42784,OS Command Injection vulnerability in debug_fcgi of D-Link DWR-932C E1 firmware allows a remote attacker to perform command injection via a crafted HTTP request.,Network,https://supportannouncement.us.dlink.com/announcement/publication.aspx?name=SAP10246,2.3,2021-11-23
D-Link,Access Point,DIR-823G,CVE-2021-43474,An Access Control vulnerability exists in D-Link DIR-823G REVA1 1.02B05 (Lastest) via any parameter in the HNAP1 function,Network,https://www.dlink.com/en/security-bulletin/,2.3,2022-04-07
D-Link,Access Point,DIR-645,CVE-2021-43722,D-Link DIR-645 1.03 A1 is vulnerable to Buffer Overflow. The hnap_main function in the cgibin handler uses sprintf to format the soapaction header onto the stack and has no limit on the size.,Network,https://www.dlink.com/en/security-bulletin/,2.3,2022-03-31
D-Link,Access Point,"DIR-878, DIR-882",CVE-2021-44880,D-Link devices DIR_878 DIR_878_FW1.30B08_Hotfix_02 and DIR_882 DIR_882_FW1.30B06_Hotfix_02 were discovered to contain a command injection vulnerability in the system function. This vulnerability allows attackers to execute arbitrary commands via a crafted HNAP1 POST request.,Network,https://supportannouncement.us.dlink.com/announcement/publication.aspx?name=SAP10287 | https://supportannouncement.us.dlink.com/announcement/publication.aspx?name=SAP10286 | https://www.dlink.com/en/security-bulletin/,2.3,2022-02-04
D-Link,Access Point,DIR-882,CVE-2021-44881,D-Link device DIR_882 DIR_882_FW1.30B06_Hotfix_02 was discovered to contain a command injection vulnerability in the twsystem function. This vulnerability allows attackers to execute arbitrary commands via a crafted HNAP1 POST request.,Network,https://supportannouncement.us.dlink.com/announcement/publication.aspx?name=SAP10287 | https://www.dlink.com/en/security-bulletin/,2.3,2022-02-04
D-Link,Access Point,DIR-878,CVE-2021-44882,D-Link device DIR_878_FW1.30B08_Hotfix_02 was discovered to contain a command injection vulnerability in the twsystem function. This vulnerability allows attackers to execute arbitrary commands via a crafted HNAP1 POST request.,Network,https://supportannouncement.us.dlink.com/announcement/publication.aspx?name=SAP10286 | https://www.dlink.com/en/security-bulletin/,2.3,2022-02-04
D-Link,Router,"DIR-830L, DIR-826L, DIR-836L, DIR-820LW, DIR-820L, DIR-810L",CVE-2021-45382,"A Remote Command Execution (RCE) vulnerability exists in all series H/W revisions D-link DIR-810L, DIR-820L/LW, DIR-826L, DIR-830L, and DIR-836L routers via the DDNS function in ncc2 binary file. Note: DIR-810L, DIR-820L, DIR-830L, DIR-826L, DIR-836L, all hardware revisions, have reached their End of Life (""EOL"") /End of Service Life (""EOS"") Life-Cycle and as such this issue will not be patched.",Network,https://supportannouncement.us.dlink.com/announcement/publication.aspx?name=SAP10264,2.3,2022-02-17
D-Link,Networking Device,"R6400V2, R6700V3, D7800",CVE-2021-45608,"Certain D-Link, Edimax, NETGEAR, TP-Link, Tenda, and Western Digital devices are affected by an integer overflow by an unauthenticated attacker. Remote code execution from the WAN interface (TCP port 20005) cannot be ruled out; however, exploitability was judged to be of ""rather significant complexity"" but not ""impossible."" The overflow is in SoftwareBus_dispatchNormalEPMsgOut in the KCodes NetUSB kernel module. Affected NETGEAR devices are D7800 before 1.0.1.68, R6400v2 before 1.0.4.122, and R6700v3 before 1.0.4.122.",Network,https://kb.netgear.com/000064437/Security-Advisory-for-Pre-Authentication-Buffer-Overflow-on-Multiple-Products-PSV-2021-0278,2.3,2021-12-26
D-Link,Access Point,DIR-882,CVE-2021-45998,D-Link device DIR_882 DIR_882_FW1.30B06_Hotfix_02 was discovered to contain a command injection vulnerability in the LocalIPAddress parameter. This vulnerability allows attackers to execute arbitrary commands via a crafted HNAP1 POST request.,Network,https://supportannouncement.us.dlink.com/announcement/publication.aspx?name=SAP10287 | https://www.dlink.com/en/security-bulletin/,2.3,2022-02-04
D-Link,Networking Device,DSL-2730E,CVE-2021-46108,D-Link DSL-2730E CT-20131125 devices allow XSS via the username parameter to the password page in the maintenance configuration.,Network,https://www.dlink.com/en/security-bulletin/,2.3,2022-02-18
D-Link,Networking Device,DI-7200GV2,CVE-2021-46226,D-Link device DI-7200GV2.E1 v21.04.09E1 was discovered to contain a command injection vulnerability in the function wget_test.asp. This vulnerability allows attackers to execute arbitrary commands via the url parameter.,Network,https://supportannouncement.us.dlink.com/announcement/publication.aspx?name=SAP10284 | https://www.dlink.com/en/security-bulletin/,2.3,2022-02-04
D-Link,Networking Device,DI-7200GV2,CVE-2021-46227,"D-Link device DI-7200GV2.E1 v21.04.09E1 was discovered to contain a command injection vulnerability in the function proxy_client.asp. This vulnerability allows attackers to execute arbitrary commands via the proxy_srv, proxy_srvport, proxy_lanip, proxy_lanport parameters.",Network,https://supportannouncement.us.dlink.com/announcement/publication.aspx?name=SAP10284 | https://www.dlink.com/en/security-bulletin/,2.3,2022-02-04
D-Link,Networking Device,DI-7200GV2,CVE-2021-46228,D-Link device DI-7200GV2.E1 v21.04.09E1 was discovered to contain a command injection vulnerability in the function httpd_debug.asp. This vulnerability allows attackers to execute arbitrary commands via the time parameter.,Network,https://supportannouncement.us.dlink.com/announcement/publication.aspx?name=SAP10284 | https://www.dlink.com/en/security-bulletin/,2.3,2022-02-04
D-Link,Networking Device,DI-7200GV2,CVE-2021-46229,D-Link device DI-7200GV2.E1 v21.04.09E1 was discovered to contain a command injection vulnerability in the function usb_paswd.asp. This vulnerability allows attackers to execute arbitrary commands via the name parameter.,Network,https://supportannouncement.us.dlink.com/announcement/publication.aspx?name=SAP10284 | https://www.dlink.com/en/security-bulletin/,2.3,2022-02-04
D-Link,Networking Device,DI-7200GV2,CVE-2021-46230,D-Link device DI-7200GV2.E1 v21.04.09E1 was discovered to contain a command injection vulnerability in the function upgrade_filter. This vulnerability allows attackers to execute arbitrary commands via the path and time parameters.,Network,https://supportannouncement.us.dlink.com/announcement/publication.aspx?name=SAP10284 | https://www.dlink.com/en/security-bulletin/,2.3,2022-02-04
D-Link,Networking Device,DI-7200GV2,CVE-2021-46231,D-Link device DI-7200GV2.E1 v21.04.09E1 was discovered to contain a command injection vulnerability in the function urlrd_opt.asp. This vulnerability allows attackers to execute arbitrary commands via the url_en parameter.,Network,https://supportannouncement.us.dlink.com/announcement/publication.aspx?name=SAP10284 | https://www.dlink.com/en/security-bulletin/,2.3,2022-02-04
D-Link,Networking Device,DI-7200GV2,CVE-2021-46232,D-Link device DI-7200GV2.E1 v21.04.09E1 was discovered to contain a command injection vulnerability in the function version_upgrade.asp. This vulnerability allows attackers to execute arbitrary commands via the path parameter.,Network,https://supportannouncement.us.dlink.com/announcement/publication.aspx?name=SAP10284 | https://www.dlink.com/en/security-bulletin/,2.3,2022-02-04
D-Link,Networking Device,DI-7200GV2,CVE-2021-46233,D-Link device DI-7200GV2.E1 v21.04.09E1 was discovered to contain a command injection vulnerability in the function msp_info.htm. This vulnerability allows attackers to execute arbitrary commands via the cmd parameter.,Network,https://supportannouncement.us.dlink.com/announcement/publication.aspx?name=SAP10284 | https://www.dlink.com/en/security-bulletin/,2.3,2022-02-04
D-Link,Router,DIR-846,CVE-2021-46314,A Remote Command Execution (RCE) vulnerability exists in HNAP1/control/SetNetworkTomographySettings.php of D-Link Router DIR-846 DIR846A1_FW100A43.bin and DIR846enFW100A53DLA-Retail.bin because backticks can be used for command injection when judging whether it is a reasonable domain name.,Network,https://www.dlink.com/en/security-bulletin/,2.3,2022-02-17
D-Link,Router,DIR-846,CVE-2021-46315,"Remote Command Execution (RCE) vulnerability exists in HNAP1/control/SetWizardConfig.php in D-Link Router DIR-846 DIR846A1_FW100A43.bin and DIR846enFW100A53DLA-Retail.bin. Malicoius users can use this vulnerability to use ""\ "" or backticks in the shell metacharacters in the ssid0 or ssid1 parameters to cause arbitrary command execution. Since CVE-2019-17510 vulnerability has not been patched and improved www/hnap1/control/setwizardconfig.php, can also use line breaks and backquotes to bypass.",Network,https://www.dlink.com/en/security-bulletin/,2.3,2022-02-17
D-Link,Router,DIR-846,CVE-2021-46319,"Remote Code Execution (RCE) vulnerability exists in D-Link Router DIR-846 DIR846A1_FW100A43.bin and DIR846enFW100A53DLA-Retail.bin. Malicious users can use this vulnerability to use ""\ "" or backticks to bypass the shell metacharacters in the ssid0 or ssid1 parameters to execute arbitrary commands.This vulnerability is due to the fact that CVE-2019-17509 is not fully patched and can be bypassed by using line breaks or backticks on its basis.",Network,https://www.dlink.com/en/security-bulletin/,2.3,2022-02-17
D-Link,Access Point,DIR-X1860,CVE-2021-46353,An information disclosure in web interface in D-Link DIR-X1860 before 1.03 RevA1 allows a remote unauthenticated attacker to send a specially crafted HTTP request and gain knowledge of different absolute paths that are being used by the web application.,Network,https://www.dlink.com/en/security-bulletin/ | https://supportannouncement.us.dlink.com/announcement/publication.aspx?name=SAP10283,2.3,2022-03-04
D-Link,Router,DIR-850L,CVE-2021-46379,DLink DIR850 ET850-1.08TRb03 is affected by an incorrect access control vulnerability through URL redirection to untrusted site.,Network,http://packetstormsecurity.com/files/167041/DLINK-DIR850-Open-Redirection.html | https://www.dlink.com/en/security-bulletin/,2.3,2022-03-04
D-Link,Access Point,DAP-1620,CVE-2021-46381,Local File Inclusion due to path traversal in D-Link DAP-1620 leads to unauthorized internal files reading [/etc/passwd] and [/etc/shadow].,Network,http://packetstormsecurity.com/files/167070/DLINK-DAP-1620-A1-1.01-Directory-Traversal.html | https://www.dlink.com/en/security-bulletin/,2.3,2022-03-04
D-Link,Router,DIR-825,CVE-2021-46441,"In the ""webupg"" binary of D-Link DIR-825 G1, because of the lack of parameter verification, attackers can use ""cmd"" parameters to execute arbitrary system commands after obtaining authorization.",Network,https://www.dlink.com/en/security-bulletin/,2.3,2022-04-27
D-Link,Router,DIR-825,CVE-2021-46442,"In the ""webupg"" binary of D-Link DIR-825 G1, attackers can bypass authentication through parameters ""autoupgrade.asp"", and perform functions such as downloading configuration files and updating firmware without authorization.",Network,https://www.dlink.com/en/security-bulletin/,2.3,2022-04-27
D-Link,Access Point,DIR-823_PRO,CVE-2021-46452,"D-Link device D-Link DIR-823-Pro v1.0.2 was discovered to contain a command injection vulnerability in the function SetNetworkTomographySettings. This vulnerability allows attackers to execute arbitrary commands via the tomography_ping_address, tomography_ping_number, tomography_ping_size, tomography_ping_timeout, and tomography_ping_ttl parameters.",Network,https://www.dlink.com/en/security-bulletin/ | https://supportannouncement.us.dlink.com/announcement/publication.aspx?name=SAP10285,2.3,2022-02-04
D-Link,Router,DIR-823_PRO,CVE-2021-46453,D-Link device D-Link DIR-823-Pro v1.0.2 was discovered to contain a command injection vulnerability in the function SetStaticRouteSettings. This vulnerability allows attackers to execute arbitrary commands via the staticroute_list parameter.,Network,https://www.dlink.com/en/security-bulletin/ | https://supportannouncement.us.dlink.com/announcement/publication.aspx?name=SAP10285,2.3,2022-02-04
D-Link,Access Point,DIR-823_PRO,CVE-2021-46454,D-Link device D-Link DIR-823-Pro v1.0.2 was discovered to contain a command injection vulnerability in the function SetWLanApcliSettings. This vulnerability allows attackers to execute arbitrary commands via the ApCliKeyStr parameter.,Network,https://www.dlink.com/en/security-bulletin/ | https://supportannouncement.us.dlink.com/announcement/publication.aspx?name=SAP10285,2.3,2022-02-04
D-Link,Router,DIR-823_PRO,CVE-2021-46455,D-Link device D-Link DIR-823-Pro v1.0.2 was discovered to contain a command injection vulnerability in the function SetStationSettings. This vulnerability allows attackers to execute arbitrary commands via the station_access_enable parameter.,Network,https://www.dlink.com/en/security-bulletin/ | https://supportannouncement.us.dlink.com/announcement/publication.aspx?name=SAP10285,2.3,2022-02-04
D-Link,Router,DIR-823_PRO,CVE-2021-46456,D-Link device D-Link DIR-823-Pro v1.0.2 was discovered to contain a command injection vulnerability in the function SetWLanACLSettings. This vulnerability allows attackers to execute arbitrary commands via the wl(0).(0)_maclist parameter.,Network,https://www.dlink.com/en/security-bulletin/ | https://supportannouncement.us.dlink.com/announcement/publication.aspx?name=SAP10285,2.3,2022-02-04
D-Link,Router,DIR-823_PRO,CVE-2021-46457,D-Link device D-Link DIR-823-Pro v1.0.2 was discovered to contain a command injection vulnerability in the function ChgSambaUserSettings. This vulnerability allows attackers to execute arbitrary commands via the samba_name parameter.,Network,https://www.dlink.com/en/security-bulletin/ | https://supportannouncement.us.dlink.com/announcement/publication.aspx?name=SAP10285,2.3,2022-02-04
D-Link,Networking Device,"TEW-632BRP, DIR-825",CVE-2020-10213,An issue was discovered on D-Link DIR-825 Rev.B 2.10 devices. They allow remote attackers to execute arbitrary commands via the wps_sta_enrollee_pin parameter in a set_sta_enrollee_pin.cgi POST request. TRENDnet TEW-632BRP 1.010B32 is also affected.,Network,Not provided,2.3,2020-03-07
D-Link,Router,DIR-825,CVE-2020-10214,An issue was discovered on D-Link DIR-825 Rev.B 2.10 devices. There is a stack-based buffer overflow in the httpd binary. It allows an authenticated user to execute arbitrary code via a POST to ntp_sync.cgi with a sufficiently long parameter ntp_server.,Network,Not provided,2.3,2020-03-07
D-Link,Networking Device,"TEW-632BRP, DIR-825",CVE-2020-10215,An issue was discovered on D-Link DIR-825 Rev.B 2.10 devices. They allow remote attackers to execute arbitrary commands via the dns_query_name parameter in a dns_query.cgi POST request. TRENDnet TEW-632BRP 1.010B32 is also affected.,Network,Not provided,2.3,2020-03-07
D-Link,Networking Device,"TEW-632BRP, DIR-825",CVE-2020-10216,An issue was discovered on D-Link DIR-825 Rev.B 2.10 devices. They allow remote attackers to execute arbitrary commands via the date parameter in a system_time.cgi POST request. TRENDnet TEW-632BRP 1.010B32 is also affected.,Network,Not provided,2.3,2020-03-07
D-Link,Networking Device,DSL-7740C,CVE-2020-12774,"D-Link DSL-7740C does not properly validate user input, which allows an authenticated LAN user to inject arbitrary command.",Local,Not provided,2.3,2020-07-22
D-Link,Networking Device,DSP-W215,CVE-2020-13135,"D-Link DSP-W215 1.26b03 devices allow information disclosure by intercepting messages on the local network, as demonstrated by a Squid Proxy.",Adjacent Network,https://supportannouncement.us.dlink.com/announcement/publication.aspx?name=SAP10172,2.3,2020-05-18
D-Link,Networking Device,DSP-W215,CVE-2020-13136,D-Link DSP-W215 1.26b03 devices send an obfuscated hash that can be retrieved and understood by a network sniffer.,Network,https://supportannouncement.us.dlink.com/announcement/publication.aspx?name=SAP10172,2.3,2020-05-18
D-Link,Access Point,DSL-2750U,CVE-2020-13150,"D-link DSL-2750U ISL2750UEME3.V1E devices allow approximately 90 seconds of access to the control panel, after a restart, before MAC address filtering rules become active.",Local,https://www.dlink.com/en/security-bulletin,2.3,2020-06-15
D-Link,Router,DIR-865L,CVE-2020-13782,D-Link DIR-865L Ax 1.20B01 Beta devices allow Command Injection.,Network,https://supportannouncement.us.dlink.com/announcement/publication.aspx?name=SAP10174,2.3,2020-06-03
D-Link,Network Storage,DIR-865L,CVE-2020-13783,D-Link DIR-865L Ax 1.20B01 Beta devices have Cleartext Storage of Sensitive Information.,Network,https://supportannouncement.us.dlink.com/announcement/publication.aspx?name=SAP10174,2.3,2020-06-03
D-Link,Router,DIR-865L,CVE-2020-13784,D-Link DIR-865L Ax 1.20B01 Beta devices have a predictable seed in a Pseudo-Random Number Generator.,Network,https://supportannouncement.us.dlink.com/announcement/publication.aspx?name=SAP10174,2.3,2020-06-03
D-Link,Router,DIR-865L,CVE-2020-13785,D-Link DIR-865L Ax 1.20B01 Beta devices have Inadequate Encryption Strength.,Network,https://supportannouncement.us.dlink.com/announcement/publication.aspx?name=SAP10174,2.3,2020-06-03
D-Link,Router,DIR-865L,CVE-2020-13786,D-Link DIR-865L Ax 1.20B01 Beta devices allow CSRF.,Network,https://supportannouncement.us.dlink.com/announcement/publication.aspx?name=SAP10174,2.3,2020-06-03
D-Link,Router,DIR-865L,CVE-2020-13787,D-Link DIR-865L Ax 1.20B01 Beta devices have Cleartext Transmission of Sensitive Information.,Network,https://supportannouncement.us.dlink.com/announcement/publication.aspx?name=SAP10174,2.3,2020-06-03
D-Link,Networking Device,"DSL-2730U, DIR-600M",CVE-2020-13960,"D-Link DSL 2730-U IN_1.10 and IN_1.11 and DIR-600M 3.04 devices have the domain.name string in the DNS resolver search path by default, which allows remote attackers to provide valid DNS responses (and also offer Internet services such as HTTP) for names that otherwise would have had an NXDOMAIN error, by registering a subdomain of the domain.name domain name.",Network,Not provided,2.3,2020-06-08
D-Link,Access Point,DAP-1860,CVE-2020-15631,"This vulnerability allows network-adjacent attackers to execute arbitrary code on affected installations of D-Link DAP-1860 1.04B03_HOTFIX WiFi extenders. Although authentication is required to exploit this vulnerability, the existing authentication mechanism can be bypassed. The specific flaw exists within the HNAP service, which listens on TCP port 80 by default. When parsing the SOAPAction header, the process does not properly validate a user-supplied string before using it to execute a system call. An attacker can leverage this vulnerability to execute code in the context of the device. Was ZDI-CAN-10084.",Adjacent Network,https://supportannouncement.us.dlink.com/announcement/publication.aspx?name=SAP10185,2.3,2020-07-23
D-Link,Router,DIR-842,CVE-2020-15632,This vulnerability allows network-adjacent attackers to bypass authentication on affected installations of D-Link DIR-842 3.13B05 routers. Authentication is not required to exploit this vulnerability. The specific flaw exists within the processing of HNAP GetCAPTCHAsetting requests. The issue results from the lack of proper handling of sessions. An attacker can leverage this vulnerability to execute arbitrary code in the context of the device. Was ZDI-CAN-10083.,Adjacent Network,https://supportannouncement.us.dlink.com/announcement/publication.aspx?name=SAP10184,2.3,2020-07-23
D-Link,Router,"DIR-878, DIR-882, DIR-867",CVE-2020-15633,"This vulnerability allows network-adjacent attackers to bypass authentication on affected installations of D-Link DIR-867, DIR-878, and DIR-882 routers with firmware 1.20B10_BETA. Authentication is not required to exploit this vulnerability. The specific flaw exists within the handling of HNAP requests. The issue results from incorrect string matching logic when accessing protected pages. An attacker can leverage this vulnerability to escalate privileges and execute code in the context of the router. Was ZDI-CAN-10835.",Adjacent Network,https://supportannouncement.us.dlink.com/announcement/publication.aspx?name=SAP10186,2.3,2020-07-23
D-Link,Access Point,DAP-1520,CVE-2020-15892,"An issue was discovered in apply.cgi on D-Link DAP-1520 devices before 1.10b04Beta02. Whenever a user performs a login action from the web interface, the request values are being forwarded to the ssi binary. On the login page, the web interface restricts the password input field to a fixed length of 15 characters. The problem is that validation is being done on the client side, hence it can be bypassed. When an attacker manages to intercept the login request (POST based) and tampers with the vulnerable parameter (log_pass), to a larger length, the request will be forwarded to the webserver. This results in a stack-based buffer overflow. A few other POST variables, (transferred as part of the login request) are also vulnerable: html_response_page and log_user.",Network,https://supportannouncement.us.dlink.com/announcement/publication.aspx?name=SAP10169,2.3,2020-07-22
D-Link,Router,DIR-816L,CVE-2020-15893,An issue was discovered on D-Link DIR-816L devices 2.x before 1.10b04Beta02. Universal Plug and Play (UPnP) is enabled by default on port 1900. An attacker can perform command injection by injecting a payload into the Search Target (ST) field of the SSDP M-SEARCH discover packet.,Network,https://supportannouncement.us.dlink.com/announcement/publication.aspx?name=SAP10169,2.3,2020-07-22
D-Link,Router,DIR-816L,CVE-2020-15894,"An issue was discovered on D-Link DIR-816L devices 2.x before 1.10b04Beta02. There exists an exposed administration function in getcfg.php, which can be used to call various services. It can be utilized by an attacker to retrieve various sensitive information, such as admin login credentials, by setting the value of _POST_SERVICES in the query string to DEVICE.ACCOUNT.",Network,https://supportannouncement.us.dlink.com/announcement/publication.aspx?name=SAP10169,2.3,2020-07-22
D-Link,Access Point,DIR-816L,CVE-2020-15895,"An XSS issue was discovered on D-Link DIR-816L devices 2.x before 1.10b04Beta02. In the file webinc/js/info.php, no output filtration is applied to the RESULT parameter, before it's printed on the webpage.",Network,https://supportannouncement.us.dlink.com/announcement/publication.aspx?name=SAP10169,2.3,2020-07-22
D-Link,Access Point,DAP-1522,CVE-2020-15896,"An authentication-bypass issue was discovered on D-Link DAP-1522 devices 1.4x before 1.10b04Beta02. There exist a few pages that are directly accessible by any unauthorized user, e.g., logout.php and login.php. This occurs because of checking the value of NO_NEED_AUTH. If the value of NO_NEED_AUTH is 1, the user has direct access to the webpage without any authentication. By appending a query string NO_NEED_AUTH with the value of 1 to any protected URL, any unauthorized user can access the application directly, as demonstrated by bsc_lan.php?NO_NEED_AUTH=1.",Network,https://supportannouncement.us.dlink.com/announcement/publication.aspx?name=SAP10169,2.3,2020-07-22
D-Link,Networking Device,"DSR-250, DSR-1000N",CVE-2020-18568,"The D-Link DSR-250 (3.14) DSR-1000N (2.11B201) UPnP service contains a command injection vulnerability, which can cause remote command execution.",Network,https://www.dlink.com/en/security-bulletin/,2.3,2021-02-02
D-Link,Router,DIR-605L,CVE-2020-19318,"Buffer Overflow vulnerability in D-Link DIR-605L, hardware version AX, firmware version 1.17beta and below, allows authorized attackers execute arbitrary code via sending crafted data to the webserver service program.",Network,Not provided,2.3,2023-09-11
D-Link,Router,DIR-619L,CVE-2020-19323,An issue was discovered in /bin/mini_upnpd on D-Link DIR-619L 2.06beta devices. There is a heap buffer overflow allowing remote attackers to restart router via the M-search request ST parameter. No authentication required,Network,https://www.dlink.com/en/security-bulletin/,2.3,2023-09-11
D-Link,Access Point,DIR-846,CVE-2020-21016,D-Link DIR-846 devices with firmware 100A35 allow remote attackers to execute arbitrary code as root via HNAP1/control/SetGuestWLanSettings.php.,Network,https://www.dlink.com/en/security-bulletin/,2.3,2022-10-31
D-Link,Access Point,DSL-2888A,CVE-2020-24577,"An issue was discovered on D-Link DSL-2888A devices with firmware prior to AU_2.31_V1.1.47ae55. The One Touch application discloses sensitive information, such as the hashed admin login password and the Internet provider connection username and cleartext password, in the application's response body for a /tmp/var/passwd or /tmp/home/wan_stat URI.",Network,https://www.trustwave.com/en-us/resources/security-resources/security-advisories/ | https://www.trustwave.com/en-us/resources/blogs/spiderlabs-blog/d-link-multiple-security-vulnerabilities-leading-to-rce/ | https://www.trustwave.com/en-us/resources/security-resources/security-advisories/?fid=28241,2.3,2021-01-08
D-Link,Networking Device,DSL2888A,CVE-2020-24578,An issue was discovered on D-Link DSL-2888A devices with firmware prior to AU_2.31_V1.1.47ae55. It has a misconfigured FTP service that allows a malicious network user to access system folders and download sensitive files (such as the password hash file).,Adjacent Network,https://www.trustwave.com/en-us/resources/security-resources/security-advisories/ | https://www.trustwave.com/en-us/resources/blogs/spiderlabs-blog/d-link-multiple-security-vulnerabilities-leading-to-rce/,2.3,2020-12-22
D-Link,Networking Device,DSL2888A,CVE-2020-24579,An issue was discovered on D-Link DSL-2888A devices with firmware prior to AU_2.31_V1.1.47ae55. An unauthenticated attacker could bypass authentication to access authenticated pages and functionality.,Adjacent Network,https://www.trustwave.com/en-us/resources/security-resources/security-advisories/ | https://www.trustwave.com/en-us/resources/blogs/spiderlabs-blog/d-link-multiple-security-vulnerabilities-leading-to-rce/,2.3,2020-12-22
D-Link,Networking Device,DSL2888A,CVE-2020-24580,An issue was discovered on D-Link DSL-2888A devices with firmware prior to AU_2.31_V1.1.47ae55. Lack of authentication functionality allows an attacker to assign a static IP address that was once used by a valid user.,Adjacent Network,https://www.trustwave.com/en-us/resources/security-resources/security-advisories/ | https://www.trustwave.com/en-us/resources/blogs/spiderlabs-blog/d-link-multiple-security-vulnerabilities-leading-to-rce/,2.3,2020-12-22
D-Link,Networking Device,DSL2888A,CVE-2020-24581,An issue was discovered on D-Link DSL-2888A devices with firmware prior to AU_2.31_V1.1.47ae55. It contains an execute_cmd.cgi feature (that is not reachable via the web user interface) that lets an authenticated user execute Operating System commands.,Adjacent Network,https://www.trustwave.com/en-us/resources/security-resources/security-advisories/ | https://www.trustwave.com/en-us/resources/blogs/spiderlabs-blog/d-link-multiple-security-vulnerabilities-leading-to-rce/,2.3,2020-12-22
D-Link,Security Camera,"DCS-2670L, DCS-2530L",CVE-2020-25078,An issue was discovered on D-Link DCS-2530L before 1.06.01 Hotfix and DCS-2670L through 2.02 devices. The unauthenticated /config/getuser endpoint allows for remote administrator password disclosure.,Network,https://twitter.com/Dogonsecurity/status/1273251236167516161 | https://supportannouncement.us.dlink.com/announcement/publication.aspx?name=SAP10180,2.3,2020-09-02
D-Link,Security Camera,"DCS-2670L, DCS-2530L",CVE-2020-25079,An issue was discovered on D-Link DCS-2530L before 1.06.01 Hotfix and DCS-2670L through 2.02 devices. cgi-bin/ddns_enc.cgi allows authenticated command injection.,Network,https://twitter.com/Dogonsecurity/status/1271265152118259712 | https://supportannouncement.us.dlink.com/announcement/publication.aspx?name=SAP10180,2.3,2020-09-02
D-Link,Router,DIR-823G,CVE-2020-25366,An issue in the component /cgi-bin/upload_firmware.cgi of D-Link DIR-823G REVA1 1.02B05 allows attackers to cause a denial of service (DoS) via unspecified vectors.,Network,https://www.dlink.com/en/security-bulletin/ | http://d-link.com,2.3,2021-11-04
D-Link,Access Point,DIR-823G,CVE-2020-25367,A command injection vulnerability was discovered in the HNAP1 protocol in D-Link DIR-823G devices with firmware V1.0.2B05. An attacker is able to execute arbitrary web scripts via shell metacharacters in the Captcha field to Login.,Network,https://www.dlink.com/en/security-bulletin/ | http://d-link.com,2.3,2021-11-04
D-Link,Access Point,DIR-823G,CVE-2020-25368,A command injection vulnerability was discovered in the HNAP1 protocol in D-Link DIR-823G devices with firmware V1.0.2B05. An attacker is able to execute arbitrary web scripts via shell metacharacters in the PrivateLogin field to Login.,Network,https://www.dlink.com/en/security-bulletin/ | http://d-link.com,2.3,2021-11-04
D-Link,Network Storage,DNS-320,CVE-2020-25506,"D-Link DNS-320 FW v2.06B01 Revision Ax is affected by command injection in the system_mgr.cgi component, which can lead to remote arbitrary code execution.",Network,https://www.dlink.com/en/security-bulletin/ | https://supportannouncement.us.dlink.com/announcement/publication.aspx?name=SAP10183,2.3,2021-02-02
D-Link,Router,"DSR-500, DSR-500AC, DSR-150N, DSR-250, DSR-1000N, DSR-150, DSR-500N, DSR-250N, DSR-1000AC, DSR-1000",CVE-2020-25757,"A lack of input validation and access controls in Lua CGIs on D-Link DSR VPN routers may result in arbitrary input being passed to system command APIs, resulting in arbitrary command execution with root privileges. This affects DSR-150, DSR-250, DSR-500, and DSR-1000AC with firmware 3.14 and 3.17.",Adjacent Network,https://supportannouncement.us.dlink.com/announcement/publication.aspx?name=SAP10195 | https://www.dlink.com/en/security-bulletin,2.3,2020-12-15
D-Link,Networking Device,"DSR-500, DSR-500AC, DSR-150N, DSR-250, DSR-1000N, DSR-150, DSR-500N, DSR-250N, DSR-1000AC, DSR-1000",CVE-2020-25758,"An issue was discovered on D-Link DSR-250 3.17 devices. Insufficient validation of configuration file checksums could allow a remote, authenticated attacker to inject arbitrary crontab entries into saved configurations before uploading. These entries are executed as root.",Network,https://supportannouncement.us.dlink.com/announcement/publication.aspx?name=SAP10195 | https://www.dlink.com/en/security-bulletin,2.3,2020-12-15
D-Link,Router,"DSR-500, DSR-500AC, DSR-150N, DSR-250, DSR-1000N, DSR-150, DSR-500N, DSR-250N, DSR-1000AC, DSR-1000",CVE-2020-25759,"An issue was discovered on D-Link DSR-250 3.17 devices. Certain functionality in the Unified Services Router web interface could allow an authenticated attacker to execute arbitrary commands, due to a lack of validation of inputs provided in multipart HTTP POST requests.",Network,https://supportannouncement.us.dlink.com/announcement/publication.aspx?name=SAP10195 | https://www.dlink.com/en/security-bulletin,2.3,2020-12-15
D-Link,Router,"DIR-816L, DIR-865L, DIR-645, DIR-860L, DIR-815, DIR-803",CVE-2020-25786,webinc/js/info.php on D-Link DIR-816L 2.06.B09_BETA and DIR-803 1.04.B02 devices allows XSS via the HTTP Referer header. NOTE: This vulnerability only affects products that are no longer supported by the maintainer. NOTE: this is typically not exploitable because of URL encoding (except in Internet Explorer) and because a web page cannot specify that a client should make an additional HTTP request with an arbitrary Referer header,Network,https://supportannouncement.us.dlink.com/announcement/publication.aspx?name=SAP10190,2.3,2020-09-19
D-Link,Networking Device,DSR-250N,CVE-2020-26567,"An issue was discovered on D-Link DSR-250N before 3.17B devices. The CGI script upgradeStatusReboot.cgi can be accessed without authentication. Any access reboots the device, rendering it therefore unusable for several minutes.",Local,http://packetstormsecurity.com/files/159516/D-Link-DSR-250N-Denial-Of-Service.html,2.3,2020-10-08
D-Link,Access Point,DAP-1360U,CVE-2020-26582,D-Link DAP-1360U before 3.0.1 devices allow remote authenticated users to execute arbitrary commands via shell metacharacters in the IP JSON value for ping (aka res_config_action=3&res_config_id=18).,Network,https://supportannouncement.us.dlink.com/announcement/publication.aspx?name=SAP10191,2.3,2020-10-06
D-Link,Router,DIR-846,CVE-2020-27600,HNAP1/control/SetMasterWLanSettings.php in D-Link D-Link Router DIR-846 DIR-846 A1_100.26 allows remote attackers to execute arbitrary commands via shell metacharacters in the ssid0 or ssid1 parameter.,Network,https://www.dlink.com/en/security-bulletin/ | https://www.dlink.com,2.3,2021-04-02
D-Link,Router,"DSL-2888A, DVA-2800",CVE-2020-27862,"This vulnerability allows network-adjacent attackers to execute arbitrary code on affected installations of D-Link DVA-2800 and DSL-2888A routers. Authentication is not required to exploit this vulnerability. The specific flaw exists within the dhttpd service, which listens on TCP port 8008 by default. When parsing the path parameter, the process does not properly validate a user-supplied string before using it to execute a system call. An attacker can leverage this vulnerability to execute code in the context of the web server. Was ZDI-CAN-10911.",Adjacent Network,https://supportannouncement.us.dlink.com/announcement/publication.aspx?name=SAP10196,2.3,2021-02-12
D-Link,Router,"DSL-2888A, DVA-2800",CVE-2020-27863,"This vulnerability allows network-adjacent attackers to disclose sensitive information on affected installations of D-Link DVA-2800 and DSL-2888A routers. Authentication is not required to exploit this vulnerability. The specific flaw exists within the dhttpd service, which listens on TCP port 8008 by default. The issue results from incorrect string matching logic when accessing protected pages. An attacker can leverage this vulnerability to disclose stored credentials, leading to further compromise. Was ZDI-CAN-10912.",Adjacent Network,https://supportannouncement.us.dlink.com/announcement/publication.aspx?name=SAP10196,2.3,2021-02-12
D-Link,Access Point,DAP-1860,CVE-2020-27864,"This vulnerability allows network-adjacent attackers to execute arbitrary code on affected installations of D-Link DAP-1860 firmware version 1.04B03 WiFi extenders. Authentication is not required to exploit this vulnerability. The specific flaw exists within the HNAP service, which listens on TCP port 80 by default. When parsing the Authorization request header, the process does not properly validate a user-supplied string before using it to execute a system call. An attacker can leverage this vulnerability to execute code in the context of the device. Was ZDI-CAN-10880.",Adjacent Network,https://supportannouncement.us.dlink.com/announcement/publication.aspx?name=SAP10197,2.3,2021-02-12
D-Link,Access Point,DAP-1860,CVE-2020-27865,"This vulnerability allows network-adjacent attackers to execute arbitrary code on affected installations of D-Link DAP-1860 firmware version 1.04B03 WiFi extenders. Authentication is not required to exploit this vulnerability. The specific flaw exists within the uhttpd service, which listens on TCP port 80 by default. The issue results from incorrect string matching logic when accessing protected pages. An attacker can leverage this vulnerability to escalate privileges and execute code in the context of the device. Was ZDI-CAN-10894.",Adjacent Network,https://supportannouncement.us.dlink.com/announcement/publication.aspx?name=SAP10197,2.3,2021-02-12
D-Link,Router,DIR-868L,CVE-2020-29321,"The D-Link router DIR-868L 3.01 is vulnerable to credentials disclosure in telnet service through decompilation of firmware, that allows an unauthenticated attacker to gain access to the firmware and to extract sensitive data.",Network,https://cybersecurityworks.com/zerodays/cve-2020-29321-telnet-hardcoded-credentials.html,2.3,2021-06-04
D-Link,Router,DIR-880L,CVE-2020-29322,"The D-Link router DIR-880L 1.07 is vulnerable to credentials disclosure in telnet service through decompilation of firmware, that allows an unauthenticated attacker to gain access to the firmware and to extract sensitive data.",Network,https://cybersecurityworks.com/zerodays/cve-2020-29322-telnet-hardcoded-credentials.html,2.3,2021-06-04
D-Link,Router,DIR-885L-MFC,CVE-2020-29323,"The D-link router DIR-885L-MFC 1.15b02, v1.21b05 is vulnerable to credentials disclosure in telnet service through decompilation of firmware, that allows an unauthenticated attacker to gain access to the firmware and to extract sensitive data.",Network,https://cybersecurityworks.com/zerodays/cve-2020-29323-telnet-hardcoded-credentials.html,2.3,2021-06-04
D-Link,Router,DIR-895L_MFC,CVE-2020-29324,"The DLink Router DIR-895L MFC v1.21b05 is vulnerable to credentials disclosure in telnet service through decompilation of firmware, that allows an unauthenticated attacker to gain access to the firmware and to extract sensitive data.",Network,https://cybersecurityworks.com/zerodays/cve-2020-29324-d-link-router-dir-895l-mfc-telnet-hardcoded-credentials.html,2.3,2021-06-04
D-Link,Router,DIR-825_R1,CVE-2020-29557,An issue was discovered on D-Link DIR-825 R1 devices through 3.0.1 before 2020-11-20. A buffer overflow in the web interface allows attackers to achieve pre-authentication remote code execution.,Network,Not provided,2.3,2021-01-29
D-Link,Networking Device,DSL-GS225,CVE-2020-6765,"D-Link DSL-GS225 J1 AU_1.0.4 devices allow an admin to execute OS commands by placing shell metacharacters after a supported CLI command, as demonstrated by ping -c1 127.0.0.1; cat/etc/passwd. The CLI is reachable by TELNET.",Network,https://supportannouncement.us.dlink.com/announcement/publication.aspx?name=SAP10165,2.3,2020-04-10
D-Link,Networking Device,DCH-M225,CVE-2020-6841,D-Link DCH-M225 1.05b01 and earlier devices allow remote attackers to execute arbitrary OS commands via shell metacharacters in the spotifyConnect.php userName parameter.,Network,https://supportannouncement.us.dlink.com/announcement/publication.aspx?name=SAP10152,2.3,2020-02-21
D-Link,Networking Device,DCH-M225,CVE-2020-6842,D-Link DCH-M225 1.05b01 and earlier devices allow remote authenticated admins to execute arbitrary OS commands via shell metacharacters in the media renderer name.,Network,https://supportannouncement.us.dlink.com/announcement/publication.aspx?name=SAP10152,2.3,2020-02-21
D-Link,Router,DAP-1330,CVE-2020-8861,This vulnerability allows network-adjacent attackers to bypass authentication on affected installations of D-Link DAP-1330 1.10B01 BETA Wi-Fi range extenders. Authentication is not required to exploit this vulnerability. The specific flaw exists within the handling of HNAP login requests. The issue results from the lack of proper handling of cookies. An attacker can leverage this vulnerability to execute arbitrary code on the router. Was ZDI-CAN-9554.,Adjacent Network,https://supportannouncement.us.dlink.com/announcement/publication.aspx?name=SAP10155,2.3,2020-02-22
D-Link,Router,DAP-2610,CVE-2020-8862,This vulnerability allows network-adjacent attackers to bypass authentication on affected installations of D-Link DAP-2610 Firmware v2.01RC067 routers. Authentication is not required to exploit this vulnerability. The specific flaw exists within the handling of passwords. The issue results from the lack of proper password checking. An attacker can leverage this vulnerability to execute arbitrary code in the context of root. Was ZDI-CAN-10082.,Adjacent Network,https://supportannouncement.us.dlink.com/announcement/publication.aspx?name=SAP10154,2.3,2020-02-22
D-Link,Router,"DIR-878, DIR-882, DIR-867",CVE-2020-8863,"This vulnerability allows network-adjacent attackers to bypass authentication on affected installations of D-Link DIR-867, DIR-878, and DIR-882 routers with firmware 1.10B04. Authentication is not required to exploit this vulnerability. The specific flaw exists within the handling of HNAP login requests. The issue results from the lack of proper implementation of the authentication algorithm. An attacker can leverage this vulnerability to escalate privileges and execute code in the context of the router. Was ZDI-CAN-9470.",Adjacent Network,https://supportannouncement.us.dlink.com/announcement/publication.aspx?name=SAP10157,2.3,2020-03-23
D-Link,Router,"DIR-878, DIR-882, DIR-867",CVE-2020-8864,"This vulnerability allows network-adjacent attackers to bypass authentication on affected installations of D-Link DIR-867, DIR-878, and DIR-882 routers with firmware 1.10B04. Authentication is not required to exploit this vulnerability. The specific flaw exists within the handling of HNAP login requests. The issue results from the lack of proper handling of empty passwords. An attacker can leverage this vulnerability to execute arbitrary code on the router. Was ZDI-CAN-9471.",Adjacent Network,https://supportannouncement.us.dlink.com/announcement/publication.aspx?name=SAP10157,2.3,2020-03-23
D-Link,Router,DIR-842,CVE-2020-8962,A stack-based buffer overflow was found on the D-Link DIR-842 REVC with firmware v3.13B09 HOTFIX due to the use of strcpy for LOGINPASSWORD when handling a POST request to the /MTFWU endpoint.,Network,Not provided,2.3,2020-02-13
D-Link,Networking Device,DSL-2640B,CVE-2020-9275,"An issue was discovered on D-Link DSL-2640B B2 EU_4.01B devices. A cfm UDP service listening on port 65002 allows remote, unauthenticated exfiltration of administrative credentials.",Network,https://raelize.com/posts/d-link-dsl-2640b-security-advisories/ | https://www.dlink.com/en/security-bulletin,2.3,2020-04-20
D-Link,Networking Device,DSL-2640B,CVE-2020-9276,"An issue was discovered on D-Link DSL-2640B B2 EU_4.01B devices. The function do_cgi(), which processes cgi requests supplied to the device's web servers, is vulnerable to a remotely exploitable stack-based buffer overflow. Unauthenticated exploitation is possible by combining this vulnerability with CVE-2020-9277.",Network,https://raelize.com/posts/d-link-dsl-2640b-security-advisories/ | https://www.dlink.com/en/security-bulletin,2.3,2020-04-20
D-Link,Networking Device,DSL-2640B,CVE-2020-9277,"An issue was discovered on D-Link DSL-2640B B2 EU_4.01B devices. Authentication can be bypassed when accessing cgi modules. This allows one to perform administrative tasks (e.g., modify the admin password) with no authentication.",Network,https://raelize.com/posts/d-link-dsl-2640b-security-advisories/ | https://www.dlink.com/en/security-bulletin,2.3,2020-04-20
D-Link,Networking Device,DSL-2640B,CVE-2020-9278,An issue was discovered on D-Link DSL-2640B B2 EU_4.01B devices. The device can be reset to its default configuration by accessing an unauthenticated URL.,Network,https://raelize.com/posts/d-link-dsl-2640b-security-advisories/ | https://www.dlink.com/en/security-bulletin,2.3,2020-04-20
D-Link,Networking Device,DSL-2640B,CVE-2020-9279,An issue was discovered on D-Link DSL-2640B B2 EU_4.01B devices. A hard-coded account allows management-interface login with high privileges. The logged-in user can perform critical tasks and take full control of the device.,Network,https://raelize.com/posts/d-link-dsl-2640b-security-advisories/ | https://www.dlink.com/en/security-bulletin,2.3,2020-04-20
D-Link,Router,DIR-610,CVE-2020-9376,D-Link DIR-610 devices allow Information Disclosure via SERVICES=DEVICE.ACCOUNT%0AAUTHORIZED_GROUP=1 to getcfg.php. NOTE: This vulnerability only affects products that are no longer supported by the maintainer,Network,https://supportannouncement.us.dlink.com/announcement/publication.aspx?name=SAP10182 | https://www.dlink.com.br/produto/dir-610/,2.3,2020-07-09
D-Link,Router,DIR-610,CVE-2020-9377,D-Link DIR-610 devices allow Remote Command Execution via the cmd parameter to command.php. NOTE: This vulnerability only affects products that are no longer supported by the maintainer,Network,https://supportannouncement.us.dlink.com/announcement/publication.aspx?name=SAP10182 | https://www.dlink.com.br/produto/dir-610/,2.3,2020-07-09
D-Link,Router,DIR-615JX10,CVE-2020-9534,fmwlan.c on D-Link DIR-615Jx10 devices has a stack-based buffer overflow via the formWlanSetup webpage parameter when f_radius_ip1 is malformed.,Network,Not provided,2.3,2020-03-02
D-Link,Router,DIR-615JX10,CVE-2020-9535,fmwlan.c on D-Link DIR-615Jx10 devices has a stack-based buffer overflow via the formWlanSetup_Wizard webpage parameter when f_radius_ip1 is malformed.,Network,Not provided,2.3,2020-03-02
D-Link,Networking Device,DSL-2640B,CVE-2020-9544,An issue was discovered on D-Link DSL-2640B E1 EU_1.01 devices. The administrative interface doesn't perform authentication checks for a firmware-update POST request. Any attacker that can access the administrative interface can install firmware of their choice.,Network,https://www.dlink.com/en/security-bulletin,2.3,2020-03-05
D-Link,Access Point,Unknown,CVE-2023-24330,Command Injection vulnerability in D-Link Dir 882 with firmware version DIR882A1_FW130B06 allows attackers to run arbitrary commands via crafted POST request to /HNAP1/.,,Not provided,unknown versions,2024-02-21
D-Link,Networking Device,Unknown,CVE-2023-24331,Command Injection vulnerability in D-Link Dir 816 with firmware version DIR-816_A2_v1.10CNB04 allows attackers to run arbitrary commands via the urlAdd parameter.,,Not provided,1.10CNB04,2024-02-21
D-Link,Router,DIR-605L,CVE-2023-24343,D-Link N300 WI-FI Router DIR-605L v2.13B01 was discovered to contain a stack overflow via the curTime parameter at /goform/formSchedule.,Network,https://www.dlink.com/en/security-bulletin/,2.3,2023-02-10
D-Link,Router,DIR-605L,CVE-2023-24344,D-Link N300 WI-FI Router DIR-605L v2.13B01 was discovered to contain a stack overflow via the webpage parameter at /goform/formWlanGuestSetup.,Network,https://www.dlink.com/en/security-bulletin/,2.3,2023-02-10
D-Link,Router,DIR-605L,CVE-2023-24345,D-Link N300 WI-FI Router DIR-605L v2.13B01 was discovered to contain a stack overflow via the curTime parameter at /goform/formSetWanDhcpplus.,Network,https://www.dlink.com/en/security-bulletin/,2.3,2023-02-10
D-Link,Router,DIR-605L,CVE-2023-24346,D-Link N300 WI-FI Router DIR-605L v2.13B01 was discovered to contain a stack overflow via the wan_connected parameter at /goform/formEasySetupWizard3.,Network,https://www.dlink.com/en/security-bulletin/,2.3,2023-02-10
D-Link,Router,DIR-605L,CVE-2023-24347,D-Link N300 WI-FI Router DIR-605L v2.13B01 was discovered to contain a stack overflow via the webpage parameter at /goform/formSetWanDhcpplus.,Network,https://www.dlink.com/en/security-bulletin/,2.3,2023-02-10
D-Link,Router,DIR-605L,CVE-2023-24348,D-Link N300 WI-FI Router DIR-605L v2.13B01 was discovered to contain a stack overflow via the curTime parameter at /goform/formSetACLFilter.,Network,https://www.dlink.com/en/security-bulletin/,2.3,2023-02-10
D-Link,Router,DIR-605L,CVE-2023-24349,D-Link N300 WI-FI Router DIR-605L v2.13B01 was discovered to contain a stack overflow via the curTime parameter at /goform/formSetRoute.,Network,https://www.dlink.com/en/security-bulletin/,2.3,2023-02-10
D-Link,Router,DIR-605L,CVE-2023-24350,D-Link N300 WI-FI Router DIR-605L v2.13B01 was discovered to contain a stack overflow via the config.smtp_email_subject parameter at /goform/formSetEmail.,Network,https://www.dlink.com/en/security-bulletin/,2.3,2023-02-10
D-Link,Router,DIR-605L,CVE-2023-24351,D-Link N300 WI-FI Router DIR-605L v2.13B01 was discovered to contain a stack overflow via the FILECODE parameter at /goform/formLogin.,Network,https://www.dlink.com/en/security-bulletin/,2.3,2023-02-10
D-Link,Router,DIR-605L,CVE-2023-24352,D-Link N300 WI-FI Router DIR-605L v2.13B01 was discovered to contain a stack overflow via the webpage parameter at /goform/formWPS.,Network,https://www.dlink.com/en/security-bulletin/,2.3,2023-02-10
D-Link,Access Point,DIR-867,CVE-2023-24762,OS Command injection vulnerability in D-Link DIR-867 DIR_867_FW1.30B07 allows attackers to execute arbitrary commands via a crafted LocalIPAddress parameter for the SetVirtualServerSettings to HNAP1.,Network,https://www.dlink.com/en/security-bulletin/,2.3,2023-03-13
D-Link,Router,DIR-882_A1,CVE-2023-24797,D-Link DIR882 DIR882A1_FW110B02 was discovered to contain a stack overflow in the sub_48AC20 function. This vulnerability allows attackers to cause a Denial of Service (DoS) or execute arbitrary code via a crafted payload.,Network,https://www.dlink.com/en/security-bulletin/,2.3,2023-04-07
D-Link,Router,DIR-878,CVE-2023-24798,D-Link DIR878 DIR_878_FW120B05 was discovered to contain a stack overflow in the sub_475FB0 function. This vulnerability allows attackers to cause a Denial of Service (DoS) or execute arbitrary code via a crafted payload.,Network,https://www.dlink.com/en/security-bulletin/,2.3,2023-04-07
D-Link,Router,DIR-878,CVE-2023-24799,D-Link DIR878 DIR_878_FW120B05 was discovered to contain a stack overflow in the sub_48AF78 function. This vulnerability allows attackers to cause a Denial of Service (DoS) or execute arbitrary code via a crafted payload.,Network,https://www.dlink.com/en/security-bulletin/,2.3,2023-04-07
D-Link,Router,DIR-878,CVE-2023-24800,D-Link DIR878 DIR_878_FW120B05 was discovered to contain a stack overflow in the sub_495220 function. This vulnerability allows attackers to cause a Denial of Service (DoS) or execute arbitrary code via a crafted payload.,Network,https://www.dlink.com/en/security-bulletin/,2.3,2023-04-07
D-Link,Router,DIR-820L,CVE-2023-25279,OS Command injection vulnerability in D-Link DIR820LA1_FW105B03 allows attackers to escalate privileges to root via a crafted payload.,Network,https://github.com/migraine-sudo/D_Link_Vuln/tree/main/cmd%20Inject%20In%20tools_AccountName | https://www.dlink.com/en/security-bulletin/,2.3,2023-03-13
D-Link,Networking Device,DIR820LA1,CVE-2023-25280,OS Command injection vulnerability in D-Link DIR820LA1_FW105B03 allows attackers to escalate privileges to root via a crafted payload with the ping_addr parameter to ping.ccp.,Network,https://www.dlink.com/en/security-bulletin/,2.3,2023-03-16
D-Link,Networking Device,DIR820LA1,CVE-2023-25281,"A stack overflow vulnerability exists in pingV4Msg component in D-Link DIR820LA1_FW105B03, allows attackers to cause a denial of service via the nextPage parameter to ping.ccp.",Network,https://www.dlink.com/en/security-bulletin/,2.3,2023-03-16
D-Link,Access Point,DIR-820L,CVE-2023-25282,A heap overflow vulnerability in D-Link DIR820LA1_FW106B02 allows attackers to cause a denial of service via the config.log_to_syslog and log_opt_dropPackets parameters to mydlink_api.ccp.,Network,https://github.com/migraine-sudo/D_Link_Vuln/tree/main/Permanent%20DDOS%20vulnerability%20in%20emailInfo | https://www.dlink.com/en/security-bulletin/,2.3,2023-03-15
D-Link,Router,DIR-820L,CVE-2023-25283,A stack overflow vulnerability in D-Link DIR820LA1_FW106B02 allows attackers to cause a denial of service via the reserveDHCP_HostName_1.1.1.0 parameter to lan.asp.,Network,https://www.dlink.com/en/security-bulletin/,2.3,2023-03-13
D-Link,Router,DIR-823G,CVE-2023-26612,"D-Link DIR-823G firmware version 1.02B05 has a buffer overflow vulnerability, which originates from the HostName field in SetParentsControlInfo.",Network,https://www.dlink.com/en/security-bulletin/,2.3,2023-06-29
D-Link,Router,DIR-823G,CVE-2023-26613,An OS command injection vulnerability in D-Link DIR-823G firmware version 1.02B05 allows unauthorized attackers to execute arbitrary operating system commands via a crafted GET request to EXCU_SHELL.,Network,https://www.dlink.com/en/security-bulletin/,2.3,2023-06-29
D-Link,Access Point,DIR-823G,CVE-2023-26615,"D-Link DIR-823G firmware version 1.02B05 has a password reset vulnerability, which originates from the SetMultipleActions API, allowing unauthorized attackers to reset the WEB page management password.",Network,Not provided,2.3,2023-06-28
D-Link,Router,DIR-823G,CVE-2023-26616,"D-Link DIR-823G firmware version 1.02B05 has a buffer overflow vulnerability, which originates from the URL field in SetParentsControlInfo.",Network,https://www.dlink.com/en/security-bulletin/,2.3,2023-06-29
D-Link,Access Point,GO-RT-AC750,CVE-2023-26822,D-Link Go-RT-AC750 revA_v101b03 was discovered to contain a command injection vulnerability via the service parameter at soapcgi.main.,Network,https://www.dlink.com/en/security-bulletin/,2.3,2023-04-01
D-Link,Router,DIR-882,CVE-2023-26925,An information disclosure vulnerability exists in the Syslog functionality of D-LINK DIR-882 1.30. A specially crafted network request can lead to the disclosure of sensitive information.,Network,https://www.dlink.com/en/security-bulletin/,2.3,2023-03-31
D-Link,Networking Device,DSL-3782,CVE-2023-27216,An issue found in D-Link DSL-3782 v.1.03 allows remote authenticated users to execute arbitrary code as root via the network settings page.,Network,https://www.dlink.com/en/security-bulletin/ | http://d-link.com,2.3,2023-04-12
D-Link,Networking Device,DIR878,CVE-2023-27718,D-Link DIR878 1.30B08 was discovered to contain a stack overflow in the sub_498308 function. This vulnerability allows attackers to cause a Denial of Service (DoS) or execute arbitrary code via a crafted payload.,Network,https://www.dlink.com/en/security-bulletin/,2.3,2023-04-09
D-Link,Networking Device,DIR878,CVE-2023-27719,D-Link DIR878 1.30B08 was discovered to contain a stack overflow in the sub_478360 function. This vulnerability allows attackers to cause a Denial of Service (DoS) or execute arbitrary code via a crafted payload.,Network,https://www.dlink.com/en/security-bulletin/,2.3,2023-04-09
D-Link,Router,DIR-878,CVE-2023-27720,D-Link DIR878 1.30B08 was discovered to contain a stack overflow in the sub_48d630 function. This vulnerability allows attackers to cause a Denial of Service (DoS) or execute arbitrary code via a crafted payload.,Network,https://www.dlink.com/en/security-bulletin/,2.3,2023-04-09
D-Link,Router,DIR-823G,CVE-2023-29665,D-Link DIR823G_V1.0.2B05 was discovered to contain a stack overflow via the NewPassword parameters in SetPasswdSettings.,Network,https://www.dlink.com/en/security-bulletin/,2.3,2023-04-17
D-Link,Router,DIR-868L,CVE-2023-29856,"D-Link DIR-868L Hardware version A1, firmware version 1.12 is vulnerable to Buffer Overflow. The vulnerability is in scandir.sgi binary.",Network,https://supportannouncement.us.dlink.com/announcement/publication.aspx?name=SAP10325 | https://www.dlink.com/en/security-bulletin/,2.3,2023-05-02
D-Link,Router,DIR-605L,CVE-2023-29961,"D-Link DIR-605L firmware version 1.17B01 BETA is vulnerable to stack overflow via /goform/formTcpipSetup,",Network,https://www.dlink.com/en/security-bulletin/,2.3,2023-05-16
D-Link,Router,DIR-879,CVE-2023-30061,D-Link DIR-879 v105A1 is vulnerable to Authentication Bypass via phpcgi.,Network,https://www.dlink.com/en/security-bulletin/,2.3,2023-05-01
D-Link,Router,DIR-890L,CVE-2023-30063,D-Link DIR-890L FW1.10 A1 is vulnerable to Authentication bypass.,Network,https://www.dlink.com/en/security-bulletin/,2.3,2023-05-01
D-Link,Router,Router,CVE-2023-30309,An issue discovered in D-Link DI-7003GV2 routers allows attackers to hijack TCP sessions which could lead to a denial of service.,,Not provided,unknown versions,2024-05-28
D-Link,Router,DIR-300,CVE-2023-31814,D-Link DIR-300 firmware <=REVA1.06 and <=REVB2.06 is vulnerable to File inclusion via /model/__lang_msg.php.,Network,https://www.dlink.com/en/security-bulletin/,2.3,2023-05-23
D-Link,Router,"ZDI-CAN, DAP-1360, CGI-BIN",CVE-2023-32136,"D-Link DAP-1360 webproc var:menu Stack-based Buffer Overflow Remote Code Execution Vulnerability. This vulnerability allows network-adjacent attackers to execute arbitrary code on affected installations of D-Link DAP-1360 routers. Authentication is not required to exploit this vulnerability.

The specific flaw exists within the handling requests to the /cgi-bin/webproc endpoint. When parsing the var:menu parameter, the process does not properly validate the length of user-supplied data prior to copying it to a fixed-length stack-based buffer. An attacker can leverage this vulnerability to execute code in the context of root.
. Was ZDI-CAN-18414.",Network,https://supportannouncement.us.dlink.com/announcement/publication.aspx?name=SAP10324,unknown versions,2024-05-03
D-Link,Router,"ZDI-CAN, DAP-1360, CGI-BIN",CVE-2023-32137,"D-Link DAP-1360 webproc WEB_DisplayPage Directory Traversal Information Disclosure Vulnerability. This vulnerability allows network-adjacent attackers to disclose sensitive information on affected installations of D-Link DAP-1360 routers. Authentication is not required to exploit this vulnerability.

The specific flaw exists within the handling of requests to the /cgi-bin/webproc endpoint. The issue results from the lack of proper validation of a user-supplied path prior to using it in file operations. An attacker can leverage this vulnerability to disclose information in the context of root.
. Was ZDI-CAN-18415.",,https://supportannouncement.us.dlink.com/announcement/publication.aspx?name=SAP10324,unknown versions,2024-05-03
D-Link,Router,"ZDI-CAN, DAP-1360, CGI-BIN, HEAP-BASED",CVE-2023-32138,"D-Link DAP-1360 webproc Heap-based Buffer Overflow Remote Code Execution Vulnerability. This vulnerability allows network-adjacent attackers to execute arbitrary code on affected installations of D-Link DAP-1360 routers. Authentication is not required to exploit this vulnerability.

The specific flaw exists within the handling of requests to the /cgi-bin/webproc endpoint. The issue results from the lack of proper validation of the length of user-supplied data prior to copying it to a fixed-length heap-based buffer. An attacker can leverage this vulnerability to execute code in the context of root.
. Was ZDI-CAN-18416.",Network,https://supportannouncement.us.dlink.com/announcement/publication.aspx?name=SAP10324,unknown versions,2024-05-03
D-Link,Router,"ZDI-CAN, DAP-1360, CGI-BIN",CVE-2023-32139,"D-Link DAP-1360 webproc Stack-based Buffer Overflow Remote Code Execution Vulnerability. This vulnerability allows network-adjacent attackers to execute arbitrary code on affected installations of D-Link DAP-1360 routers. Authentication is not required to exploit this vulnerability.

The specific flaw exists within the handling requests to the /cgi-bin/webproc endpoint. The issue results from the lack of proper validation of the length of user-supplied data prior to copying it to a fixed-length stack-based buffer. An attacker can leverage this vulnerability to execute code in the context of root.
. Was ZDI-CAN-18417.",Network,https://supportannouncement.us.dlink.com/announcement/publication.aspx?name=SAP10324,unknown versions,2024-05-03
D-Link,Router,"SYSTOKEN, DAP-1360, CGI-BIN, HEAP-BASED, ZDI-CAN",CVE-2023-32140,"D-Link DAP-1360 webproc var:sys_Token Heap-based Buffer Overflow Remote Code Execution Vulnerability. This vulnerability allows network-adjacent attackers to execute arbitrary code on affected installations of D-Link DAP-1360 routers. Authentication is not required to exploit this vulnerability.

The specific flaw exists within the handling requests to the /cgi-bin/webproc endpoint. When parsing the var:sys_Token parameter, the process does not properly validate the length of user-supplied data prior to copying it to a fixed-length heap-based buffer. An attacker can leverage this vulnerability to execute code in the context of root.
. Was ZDI-CAN-18418.",Network,https://supportannouncement.us.dlink.com/announcement/publication.aspx?name=SAP10324,unknown versions,2024-05-03
D-Link,Router,"ZDI-CAN, DAP-1360, CGI-BIN",CVE-2023-32141,"D-Link DAP-1360 webproc WEB_DisplayPage Stack-based Buffer Overflow Remote Code Execution Vulnerability. This vulnerability allows network-adjacent attackers to execute arbitrary code on affected installations of D-Link DAP-1360 routers. Authentication is not required to exploit this vulnerability.

The specific flaw exists within the handling of requests to the /cgi-bin/webproc endpoint. When parsing the getpage and errorpage parameters, the process does not properly validate the length of user-supplied data prior to copying it to a fixed-length stack-based buffer. An attacker can leverage this vulnerability to execute code in the context of root.
. Was ZDI-CAN-18419.",Network,https://supportannouncement.us.dlink.com/announcement/publication.aspx?name=SAP10324,unknown versions,2024-05-03
D-Link,Router,"ZDI-CAN, DAP-1360, CGI-BIN",CVE-2023-32142,"D-Link DAP-1360 webproc var:page Stack-based Buffer Overflow Remote Code Execution Vulnerability. This vulnerability allows network-adjacent attackers to execute arbitrary code on affected installations of D-Link DAP-1360 routers. Authentication is not required to exploit this vulnerability.

The specific flaw exists within the handling of requests to the /cgi-bin/webproc endpoint. When parsing the var:page parameter, the process does not properly validate the length of user-supplied data prior to copying it to a fixed-length stack-based buffer. An attacker can leverage this vulnerability to execute code in the context of root.
. Was ZDI-CAN-18422.",Network,https://supportannouncement.us.dlink.com/announcement/publication.aspx?name=SAP10324,unknown versions,2024-05-03
D-Link,Router,"ZDI-CAN, DAP-1360, CGI-BIN",CVE-2023-32143,"D-Link DAP-1360 webupg UPGCGI_CheckAuth Numeric Truncation Remote Code Execution Vulnerability. This vulnerability allows network-adjacent attackers to execute arbitrary code on affected installations of D-Link DAP-1360 routers. Authentication is not required to exploit this vulnerability.

The specific flaw exists within the handling of requests to the /cgi-bin/webupg endpoint. The issue results from the lack of proper validation of user-supplied data, which can result in an integer overflow before allocating a buffer. An attacker can leverage this vulnerability to execute code in the context of root.
. Was ZDI-CAN-18423.",Network,https://supportannouncement.us.dlink.com/announcement/publication.aspx?name=SAP10324,unknown versions,2024-05-03
D-Link,Router,"ZDI-CAN, DAP-1360, CGI-BIN",CVE-2023-32144,"D-Link DAP-1360 webproc COMM_MakeCustomMsg Stack-based Buffer Overflow Remote Code Execution Vulnerability. This vulnerability allows network-adjacent attackers to execute arbitrary code on affected installations of D-Link DAP-1360 routers. Authentication is not required to exploit this vulnerability.

The specific flaw exists within the handling of requests to the /cgi-bin/webproc endpoint. The issue results from the lack of proper validation of the length of user-supplied data prior to copying it to a fixed-length stack-based buffer. An attacker can leverage this vulnerability to execute code in the context of root.
. Was ZDI-CAN-18454.",Network,https://supportannouncement.us.dlink.com/announcement/publication.aspx?name=SAP10324,unknown versions,2024-05-03
D-Link,Router,"ZDI-CAN, DAP-1360, WEB-BASED, HARD-CODED",CVE-2023-32145,"D-Link DAP-1360 Hardcoded Credentials Authentication Bypass Vulnerability. This vulnerability allows network-adjacent attackers to bypass authentication on affected installations of D-Link DAP-1360 routers. Authentication is not required to exploit this vulnerability.

The specific flaw exists within the processing of login requests to the web-based user interface. The firmware contains hard-coded default credentials. An attacker can leverage this vulnerability to bypass authentication on the system.
. Was ZDI-CAN-18455.",,https://supportannouncement.us.dlink.com/announcement/publication.aspx?name=SAP10324,unknown versions,2024-05-03
D-Link,Router,"ZDI-CAN, DAP-1360, CGI-BIN",CVE-2023-32146,"D-Link DAP-1360 Multiple Parameters Stack-Based Buffer Overflow Remote Code Execution Vulnerability. This vulnerability allows network-adjacent attackers to execute arbitrary code on affected installations of D-Link DAP-1360 routers. Authentication is not required to exploit this vulnerability.

The specific flaw exists within the /cgi-bin/webproc endpoint. When parsing the errorpage and nextpage parameters, the process does not properly validate the length of user-supplied data prior to copying it to a fixed-length stack-based buffer. An attacker can leverage this vulnerability to execute code in the context of root.
. Was ZDI-CAN-18746.",Network,https://supportannouncement.us.dlink.com/announcement/publication.aspx?name=SAP10324,unknown versions,2024-05-03
D-Link,Router,"DIR-2640, ZDI-CAN",CVE-2023-32147,"D-Link DIR-2640 LocalIPAddress Command Injection Remote Code Execution Vulnerability. This vulnerability allows network-adjacent attackers to execute arbitrary code on affected installations of D-Link DIR-2640 routers. Although authentication is required to exploit this vulnerability, the existing authentication mechanism can be bypassed.

The specific flaw exists within the handling of the LocalIPAddress parameter provided to the HNAP1 endpoint. The issue results from the lack of proper validation of a user-supplied string before using it to execute a system call. An attacker can leverage this vulnerability to execute code in the context of root.
. Was ZDI-CAN-19544.",Network,https://supportannouncement.us.dlink.com/announcement/publication.aspx?name=SAP10323,unknown versions,2024-05-03
D-Link,Router,"DIR-2640, ZDI-CAN",CVE-2023-32148,"D-Link DIR-2640 HNAP PrivateLogin Authentication Bypass Vulnerability. This vulnerability allows network-adjacent attackers to bypass authentication on affected installations of D-Link DIR-2640 routers. Authentication is not required to exploit this vulnerability.

The specific flaw exists within the web management interface, which listens on TCP port 80 by default. A crafted XML element in the login request can cause authentication to succeed without providing proper credentials. An attacker can leverage this vulnerability to bypass authentication on the system.
. Was ZDI-CAN-19545.",,https://supportannouncement.us.dlink.com/announcement/publication.aspx?name=SAP10323,unknown versions,2024-05-03
D-Link,Router,"DIR-2640, ZDI-CAN",CVE-2023-32149,"D-Link DIR-2640 prog.cgi Request Handling Stack-based Buffer Overflow Remote Code Execution Vulnerability. This vulnerability allows network-adjacent attackers to execute arbitrary code on affected installations of D-Link DIR-2640 routers. Authentication is not required to exploit this vulnerability.

The specific flaw exists within the web management interface, which listens on TCP port 80 by default. The issue results from the lack of proper validation of the length of user-supplied data prior to copying it to a fixed-length stack-based buffer. An attacker can leverage this vulnerability to execute code in the context of root.
. Was ZDI-CAN-19546.",Network,https://supportannouncement.us.dlink.com/announcement/publication.aspx?name=SAP10323,unknown versions,2024-05-03
D-Link,Router,"DIR-2640, ZDI-CAN",CVE-2023-32150,"D-Link DIR-2640 PrefixLen Command Injection Remote Code Execution Vulnerability. This vulnerability allows network-adjacent attackers to execute arbitrary code on affected installations of D-Link DIR-2640 routers. Although authentication is required to exploit this vulnerability, the existing authentication mechanism can be bypassed.

The specific flaw exists within the handling of the PrefixLen parameter provided to the HNAP1 endpoint. The issue results from the lack of proper validation of a user-supplied string before using it to execute a system call. An attacker can leverage this vulnerability to execute code in the context of root.
. Was ZDI-CAN-19547.",Network,https://supportannouncement.us.dlink.com/announcement/publication.aspx?name=SAP10323,unknown versions,2024-05-03
D-Link,Router,"DIR-2640, ZDI-CAN",CVE-2023-32151,"D-Link DIR-2640 DestNetwork Command Injection Remote Code Execution Vulnerability. This vulnerability allows network-adjacent attackers to execute arbitrary code on affected installations of D-Link DIR-2640 routers. Although authentication is required to exploit this vulnerability, the existing authentication mechanism can be bypassed.

The specific flaw exists within the handling of the DestNetwork parameter provided to the HNAP1 endpoint. The issue results from the lack of proper validation of a user-supplied string before using it to execute a system call. An attacker can leverage this vulnerability to execute code in the context of root.
. Was ZDI-CAN-19548.",Network,https://supportannouncement.us.dlink.com/announcement/publication.aspx?name=SAP10323,unknown versions,2024-05-03
D-Link,Router,"DIR-2640, ZDI-CAN",CVE-2023-32152,"D-Link DIR-2640 HNAP LoginPassword Authentication Bypass Vulnerability. This vulnerability allows network-adjacent attackers to bypass authentication on affected installations of D-Link DIR-2640 routers. Authentication is not required to exploit this vulnerability.

The specific flaw exists within the web management interface, which listens on TCP port 80 by default. A specially crafted login request can cause authentication to succeed without providing proper credentials. An attacker can leverage this vulnerability to bypass authentication on the system.
. Was ZDI-CAN-19549.",,https://supportannouncement.us.dlink.com/announcement/publication.aspx?name=SAP10323,unknown versions,2024-05-03
D-Link,Router,"DIR-2640, ZDI-CAN",CVE-2023-32153,"D-Link DIR-2640 EmailFrom Command Injection Remote Code Execution Vulnerability. This vulnerability allows network-adjacent attackers to execute arbitrary code on affected installations of D-Link DIR-2640 routers. Although authentication is required to exploit this vulnerability, the existing authentication mechanism can be bypassed.

The specific flaw exists within the handling of the EmailFrom parameter provided to the HNAP1 endpoint. The issue results from the lack of proper validation of a user-supplied string before using it to execute a system call. An attacker can leverage this vulnerability to execute code in the context of root.
. Was ZDI-CAN-19550.",Network,https://supportannouncement.us.dlink.com/announcement/publication.aspx?name=SAP10323,unknown versions,2024-05-03
D-Link,Networking Device,ZDI-CAN,CVE-2023-32164,"D-Link D-View TftpSendFileThread Directory Traversal Information Disclosure Vulnerability. This vulnerability allows remote attackers to disclose sensitive information on affected installations of D-Link D-View. Authentication is not required to exploit this vulnerability.

The specific flaw exists within the TftpSendFileThread class. The issue results from the lack of proper validation of a user-supplied path prior to using it in file operations. An attacker can leverage this vulnerability to disclose information in the context of SYSTEM. Was ZDI-CAN-19496.",Network,https://supportannouncement.us.dlink.com/announcement/publication.aspx?name=SAP10332,unknown versions,2024-05-03
D-Link,Networking Device,ZDI-CAN,CVE-2023-32165,"D-Link D-View TftpReceiveFileHandler Directory Traversal Remote Code Execution Vulnerability. This vulnerability allows remote attackers to execute arbitrary code on affected installations of D-Link D-View. Authentication is not required to exploit this vulnerability.

The specific flaw exists within the TftpReceiveFileHandler class. The issue results from the lack of proper validation of a user-supplied path prior to using it in file operations. An attacker can leverage this vulnerability to execute code in the context of SYSTEM. Was ZDI-CAN-19497.",Network,https://supportannouncement.us.dlink.com/announcement/publication.aspx?name=SAP10332,unknown versions,2024-05-03
D-Link,Networking Device,ZDI-CAN,CVE-2023-32166,"D-Link D-View uploadFile Directory Traversal Arbitrary File Creation Vulnerability. This vulnerability allows remote attackers to create arbitrary files on affected installations of D-Link D-View. Authentication is required to exploit this vulnerability.

The specific flaw exists within the uploadFile function. The issue results from the lack of proper validation of a user-supplied path prior to using it in file operations. An attacker can leverage this vulnerability to create files in the context of SYSTEM. Was ZDI-CAN-19527.",Network,https://supportannouncement.us.dlink.com/announcement/publication.aspx?name=SAP10332,unknown versions,2024-05-03
D-Link,Networking Device,ZDI-CAN,CVE-2023-32167,"D-Link D-View uploadMib Directory Traversal Arbitrary File Creation or Deletion Vulnerability. This vulnerability allows remote attackers to create and delete arbitrary files on affected installations of D-Link D-View. Authentication is required to exploit this vulnerability.

The specific flaw exists within the uploadMib function. The issue results from the lack of proper validation of a user-supplied path prior to using it in file operations. An attacker can leverage this vulnerability to create or delete files in the context of SYSTEM.
. Was ZDI-CAN-19529.",Network,https://supportannouncement.us.dlink.com/announcement/publication.aspx?name=SAP10332,unknown versions,2024-05-03
D-Link,Networking Device,ZDI-CAN,CVE-2023-32168,"D-Link D-View showUser Improper Authorization Privilege Escalation Vulnerability. This vulnerability allows remote attackers to escalate privileges on affected installations of D-Link D-View. Authentication is required to exploit this vulnerability.

The specific flaw exists within the showUser method. The issue results from the lack of proper authorization before accessing a privileged endpoint. An attacker can leverage this vulnerability to escalate privileges to resources normally protected from the user.
. Was ZDI-CAN-19534.",Network,https://supportannouncement.us.dlink.com/announcement/publication.aspx?name=SAP10332,unknown versions,2024-05-03
D-Link,Access Point,"ZDI-CAN, HARD-CODED",CVE-2023-32169,"D-Link D-View Use of Hard-coded Cryptographic Key Authentication Bypass Vulnerability. This vulnerability allows remote attackers to bypass authentication on affected installations of D-Link D-View. Authentication is not required to exploit this vulnerability.

The specific flaw exists within the TokenUtils class. The issue results from a hard-coded cryptographic key. An attacker can leverage this vulnerability to bypass authentication on the system.
. Was ZDI-CAN-19659.",Network,https://supportannouncement.us.dlink.com/announcement/publication.aspx?name=SAP10332,unknown versions,2024-05-03
D-Link,Networking Device,DSL-G256DG,CVE-2023-32222,D-Link DSL-G256DG version vBZ_1.00.27 web management interface allows authentication bypass via an unspecified method.,Network,Not provided,2.3,2023-06-28
D-Link,Networking Device,DSL-224,CVE-2023-32223,D-Link DSL-224 firmware version 3.0.10 allows post authentication command execution via an unspecified method.,Network,Not provided,2.3,2023-06-28
D-Link,Networking Device,DSL-224,CVE-2023-32224,D-Link DSL-224 firmware version 3.0.10 CWE-307: Improper Restriction of Excessive Authentication Attempts,Network,Not provided,2.3,2023-06-28
D-Link,Router,DIR-600,CVE-2023-33625,"D-Link DIR-600 Hardware Version B5, Firmware Version 2.18 was discovered to contain a command injection vulnerability via the ST parameter in the lxmldbc_system() function.",Network,https://www.dlink.com/en/security-bulletin/,2.3,2023-06-12
D-Link,Router,DIR-600,CVE-2023-33626,"D-Link DIR-600 Hardware Version B5, Firmware Version 2.18 was discovered to contain a stack overflow via the gena.cgi binary.",Network,https://www.dlink.com/en/security-bulletin/,2.3,2023-06-12
D-Link,Access Point,DIR-846,CVE-2023-33735,D-Link DIR-846 v1.00A52 was discovered to contain a remote command execution (RCE) vulnerability via the tomography_ping_address parameter in the /HNAP1 interface.,Network,https://www.dlink.com/en/security-bulletin/,2.3,2023-05-31
D-Link,Router,DIR-842V2,CVE-2023-33781,An issue in D-Link DIR-842V2 v1.0.3 allows attackers to execute arbitrary commands via importing a crafted file.,Network,https://www.dlink.com/en/security-bulletin/ | http://d-link.com,2.3,2023-06-07
D-Link,Router,DIR-842V2,CVE-2023-33782,D-Link DIR-842V2 v1.0.3 was discovered to contain a command injection vulnerability via the iperf3 diagnostics function.,Network,https://www.dlink.com/en/security-bulletin/ | http://d-link.com,2.3,2023-06-07
D-Link,Router,DIR-2150,CVE-2023-34274,"D-Link DIR-2150 LoginPassword Incorrect Implementation of Authentication Algorithm Authentication Bypass Vulnerability. This vulnerability allows network-adjacent attackers to bypass authentication on affected installations of D-Link DIR-2150 routers. Authentication is not required to exploit this vulnerability.

The specific flaw exists within the SOAP API interface, which listens on TCP port 80 by default. A crafted login request can cause authentication to succeed without providing proper credentials. An attacker can leverage this vulnerability to bypass authentication on the system. Was ZDI-CAN-20552.",Adjacent Network,Not provided,2.3,2024-05-03
D-Link,Router,DIR-2150,CVE-2023-34275,"D-Link DIR-2150 SetNTPServerSettings Command Injection Remote Code Execution Vulnerability. This vulnerability allows network-adjacent attackers to execute arbitrary code on affected installations of D-Link DIR-2150 routers. Although authentication is required to exploit this vulnerability, the existing authentication mechanism can be bypassed.

The specific flaw exists within the SOAP API interface, which listens on TCP port 80 by default. The issue results from the lack of proper validation of a user-supplied string before using it to execute a system call. An attacker can leverage this vulnerability to execute code in the context of root. Was ZDI-CAN-20553.",Adjacent Network,Not provided,2.3,2024-05-03
D-Link,Router,DIR-2150,CVE-2023-34276,"D-Link DIR-2150 SetTriggerPPPoEValidate Username Command Injection Remote Code Execution Vulnerability. This vulnerability allows network-adjacent attackers to execute arbitrary code on affected installations of D-Link DIR-2150 routers. Although authentication is required to exploit this vulnerability, the existing authentication mechanism can be bypassed.

The specific flaw exists within the SOAP API interface, which listens on TCP port 80 by default. The issue results from the lack of proper validation of a user-supplied string before using it to execute a system call. An attacker can leverage this vulnerability to execute code in the context of root. Was ZDI-CAN-20554.",Adjacent Network,Not provided,2.3,2024-05-03
D-Link,Router,DIR-2150,CVE-2023-34277,"D-Link DIR-2150 SetSysEmailSettings AccountName Command Injection Remote Code Execution Vulnerability. This vulnerability allows network-adjacent attackers to execute arbitrary code on affected installations of D-Link DIR-2150 routers. Although authentication is required to exploit this vulnerability, the existing authentication mechanism can be bypassed.

The specific flaw exists within the SOAP API interface, which listens on TCP port 80 by default. The issue results from the lack of proper validation of a user-supplied string before using it to execute a system call. An attacker can leverage this vulnerability to execute code in the context of root. Was ZDI-CAN-20555.",Adjacent Network,Not provided,2.3,2024-05-03
D-Link,Router,DIR-2150,CVE-2023-34278,"D-Link DIR-2150 SetSysEmailSettings EmailFrom Command Injection Remote Code Execution Vulnerability. This vulnerability allows network-adjacent attackers to execute arbitrary code on affected installations of D-Link DIR-2150 routers. Although authentication is required to exploit this vulnerability, the existing authentication mechanism can be bypassed.

The specific flaw exists within the SOAP API interface, which listens on TCP port 80 by default. The issue results from the lack of proper validation of a user-supplied string before using it to execute a system call. An attacker can leverage this vulnerability to execute code in the context of root. Was ZDI-CAN-20556.",Adjacent Network,Not provided,2.3,2024-05-03
D-Link,Router,DIR-2150,CVE-2023-34279,"D-Link DIR-2150 GetDeviceSettings Target Command Injection Remote Code Execution Vulnerability. This vulnerability allows network-adjacent attackers to execute arbitrary code on affected installations of D-Link DIR-2150 routers. Authentication is not required to exploit this vulnerability.

The specific flaw exists within the SOAP API interface, which listens on TCP port 80 by default. The issue results from the lack of proper validation of a user-supplied string before using it to execute a system call. An attacker can leverage this vulnerability to execute code in the context of root. Was ZDI-CAN-20558.",Adjacent Network,Not provided,2.3,2024-05-03
D-Link,Router,DIR-2150,CVE-2023-34280,"D-Link DIR-2150 SetSysEmailSettings EmailTo Command Injection Remote Code Execution Vulnerability. This vulnerability allows network-adjacent attackers to execute arbitrary code on affected installations of D-Link DIR-2150 routers. Although authentication is required to exploit this vulnerability, the existing authentication mechanism can be bypassed.

The specific flaw exists within the SOAP API interface, which listens on TCP port 80 by default. The issue results from the lack of proper validation of a user-supplied string before using it to execute a system call. An attacker can leverage this vulnerability to execute code in the context of root. Was ZDI-CAN-20559.",Adjacent Network,Not provided,2.3,2024-05-03
D-Link,Router,DIR-2150,CVE-2023-34281,"D-Link DIR-2150 GetFirmwareStatus Target Command Injection Remote Code Execution Vulnerability. This vulnerability allows network-adjacent attackers to execute arbitrary code on affected installations of D-Link DIR-2150 routers. Although authentication is required to exploit this vulnerability, the existing authentication mechanism can be bypassed.

The specific flaw exists within the SOAP API interface, which listens on TCP port 80 by default. The issue results from the lack of proper validation of a user-supplied string before using it to execute a system call. An attacker can leverage this vulnerability to execute code in the context of root. Was ZDI-CAN-20561.",Adjacent Network,Not provided,2.3,2024-05-03
D-Link,Router,DIR-2150,CVE-2023-34282,"D-Link DIR-2150 HNAP Incorrect Implementation of Authentication Algorithm Authentication Bypass Vulnerability. This vulnerability allows network-adjacent attackers to bypass authentication on affected installations of D-Link DIR-2150 routers. Authentication is not required to exploit this vulnerability.

The specific flaw exists within the SOAP API interface, which listens on TCP port 80 by default. A crafted authentication header can cause authentication to succeed without providing proper credentials. An attacker can leverage this vulnerability to bypass authentication on the system. Was ZDI-CAN-20910.",Adjacent Network,Not provided,2.3,2024-05-03
D-Link,Networking Device,GO-RT-AC750,CVE-2023-34800,D-Link Go-RT-AC750 revA_v101b03 was discovered to contain a command injection vulnerability via the service parameter at genacgi_main.,Network,https://www.dlink.com/en/security-bulletin/,2.3,2023-06-15
D-Link,Networking Device,DI-7500G-CI,CVE-2023-34856,A Cross Site Scripting (XSS) vulnerability in D-Link DI-7500G-CI-19.05.29A allows attackers to execute arbitrary code via uploading a crafted HTML file to the interface /auth_pic.cgi.,Network,Not provided,2.3,2023-06-09
D-Link,Router,"DAP-2622, ZDI-CAN",CVE-2023-35718,"D-Link DAP-2622 DDP Change ID Password Auth Password Stack-based Buffer Overflow Remote Code Execution Vulnerability. This vulnerability allows network-adjacent attackers to execute arbitrary code on affected installations of D-Link DAP-2622 routers. Authentication is not required to exploit this vulnerability.

The specific flaw exists within the DDP service. The issue results from the lack of proper validation of the length of user-supplied data prior to copying it to a fixed-length stack-based buffer. An attacker can leverage this vulnerability to execute code in the context of root.
. Was ZDI-CAN-20061.",Network,https://supportannouncement.us.dlink.com/announcement/publication.aspx?name=SAP10343,unknown versions,2024-05-03
D-Link,Router,"DIR-X3260, ZDI-CAN",CVE-2023-35723,"D-Link DIR-X3260 prog.cgi SOAPAction Command Injection Remote Code Execution Vulnerability. This vulnerability allows network-adjacent attackers to execute arbitrary code on affected installations of D-Link DIR-X3260 routers. Authentication is not required to exploit this vulnerability.

The specific flaw exists within the handling of the SOAPAction request header provided to the prog.cgi endpoint. The issue results from the lack of proper validation of a user-supplied string before using it to execute a system call. An attacker can leverage this vulnerability to execute code in the context of root. Was ZDI-CAN-20983.",Network,https://supportannouncement.us.dlink.com/announcement/publication.aspx?name=SAP10345,unknown versions,2024-05-03
D-Link,Router,"DAP-2622, ZDI-CAN, HARD-CODED",CVE-2023-35724,"D-Link DAP-2622 Telnet CLI Use of Hardcoded Credentials Authentication Bypass Vulnerability. This vulnerability allows network-adjacent attackers to bypass authentication on affected installations of D-Link DAP-2622 routers. Authentication is not required to exploit this vulnerability.

The specific flaw exists within the CLI service, which listens on TCP port 23. The server program contains hard-coded credentials. An attacker can leverage this vulnerability to bypass authentication on the system.
. Was ZDI-CAN-20050.",,https://supportannouncement.us.dlink.com/announcement/publication.aspx?name=SAP10349,unknown versions,2024-05-03
D-Link,Router,"DAP-2622, ZDI-CAN",CVE-2023-35725,"D-Link DAP-2622 DDP User Verification Auth Username Stack-based Buffer Overflow Remote Code Execution Vulnerability. This vulnerability allows network-adjacent attackers to execute arbitrary code on affected installations of D-Link DAP-2622 routers. Authentication is not required to exploit this vulnerability.

The specific flaw exists within the DDP service. The issue results from the lack of proper validation of the length of user-supplied data prior to copying it to a fixed-length stack-based buffer. An attacker can leverage this vulnerability to execute code in the context of root.
. Was ZDI-CAN-20052.",Network,https://supportannouncement.us.dlink.com/announcement/publication.aspx?name=SAP10349,unknown versions,2024-05-03
D-Link,Router,"DAP-2622, ZDI-CAN",CVE-2023-35726,"D-Link DAP-2622 DDP User Verification Auth Password Stack-based Buffer Overflow Remote Code Execution Vulnerability. This vulnerability allows network-adjacent attackers to execute arbitrary code on affected installations of D-Link DAP-2622 routers. Authentication is not required to exploit this vulnerability.

The specific flaw exists within the DDP service. The issue results from the lack of proper validation of the length of user-supplied data prior to copying it to a fixed-length stack-based buffer. An attacker can leverage this vulnerability to execute code in the context of root.
. Was ZDI-CAN-20053.",Network,https://supportannouncement.us.dlink.com/announcement/publication.aspx?name=SAP10349,unknown versions,2024-05-03
D-Link,Router,"DAP-2622, ZDI-CAN",CVE-2023-35727,"D-Link DAP-2622 DDP Reboot Auth Username Stack-based Buffer Overflow Remote Code Execution Vulnerability. This vulnerability allows network-adjacent attackers to execute arbitrary code on affected installations of D-Link DAP-2622 routers. Authentication is not required to exploit this vulnerability.

The specific flaw exists within the DDP service. The issue results from the lack of proper validation of the length of user-supplied data prior to copying it to a fixed-length stack-based buffer. An attacker can leverage this vulnerability to execute code in the context of root.
. Was ZDI-CAN-20054.",Network,https://supportannouncement.us.dlink.com/announcement/publication.aspx?name=SAP10349,unknown versions,2024-05-03
D-Link,Router,"DAP-2622, ZDI-CAN",CVE-2023-35728,"D-Link DAP-2622 DDP Reboot Auth Password Stack-based Buffer Overflow Remote Code Execution Vulnerability. This vulnerability allows network-adjacent attackers to execute arbitrary code on affected installations of D-Link DAP-2622 routers. Authentication is not required to exploit this vulnerability.

The specific flaw exists within the DDP service. The issue results from the lack of proper validation of the length of user-supplied data prior to copying it to a fixed-length stack-based buffer. An attacker can leverage this vulnerability to execute code in the context of root.
. Was ZDI-CAN-20055.",Network,https://supportannouncement.us.dlink.com/announcement/publication.aspx?name=SAP10349,unknown versions,2024-05-03
D-Link,Router,"DAP-2622, ZDI-CAN",CVE-2023-35729,"D-Link DAP-2622 DDP Reset Auth Username Stack-based Buffer Overflow Remote Code Execution Vulnerability. This vulnerability allows network-adjacent attackers to execute arbitrary code on affected installations of D-Link DAP-2622 routers. Authentication is not required to exploit this vulnerability.

The specific flaw exists within the DDP service. The issue results from the lack of proper validation of the length of user-supplied data prior to copying it to a fixed-length stack-based buffer. An attacker can leverage this vulnerability to execute code in the context of root.
. Was ZDI-CAN-20056.",Network,https://supportannouncement.us.dlink.com/announcement/publication.aspx?name=SAP10349,unknown versions,2024-05-03
D-Link,Router,"DAP-2622, ZDI-CAN",CVE-2023-35730,"D-Link DAP-2622 DDP Reset Auth Password Stack-based Buffer Overflow Remote Code Execution Vulnerability. This vulnerability allows network-adjacent attackers to execute arbitrary code on affected installations of D-Link DAP-2622 routers. Authentication is not required to exploit this vulnerability.

The specific flaw exists within the DDP service. The issue results from the lack of proper validation of the length of user-supplied data prior to copying it to a fixed-length stack-based buffer. An attacker can leverage this vulnerability to execute code in the context of root.
. Was ZDI-CAN-20057.",Network,https://supportannouncement.us.dlink.com/announcement/publication.aspx?name=SAP10349,unknown versions,2024-05-03
D-Link,Router,"DAP-2622, ZDI-CAN",CVE-2023-35731,"D-Link DAP-2622 DDP Reset Factory Auth Username Stack-based Buffer Overflow Remote Code Execution Vulnerability. This vulnerability allows network-adjacent attackers to execute arbitrary code on affected installations of D-Link DAP-2622 routers. Authentication is not required to exploit this vulnerability.

The specific flaw exists within the DDP service. The issue results from the lack of proper validation of the length of user-supplied data prior to copying it to a fixed-length stack-based buffer. An attacker can leverage this vulnerability to execute code in the context of root.
. Was ZDI-CAN-20058.",Network,https://supportannouncement.us.dlink.com/announcement/publication.aspx?name=SAP10349,unknown versions,2024-05-03
D-Link,Router,"DAP-2622, ZDI-CAN",CVE-2023-35732,"D-Link DAP-2622 DDP Reset Factory Auth Password Stack-based Buffer Overflow Remote Code Execution Vulnerability. This vulnerability allows network-adjacent attackers to execute arbitrary code on affected installations of D-Link DAP-2622 routers. Authentication is not required to exploit this vulnerability.

The specific flaw exists within the DDP service. The issue results from the lack of proper validation of the length of user-supplied data prior to copying it to a fixed-length stack-based buffer. An attacker can leverage this vulnerability to execute code in the context of root.
. Was ZDI-CAN-20059.",Network,https://supportannouncement.us.dlink.com/announcement/publication.aspx?name=SAP10349,unknown versions,2024-05-03
D-Link,Router,"DAP-2622, ZDI-CAN",CVE-2023-35733,"D-Link DAP-2622 DDP Change ID Password Auth Username Stack-based Buffer Overflow Remote Code Execution Vulnerability. This vulnerability allows network-adjacent attackers to execute arbitrary code on affected installations of D-Link DAP-2622 routers. Authentication is not required to exploit this vulnerability.

The specific flaw exists within the DDP service. The issue results from the lack of proper validation of the length of user-supplied data prior to copying it to a fixed-length stack-based buffer. An attacker can leverage this vulnerability to execute code in the context of root.
. Was ZDI-CAN-20060.",Network,https://supportannouncement.us.dlink.com/announcement/publication.aspx?name=SAP10349,unknown versions,2024-05-03
D-Link,Router,"DAP-2622, ZDI-CAN",CVE-2023-35735,"D-Link DAP-2622 DDP Change ID Password New Username Stack-based Buffer Overflow Remote Code Execution Vulnerability. This vulnerability allows network-adjacent attackers to execute arbitrary code on affected installations of D-Link DAP-2622 routers. Authentication is not required to exploit this vulnerability.

The specific flaw exists within the DDP service. The issue results from the lack of proper validation of the length of user-supplied data prior to copying it to a fixed-length stack-based buffer. An attacker can leverage this vulnerability to execute code in the context of root.
. Was ZDI-CAN-20062.",Network,https://supportannouncement.us.dlink.com/announcement/publication.aspx?name=SAP10349,unknown versions,2024-05-03
D-Link,Router,"DAP-2622, ZDI-CAN",CVE-2023-35736,"D-Link DAP-2622 DDP Change ID Password New Password Stack-based Buffer Overflow Remote Code Execution Vulnerability. This vulnerability allows network-adjacent attackers to execute arbitrary code on affected installations of D-Link DAP-2622 routers. Authentication is not required to exploit this vulnerability.

The specific flaw exists within the DDP service. The issue results from the lack of proper validation of the length of user-supplied data prior to copying it to a fixed-length stack-based buffer. An attacker can leverage this vulnerability to execute code in the context of root.
. Was ZDI-CAN-20063.",Network,https://supportannouncement.us.dlink.com/announcement/publication.aspx?name=SAP10349,unknown versions,2024-05-03
D-Link,Router,"DAP-2622, ZDI-CAN",CVE-2023-35737,"D-Link DAP-2622 DDP Configuration Backup Auth Username Stack-based Buffer Overflow Remote Code Execution Vulnerability. This vulnerability allows network-adjacent attackers to execute arbitrary code on affected installations of D-Link DAP-2622 routers. Authentication is not required to exploit this vulnerability.

The specific flaw exists within the DDP service. The issue results from the lack of proper validation of the length of user-supplied data prior to copying it to a fixed-length stack-based buffer. An attacker can leverage this vulnerability to execute code in the context of root.
. Was ZDI-CAN-20064.",Network,https://supportannouncement.us.dlink.com/announcement/publication.aspx?name=SAP10349,unknown versions,2024-05-03
D-Link,Router,"DAP-2622, ZDI-CAN",CVE-2023-35738,"D-Link DAP-2622 DDP Configuration Backup Auth Password Stack-based Buffer Overflow Remote Code Execution Vulnerability. This vulnerability allows network-adjacent attackers to execute arbitrary code on affected installations of D-Link DAP-2622 routers. Authentication is not required to exploit this vulnerability.

The specific flaw exists within the DDP service. The issue results from the lack of proper validation of the length of user-supplied data prior to copying it to a fixed-length stack-based buffer. An attacker can leverage this vulnerability to execute code in the context of root.
. Was ZDI-CAN-20065.",Network,https://supportannouncement.us.dlink.com/announcement/publication.aspx?name=SAP10349,unknown versions,2024-05-03
D-Link,Router,"DAP-2622, ZDI-CAN",CVE-2023-35739,"D-Link DAP-2622 DDP Configuration Backup Server IPv6 Address Stack-based Buffer Overflow Remote Code Execution Vulnerability. This vulnerability allows network-adjacent attackers to execute arbitrary code on affected installations of D-Link DAP-2622 routers. Authentication is not required to exploit this vulnerability.

The specific flaw exists within the DDP service. The issue results from the lack of proper validation of the length of user-supplied data prior to copying it to a fixed-length stack-based buffer. An attacker can leverage this vulnerability to execute code in the context of root.
. Was ZDI-CAN-20066.",Network,https://supportannouncement.us.dlink.com/announcement/publication.aspx?name=SAP10349,unknown versions,2024-05-03
D-Link,Router,"DAP-2622, ZDI-CAN",CVE-2023-35740,"D-Link DAP-2622 DDP Configuration Backup Server Address Stack-based Buffer Overflow Remote Code Execution Vulnerability. This vulnerability allows network-adjacent attackers to execute arbitrary code on affected installations of D-Link DAP-2622 routers. Authentication is not required to exploit this vulnerability.

The specific flaw exists within the DDP service. The issue results from the lack of proper validation of the length of user-supplied data prior to copying it to a fixed-length stack-based buffer. An attacker can leverage this vulnerability to execute code in the context of root.
. Was ZDI-CAN-20067.",Network,https://supportannouncement.us.dlink.com/announcement/publication.aspx?name=SAP10349,unknown versions,2024-05-03
D-Link,Router,"DAP-2622, ZDI-CAN",CVE-2023-35741,"D-Link DAP-2622 DDP Configuration Backup Filename Stack-based Buffer Overflow Remote Code Execution Vulnerability. This vulnerability allows network-adjacent attackers to execute arbitrary code on affected installations of D-Link DAP-2622 routers. Authentication is not required to exploit this vulnerability.

The specific flaw exists within the DDP service. The issue results from the lack of proper validation of the length of user-supplied data prior to copying it to a fixed-length stack-based buffer. An attacker can leverage this vulnerability to execute code in the context of root.
. Was ZDI-CAN-20068.",Network,https://supportannouncement.us.dlink.com/announcement/publication.aspx?name=SAP10349,unknown versions,2024-05-03
D-Link,Router,"DAP-2622, ZDI-CAN",CVE-2023-35742,"D-Link DAP-2622 DDP Configuration Restore Auth Username Stack-based Buffer Overflow Remote Code Execution Vulnerability. This vulnerability allows network-adjacent attackers to execute arbitrary code on affected installations of D-Link DAP-2622 routers. Authentication is not required to exploit this vulnerability.

The specific flaw exists within the DDP service. The issue results from the lack of proper validation of the length of user-supplied data prior to copying it to a fixed-length stack-based buffer. An attacker can leverage this vulnerability to execute code in the context of root.
. Was ZDI-CAN-20069.",Network,https://supportannouncement.us.dlink.com/announcement/publication.aspx?name=SAP10349,unknown versions,2024-05-03
D-Link,Router,"DAP-2622, ZDI-CAN",CVE-2023-35743,"D-Link DAP-2622 DDP Configuration Restore Auth Password Stack-based Buffer Overflow Remote Code Execution Vulnerability. This vulnerability allows network-adjacent attackers to execute arbitrary code on affected installations of D-Link DAP-2622 routers. Authentication is not required to exploit this vulnerability.

The specific flaw exists within the DDP service. The issue results from the lack of proper validation of the length of user-supplied data prior to copying it to a fixed-length stack-based buffer. An attacker can leverage this vulnerability to execute code in the context of root.
. Was ZDI-CAN-20070.",Network,https://supportannouncement.us.dlink.com/announcement/publication.aspx?name=SAP10349,unknown versions,2024-05-03
D-Link,Router,"DAP-2622, ZDI-CAN",CVE-2023-35744,"D-Link DAP-2622 DDP Configuration Restore Server IPv6 Address Stack-based Buffer Overflow Remote Code Execution Vulnerability. This vulnerability allows network-adjacent attackers to execute arbitrary code on affected installations of D-Link DAP-2622 routers. Authentication is not required to exploit this vulnerability.

The specific flaw exists within the DDP service. The issue results from the lack of proper validation of the length of user-supplied data prior to copying it to a fixed-length stack-based buffer. An attacker can leverage this vulnerability to execute code in the context of root.
. Was ZDI-CAN-20071.",Network,https://supportannouncement.us.dlink.com/announcement/publication.aspx?name=SAP10349,unknown versions,2024-05-03
D-Link,Router,"DAP-2622, ZDI-CAN",CVE-2023-35745,"D-Link DAP-2622 DDP Configuration Restore Filename Stack-based Buffer Overflow Remote Code Execution Vulnerability. This vulnerability allows network-adjacent attackers to execute arbitrary code on affected installations of D-Link DAP-2622 routers. Authentication is not required to exploit this vulnerability.

The specific flaw exists within the DDP service. The issue results from the lack of proper validation of the length of user-supplied data prior to copying it to a fixed-length stack-based buffer. An attacker can leverage this vulnerability to execute code in the context of root.
. Was ZDI-CAN-20073.",Network,https://supportannouncement.us.dlink.com/announcement/publication.aspx?name=SAP10349,unknown versions,2024-05-03
D-Link,Router,"DAP-2622, ZDI-CAN",CVE-2023-35746,"D-Link DAP-2622 DDP Firmware Upgrade Auth Username Stack-based Buffer Overflow Remote Code Execution Vulnerability. This vulnerability allows network-adjacent attackers to execute arbitrary code on affected installations of D-Link DAP-2622 routers. Authentication is not required to exploit this vulnerability.

The specific flaw exists within the DDP service. The issue results from the lack of proper validation of the length of user-supplied data prior to copying it to a fixed-length stack-based buffer. An attacker can leverage this vulnerability to execute code in the context of root.
. Was ZDI-CAN-20074.",Network,https://supportannouncement.us.dlink.com/announcement/publication.aspx?name=SAP10349,unknown versions,2024-05-03
D-Link,Router,"DAP-2622, ZDI-CAN",CVE-2023-35747,"D-Link DAP-2622 DDP Firmware Upgrade Auth Password Stack-based Buffer Overflow Remote Code Execution Vulnerability. This vulnerability allows network-adjacent attackers to execute arbitrary code on affected installations of D-Link DAP-2622 routers. Authentication is not required to exploit this vulnerability.

The specific flaw exists within the DDP service. The issue results from the lack of proper validation of the length of user-supplied data prior to copying it to a fixed-length stack-based buffer. An attacker can leverage this vulnerability to execute code in the context of root.
. Was ZDI-CAN-20075.",Network,https://supportannouncement.us.dlink.com/announcement/publication.aspx?name=SAP10349,unknown versions,2024-05-03
D-Link,Router,"DAP-2622, ZDI-CAN",CVE-2023-35748,"D-Link DAP-2622 DDP Firmware Upgrade Server IPv6 Address Stack-based Buffer Overflow Remote Code Execution Vulnerability. This vulnerability allows network-adjacent attackers to execute arbitrary code on affected installations of D-Link DAP-2622 routers. Authentication is not required to exploit this vulnerability.

The specific flaw exists within the DDP service. The issue results from the lack of proper validation of the length of user-supplied data prior to copying it to a fixed-length stack-based buffer. An attacker can leverage this vulnerability to execute code in the context of root.
. Was ZDI-CAN-20076.",Network,https://supportannouncement.us.dlink.com/announcement/publication.aspx?name=SAP10349,unknown versions,2024-05-07
D-Link,Router,"DAP-2622, ZDI-CAN",CVE-2023-35749,"D-Link DAP-2622 DDP Firmware Upgrade Filename Stack-based Buffer Overflow Remote Code Execution Vulnerability. This vulnerability allows network-adjacent attackers to execute arbitrary code on affected installations of D-Link DAP-2622 routers. Authentication is not required to exploit this vulnerability.

The specific flaw exists within the DDP service. The issue results from the lack of proper validation of the length of user-supplied data prior to copying it to a fixed-length stack-based buffer. An attacker can leverage this vulnerability to execute code in the context of root.
. Was ZDI-CAN-20077.",Network,https://supportannouncement.us.dlink.com/announcement/publication.aspx?name=SAP10349,unknown versions,2024-05-07
D-Link,Router,"DAP-2622, ZDI-CAN",CVE-2023-35750,"D-Link DAP-2622 DDP Get SSID List WPA PSK Information Disclosure Vulnerability. This vulnerability allows network-adjacent attackers to disclose sensitive information on affected installations of D-Link DAP-2622 routers. Authentication is not required to exploit this vulnerability.

The specific flaw exists within the DDP service. The issue results from the lack of authentication prior to allowing access to functionality. An attacker can leverage this vulnerability to disclose stored credentials, leading to further compromise.
. Was ZDI-CAN-20078.",,https://supportannouncement.us.dlink.com/announcement/publication.aspx?name=SAP10349,unknown versions,2024-05-03
D-Link,Router,"DAP-2622, ZDI-CAN",CVE-2023-35751,"D-Link DAP-2622 DDP Set AG Profile Auth Username Stack-based Buffer Overflow Remote Code Execution Vulnerability. This vulnerability allows network-adjacent attackers to execute arbitrary code on affected installations of D-Link DAP-2622 routers. Authentication is not required to exploit this vulnerability.

The specific flaw exists within the DDP service. The issue results from the lack of proper validation of the length of user-supplied data prior to copying it to a fixed-length stack-based buffer. An attacker can leverage this vulnerability to execute code in the context of root.
. Was ZDI-CAN-20079.",Network,https://supportannouncement.us.dlink.com/announcement/publication.aspx?name=SAP10349,unknown versions,2024-05-03
D-Link,Router,"DAP-2622, ZDI-CAN",CVE-2023-35752,"D-Link DAP-2622 DDP Set AG Profile Auth Password Stack-based Buffer Overflow Remote Code Execution Vulnerability. This vulnerability allows network-adjacent attackers to execute arbitrary code on affected installations of D-Link DAP-2622 routers. Authentication is not required to exploit this vulnerability.

The specific flaw exists within the DDP service. The issue results from the lack of proper validation of the length of user-supplied data prior to copying it to a fixed-length stack-based buffer. An attacker can leverage this vulnerability to execute code in the context of root.
. Was ZDI-CAN-20080.",Network,https://supportannouncement.us.dlink.com/announcement/publication.aspx?name=SAP10349,unknown versions,2024-05-03
D-Link,Router,"DAP-2622, ZDI-CAN",CVE-2023-35753,"D-Link DAP-2622 DDP Set AG Profile UUID Stack-based Buffer Overflow Remote Code Execution Vulnerability. This vulnerability allows network-adjacent attackers to execute arbitrary code on affected installations of D-Link DAP-2622 routers. Authentication is not required to exploit this vulnerability.

The specific flaw exists within the DDP service. The issue results from the lack of proper validation of the length of user-supplied data prior to copying it to a fixed-length stack-based buffer. An attacker can leverage this vulnerability to execute code in the context of root.
. Was ZDI-CAN-20081.",Network,https://supportannouncement.us.dlink.com/announcement/publication.aspx?name=SAP10349,unknown versions,2024-05-03
D-Link,Router,"DAP-2622, ZDI-CAN",CVE-2023-35754,"D-Link DAP-2622 DDP Set AG Profile NMS URL Stack-based Buffer Overflow Remote Code Execution Vulnerability. This vulnerability allows network-adjacent attackers to execute arbitrary code on affected installations of D-Link DAP-2622 routers. Authentication is not required to exploit this vulnerability.

The specific flaw exists within the DDP service. The issue results from the lack of proper validation of the length of user-supplied data prior to copying it to a fixed-length stack-based buffer. An attacker can leverage this vulnerability to execute code in the context of root.
. Was ZDI-CAN-20082.",Network,https://supportannouncement.us.dlink.com/announcement/publication.aspx?name=SAP10349,unknown versions,2024-05-03
D-Link,Router,"DAP-2622, DATE-TIME, ZDI-CAN",CVE-2023-35755,"D-Link DAP-2622 DDP Set Date-Time Auth Username Stack-based Buffer Overflow Remote Code Execution Vulnerability. This vulnerability allows network-adjacent attackers to execute arbitrary code on affected installations of D-Link DAP-2622 routers. Authentication is not required to exploit this vulnerability.

The specific flaw exists within the DDP service. The issue results from the lack of proper validation of the length of user-supplied data prior to copying it to a fixed-length stack-based buffer. An attacker can leverage this vulnerability to execute code in the context of root.
. Was ZDI-CAN-20083.",Network,https://supportannouncement.us.dlink.com/announcement/publication.aspx?name=SAP10349,unknown versions,2024-05-03
D-Link,Router,"DAP-2622, DATE-TIME, ZDI-CAN",CVE-2023-35756,"D-Link DAP-2622 DDP Set Date-Time Auth Password Stack-based Buffer Overflow Remote Code Execution Vulnerability. This vulnerability allows network-adjacent attackers to execute arbitrary code on affected installations of D-Link DAP-2622 routers. Authentication is not required to exploit this vulnerability.

The specific flaw exists within the DDP service. The issue results from the lack of proper validation of the length of user-supplied data prior to copying it to a fixed-length stack-based buffer. An attacker can leverage this vulnerability to execute code in the context of root.
. Was ZDI-CAN-20084.",Network,https://supportannouncement.us.dlink.com/announcement/publication.aspx?name=SAP10349,unknown versions,2024-05-03
D-Link,Router,"DAP-2622, DATE-TIME, ZDI-CAN",CVE-2023-35757,"D-Link DAP-2622 DDP Set Date-Time NTP Server Stack-based Buffer Overflow Remote Code Execution Vulnerability. This vulnerability allows network-adjacent attackers to execute arbitrary code on affected installations of D-Link DAP-2622 routers. Authentication is not required to exploit this vulnerability.

The specific flaw exists within the DDP service. The issue results from the lack of proper validation of the length of user-supplied data prior to copying it to a fixed-length stack-based buffer. An attacker can leverage this vulnerability to execute code in the context of root.
. Was ZDI-CAN-20085.",Network,https://supportannouncement.us.dlink.com/announcement/publication.aspx?name=SAP10349,unknown versions,2024-05-07
D-Link,Router,DIR-645,CVE-2023-36089,Authentication Bypass vulnerability in D-Link DIR-645 firmware version 1.03 allows remote attackers to gain escalated privileges via function phpcgi_main in cgibin. NOTE: This vulnerability only affects products that are no longer supported by the maintainer.,Network,https://www.dlink.com/en/security-bulletin/ | https://www.dlink.com/en/support,2.3,2023-07-31
D-Link,Router,DIR-885L,CVE-2023-36090,Authentication Bypass vulnerability in D-Link DIR-885L FW102b01 allows remote attackers to gain escalated privileges via phpcgi. NOTE: This vulnerability only affects products that are no longer supported by the maintainer.,Network,https://www.dlink.com/en/security-bulletin/ | https://www.dlink.com/en/support,2.3,2023-07-31
D-Link,Router,DIR-895L,CVE-2023-36091,Authentication Bypass vulnerability in D-Link DIR-895 FW102b07 allows remote attackers to gain escalated privileges via via function phpcgi_main in cgibin. NOTE: This vulnerability only affects products that are no longer supported by the maintainer.,Network,https://www.dlink.com/en/security-bulletin/ | https://www.dlink.com/en/support,2.3,2023-07-31
D-Link,Router,DIR-859,CVE-2023-36092,Authentication Bypass vulnerability in D-Link DIR-859 FW105b03 allows remote attackers to gain escalated privileges via via phpcgi_main. NOTE: This vulnerability only affects products that are no longer supported by the maintainer.,Network,https://www.dlink.com/en/security-bulletin/ | https://www.dlink.com/en/support,2.3,2023-07-31
D-Link,Networking Device,EMAIL_DOWNLOAD_LINK,CVE-2023-36523,"Exposure of Sensitive Information to an Unauthorized Actor vulnerability in Gopi Ramasamy Email download link.This issue affects Email download link: from n/a through 3.7.

",Network,https://patchstack.com/database/vulnerability/email-download-link/wordpress-email-download-link-plugin-3-7-sensitive-data-exposure?_s_id=cve,2.3,2023-11-30
D-Link,Router,"DAP-2622, ZDI-CAN",CVE-2023-37310,"D-Link DAP-2622 DDP Set Device Info Auth Username Stack-based Buffer Overflow Remote Code Execution Vulnerability. This vulnerability allows network-adjacent attackers to execute arbitrary code on affected installations of D-Link DAP-2622 routers. Authentication is not required to exploit this vulnerability.

The specific flaw exists within the DDP service. The issue results from the lack of proper validation of the length of user-supplied data prior to copying it to a fixed-length stack-based buffer. An attacker can leverage this vulnerability to execute code in the context of root.
. Was ZDI-CAN-20087.",Network,https://supportannouncement.us.dlink.com/announcement/publication.aspx?name=SAP10349,unknown versions,2024-05-03
D-Link,Router,"DAP-2622, ZDI-CAN",CVE-2023-37311,"D-Link DAP-2622 DDP Set Device Info Auth Password Stack-based Buffer Overflow Remote Code Execution Vulnerability. This vulnerability allows network-adjacent attackers to execute arbitrary code on affected installations of D-Link DAP-2622 routers. Authentication is not required to exploit this vulnerability.

The specific flaw exists within the DDP service. The issue results from the lack of proper validation of the length of user-supplied data prior to copying it to a fixed-length stack-based buffer. An attacker can leverage this vulnerability to execute code in the context of root.
. Was ZDI-CAN-20088.",Network,https://supportannouncement.us.dlink.com/announcement/publication.aspx?name=SAP10349,unknown versions,2024-05-03
D-Link,Router,"DAP-2622, ZDI-CAN",CVE-2023-37312,"D-Link DAP-2622 DDP Set Device Info Device Name Stack-based Buffer Overflow Remote Code Execution Vulnerability. This vulnerability allows network-adjacent attackers to execute arbitrary code on affected installations of D-Link DAP-2622 routers. Authentication is not required to exploit this vulnerability.

The specific flaw exists within the DDP service. The issue results from the lack of proper validation of the length of user-supplied data prior to copying it to a fixed-length stack-based buffer. An attacker can leverage this vulnerability to execute code in the context of root.
. Was ZDI-CAN-20089.",Network,https://supportannouncement.us.dlink.com/announcement/publication.aspx?name=SAP10349,unknown versions,2024-05-03
D-Link,Router,"DAP-2622, ZDI-CAN",CVE-2023-37313,"D-Link DAP-2622 DDP Set IPv4 Address Auth Username Stack-based Buffer Overflow Remote Code Execution Vulnerability. This vulnerability allows network-adjacent attackers to execute arbitrary code on affected installations of D-Link DAP-2622 routers. Authentication is not required to exploit this vulnerability.

The specific flaw exists within the DDP service. The issue results from the lack of proper validation of the length of user-supplied data prior to copying it to a fixed-length stack-based buffer. An attacker can leverage this vulnerability to execute code in the context of root.
. Was ZDI-CAN-20090.",Network,https://supportannouncement.us.dlink.com/announcement/publication.aspx?name=SAP10349,unknown versions,2024-05-03
D-Link,Router,"DAP-2622, ZDI-CAN",CVE-2023-37314,"D-Link DAP-2622 DDP Set IPv6 Address Auth Username Stack-based Buffer Overflow Remote Code Execution Vulnerability. This vulnerability allows network-adjacent attackers to execute arbitrary code on affected installations of D-Link DAP-2622 routers. Authentication is not required to exploit this vulnerability.

The specific flaw exists within the DDP service. The issue results from the lack of proper validation of the length of user-supplied data prior to copying it to a fixed-length stack-based buffer. An attacker can leverage this vulnerability to execute code in the context of root.
. Was ZDI-CAN-20092.",Network,https://supportannouncement.us.dlink.com/announcement/publication.aspx?name=SAP10349,unknown versions,2024-05-03
D-Link,Router,"DAP-2622, ZDI-CAN",CVE-2023-37315,"D-Link DAP-2622 DDP Set IPv6 Address Auth Password Stack-based Buffer Overflow Remote Code Execution Vulnerability. This vulnerability allows network-adjacent attackers to execute arbitrary code on affected installations of D-Link DAP-2622 routers. Authentication is not required to exploit this vulnerability.

The specific flaw exists within the DDP service. The issue results from the lack of proper validation of the length of user-supplied data prior to copying it to a fixed-length stack-based buffer. An attacker can leverage this vulnerability to execute code in the context of root.
. Was ZDI-CAN-20093.",Network,https://supportannouncement.us.dlink.com/announcement/publication.aspx?name=SAP10349,unknown versions,2024-05-03
D-Link,Router,"DAP-2622, ZDI-CAN",CVE-2023-37316,"D-Link DAP-2622 DDP Set IPv6 Address Default Gateway Stack-based Buffer Overflow Remote Code Execution Vulnerability. This vulnerability allows network-adjacent attackers to execute arbitrary code on affected installations of D-Link DAP-2622 routers. Authentication is not required to exploit this vulnerability.

The specific flaw exists within the DDP service. The issue results from the lack of proper validation of the length of user-supplied data prior to copying it to a fixed-length stack-based buffer. An attacker can leverage this vulnerability to execute code in the context of root.
. Was ZDI-CAN-20094.",Network,https://supportannouncement.us.dlink.com/announcement/publication.aspx?name=SAP10349,unknown versions,2024-05-03
D-Link,Router,"DAP-2622, ZDI-CAN",CVE-2023-37317,"D-Link DAP-2622 DDP Set IPv6 Address Primary DNS Stack-based Buffer Overflow Remote Code Execution Vulnerability. This vulnerability allows network-adjacent attackers to execute arbitrary code on affected installations of D-Link DAP-2622 routers. Authentication is not required to exploit this vulnerability.

The specific flaw exists within the DDP service. The issue results from the lack of proper validation of the length of user-supplied data prior to copying it to a fixed-length stack-based buffer. An attacker can leverage this vulnerability to execute code in the context of root.
. Was ZDI-CAN-20095.",Network,https://supportannouncement.us.dlink.com/announcement/publication.aspx?name=SAP10349,unknown versions,2024-05-03
D-Link,Router,"DAP-2622, ZDI-CAN",CVE-2023-37318,"D-Link DAP-2622 DDP Set IPv6 Address Secondary DNS Stack-based Buffer Overflow Remote Code Execution Vulnerability. This vulnerability allows network-adjacent attackers to execute arbitrary code on affected installations of D-Link DAP-2622 routers. Authentication is not required to exploit this vulnerability.

The specific flaw exists within the DDP service. The issue results from the lack of proper validation of the length of user-supplied data prior to copying it to a fixed-length stack-based buffer. An attacker can leverage this vulnerability to execute code in the context of root.
. Was ZDI-CAN-20096.",Network,https://supportannouncement.us.dlink.com/announcement/publication.aspx?name=SAP10349,unknown versions,2024-05-03
D-Link,Router,"DAP-2622, ZDI-CAN",CVE-2023-37319,"D-Link DAP-2622 DDP Set IPv6 Address Stack-based Buffer Overflow Remote Code Execution Vulnerability. This vulnerability allows network-adjacent attackers to execute arbitrary code on affected installations of D-Link DAP-2622 routers. Authentication is not required to exploit this vulnerability.

The specific flaw exists within the DDP service. The issue results from the lack of proper validation of the length of user-supplied data prior to copying it to a fixed-length stack-based buffer. An attacker can leverage this vulnerability to execute code in the context of root.
. Was ZDI-CAN-20097.",Network,https://supportannouncement.us.dlink.com/announcement/publication.aspx?name=SAP10349,unknown versions,2024-05-03
D-Link,Router,"DAP-2622, ZDI-CAN",CVE-2023-37320,"D-Link DAP-2622 DDP Set SSID List SSID Name Stack-based Buffer Overflow Remote Code Execution Vulnerability. This vulnerability allows network-adjacent attackers to execute arbitrary code on affected installations of D-Link DAP-2622 routers. Authentication is not required to exploit this vulnerability.

The specific flaw exists within the DDP service. The issue results from the lack of proper validation of the length of user-supplied data prior to copying it to a fixed-length stack-based buffer. An attacker can leverage this vulnerability to execute code in the context of root.
. Was ZDI-CAN-20098.",Network,https://supportannouncement.us.dlink.com/announcement/publication.aspx?name=SAP10349,unknown versions,2024-05-03
D-Link,Router,"DAP-2622, ZDI-CAN",CVE-2023-37321,"D-Link DAP-2622 DDP Set SSID List RADIUS Secret Stack-based Buffer Overflow Remote Code Execution Vulnerability. This vulnerability allows network-adjacent attackers to execute arbitrary code on affected installations of D-Link DAP-2622 routers. Authentication is not required to exploit this vulnerability.

The specific flaw exists within the DDP service. The issue results from the lack of proper validation of the length of user-supplied data prior to copying it to a fixed-length stack-based buffer. An attacker can leverage this vulnerability to execute code in the context of root.
. Was ZDI-CAN-20099.",Network,https://supportannouncement.us.dlink.com/announcement/publication.aspx?name=SAP10349,unknown versions,2024-05-03
D-Link,Router,"DAP-2622, ZDI-CAN",CVE-2023-37322,"D-Link DAP-2622 DDP Set SSID List RADIUS Server Stack-based Buffer Overflow Remote Code Execution Vulnerability. This vulnerability allows network-adjacent attackers to execute arbitrary code on affected installations of D-Link DAP-2622 routers. Authentication is not required to exploit this vulnerability.

The specific flaw exists within the DDP service. The issue results from the lack of proper validation of the length of user-supplied data prior to copying it to a fixed-length stack-based buffer. An attacker can leverage this vulnerability to execute code in the context of root.
. Was ZDI-CAN-20100.",Network,https://supportannouncement.us.dlink.com/announcement/publication.aspx?name=SAP10349,unknown versions,2024-05-03
D-Link,Router,"DAP-2622, ZDI-CAN",CVE-2023-37323,"D-Link DAP-2622 DDP Set SSID List PSK Stack-based Buffer Overflow Remote Code Execution Vulnerability. This vulnerability allows network-adjacent attackers to execute arbitrary code on affected installations of D-Link DAP-2622 routers. Authentication is not required to exploit this vulnerability.

The specific flaw exists within the DDP service. The issue results from the lack of proper validation of the length of user-supplied data prior to copying it to a fixed-length stack-based buffer. An attacker can leverage this vulnerability to execute code in the context of root.
. Was ZDI-CAN-20101.",Network,https://supportannouncement.us.dlink.com/announcement/publication.aspx?name=SAP10349,unknown versions,2024-05-03
D-Link,Router,"DAP-2622, ZDI-CAN",CVE-2023-37324,"D-Link DAP-2622 DDP Set Wireless Info Auth Username Stack-based Buffer Overflow Remote Code Execution Vulnerability. This vulnerability allows network-adjacent attackers to execute arbitrary code on affected installations of D-Link DAP-2622 routers. Authentication is not required to exploit this vulnerability.

The specific flaw exists within the DDP service. The issue results from the lack of proper validation of the length of user-supplied data prior to copying it to a fixed-length stack-based buffer. An attacker can leverage this vulnerability to execute code in the context of root.
. Was ZDI-CAN-20102.",Network,https://supportannouncement.us.dlink.com/announcement/publication.aspx?name=SAP10349,unknown versions,2024-05-03
D-Link,Router,"DAP-2622, ZDI-CAN",CVE-2023-37325,"D-Link DAP-2622 DDP Set SSID List Missing Authentication Vulnerability. This vulnerability allows network-adjacent attackers to make unauthorized changes to device configuration on affected installations of D-Link DAP-2622 routers. Authentication is not required to exploit this vulnerability.

The specific flaw exists within the DDP service. The issue results from the lack of authentication prior to allowing access to functionality. An attacker can leverage this vulnerability to manipulate wireless authentication settings.
. Was ZDI-CAN-20104.",,https://supportannouncement.us.dlink.com/announcement/publication.aspx?name=SAP10349,unknown versions,2024-05-07
D-Link,Router,"DAP-2622, ZDI-CAN",CVE-2023-37326,"D-Link DAP-2622 DDP Set Wireless Info Auth Password Stack-based Buffer Overflow Remote Code Execution Vulnerability. This vulnerability allows network-adjacent attackers to execute arbitrary code on affected installations of D-Link DAP-2622 routers. Authentication is not required to exploit this vulnerability.

The specific flaw exists within the DDP service. The issue results from the lack of proper validation of the length of user-supplied data prior to copying it to a fixed-length stack-based buffer. An attacker can leverage this vulnerability to execute code in the context of root.
. Was ZDI-CAN-20103.",Network,https://supportannouncement.us.dlink.com/announcement/publication.aspx?name=SAP10349,unknown versions,2024-05-03
D-Link,Access Point,MAHATO_SIMPLE_LIGHT_WEIGHT_SOCIAL_SHARE,CVE-2023-37388,Auth. (admin+) Stored Cross-Site Scripting (XSS) vulnerability in Sudipto Pratap Mahato Simple Light Weight Social Share plugin <= 2.0 versions.,Network,https://patchstack.com/database/vulnerability/only-tweet-like-share-and-google-1/wordpress-simple-light-weight-social-share-tweet-like-share-and-linkedin-plugin-2-0-cross-site-scripting-xss-vulnerability?_s_id=cve,2.3,2023-08-10
D-Link,Access Point,DIR-815,CVE-2023-37758,D-LINK DIR-815 v1.01 was discovered to contain a buffer overflow via the component /web/captcha.cgi.,Network,https://support.dlink.ca/productinfo.aspx?m=dir-815 | https://www.dlink.com/en/security-bulletin/,2.3,2023-07-18
D-Link,Router,DIR-619L,CVE-2023-37791,D-Link DIR-619L v2.04(TW) was discovered to contain a stack overflow via the curTime parameter at /goform/formLogin.,Network,https://www.dlink.com/en/security-bulletin/,2.3,2023-07-17
D-Link,Router,DIR-816,CVE-2023-39637,D-Link DIR-816 A2 1.10 B05 was discovered to contain a command injection vulnerability via the component /goform/Diagnosis.,Network,http://www.dlink.com.cn/techsupport/ProductInfo.aspx?m=DIR-816 | https://www.dlink.com/en/security-bulletin/ | http://d-link.com,2.3,2023-09-12
D-Link,Router,DIR-859_A1,CVE-2023-39638,D-LINK DIR-859 A1 1.05 and A1 1.06B01 Beta01 was discovered to contain a command injection vulnerability via the lxmldbc_system function at /htdocs/cgibin.,Network,http://www.dlink.com.cn/techsupport/ProductInfo.aspx?m=DIR-859 | https://www.dlink.com/en/security-bulletin/,2.3,2023-09-14
D-Link,Router,DIR-868L,CVE-2023-39665,D-Link DIR-868L fw_revA_1-12_eu_multi_20170316 was discovered to contain a buffer overflow via the acStack_50 parameter.,Network,https://support.dlink.com/ | https://www.dlink.com/en/security-bulletin/,2.3,2023-08-18
D-Link,Router,DIR-842,CVE-2023-39666,D-Link DIR-842 fw_revA_1-02_eu_multi_20151008 was discovered to contain multiple buffer overflows in the fgets function via the acStack_120 and acStack_220 parameters.,Network,https://support.dlink.com/ | https://www.dlink.com/en/security-bulletin/,2.3,2023-08-18
D-Link,Router,DIR-868L,CVE-2023-39667,D-Link DIR-868L fw_revA_1-12_eu_multi_20170316 was discovered to contain a buffer overflow via the param_2 parameter in the FUN_0000acb4 function.,Network,https://support.dlink.com/ | https://www.dlink.com/en/security-bulletin/,2.3,2023-08-18
D-Link,Router,DIR-868L,CVE-2023-39668,D-Link DIR-868L fw_revA_1-12_eu_multi_20170316 was discovered to contain a buffer overflow via the param_2 parameter in the inet_ntoa() function.,Network,https://support.dlink.com/ | https://www.dlink.com/en/security-bulletin/,2.3,2023-08-18
D-Link,Router,DIR-880L_A1,CVE-2023-39669,D-Link DIR-880 A1_FW107WWb08 was discovered to contain a NULL pointer dereference in the function FUN_00010824.,Network,https://support.dlink.com/ | https://www.dlink.com/en/security-bulletin/,2.3,2023-08-18
D-Link,Router,DIR-880L_A1,CVE-2023-39671,D-Link DIR-880 A1_FW107WWb08 was discovered to contain a buffer overflow via the function FUN_0001be68.,Network,https://support.dlink.com/ | https://www.dlink.com/en/security-bulletin/,2.3,2023-08-18
D-Link,Router,DIR-880L_A1,CVE-2023-39674,D-Link DIR-880 A1_FW107WWb08 was discovered to contain a buffer overflow via the function fgets.,Network,https://support.dlink.com/ | https://www.dlink.com/en/security-bulletin/,2.3,2023-08-18
D-Link,Access Point,DAP-2660,CVE-2023-39749,D-Link DAP-2660 v1.13 was discovered to contain a buffer overflow via the component /adv_resource. This vulnerability is exploited via a crafted GET request.,Network,https://www.dlink.com/en/security-bulletin/,2.3,2023-08-21
D-Link,Access Point,DAP-2660,CVE-2023-39750,D-Link DAP-2660 v1.13 was discovered to contain a buffer overflow via the f_ipv6_enable parameter at /bsc_ipv6. This vulnerability is exploited via a crafted POST request.,Network,https://www.dlink.com/en/security-bulletin/,2.3,2023-08-21
D-Link,Router,DAP-1325,CVE-2023-41186,"D-Link DAP-1325 CGI Missing Authentication Information Disclosure Vulnerability. This vulnerability allows network-adjacent attackers to access various functionality on affected installations of D-Link DAP-1325 routers. Authentication is not required to exploit this vulnerability.

The specific flaw exists within the implementation of the CGI interface. The issue results from the lack of authentication prior to allowing access to functionality. An attacker can leverage this vulnerability to disclose stored credentials, leading to further compromise. Was ZDI-CAN-18804.",Adjacent Network,https://supportannouncement.us.dlink.com/announcement/publication.aspx?name=SAP10351,2.3,2024-05-03
D-Link,Router,DAP-1325,CVE-2023-41187,"D-Link DAP-1325 HNAP Missing Authentication Remote Code Execution Vulnerability. This vulnerability allows network-adjacent attackers to execute arbitrary code on affected installations of D-Link DAP-1325 routers. Authentication is not required to exploit this vulnerability.

The specific flaw exists within the implementation of the HNAP interface. The issue results from the lack of authentication prior to allowing access to functionality. An attacker can leverage this vulnerability to execute code in the context of root. Was ZDI-CAN-18807.",Adjacent Network,https://supportannouncement.us.dlink.com/announcement/publication.aspx?name=SAP10351,2.3,2024-05-03
D-Link,Router,DAP-1325,CVE-2023-41188,"D-Link DAP-1325 HNAP SetAPLanSettings DeviceName Command Injection Remote Code Execution Vulnerability. This vulnerability allows network-adjacent attackers to execute arbitrary code on affected installations of D-Link DAP-1325 routers. Authentication is not required to exploit this vulnerability.

The specific flaw exists within the handling of a request parameter provided to the HNAP1 SOAP endpoint. The issue results from the lack of proper validation of a user-supplied string before using it to execute a system call. An attacker can leverage this vulnerability to execute code in the context of root. Was ZDI-CAN-18808.",Adjacent Network,https://supportannouncement.us.dlink.com/announcement/publication.aspx?name=SAP10351,2.3,2024-05-03
D-Link,Router,DAP-1325,CVE-2023-41189,"D-Link DAP-1325 HNAP SetAPLanSettings Gateway Command Injection Remote Code Execution Vulnerability. This vulnerability allows network-adjacent attackers to execute arbitrary code on affected installations of D-Link DAP-1325 routers. Authentication is not required to exploit this vulnerability.

The specific flaw exists within the handling of a request parameter provided to the HNAP1 SOAP endpoint. The issue results from the lack of proper validation of a user-supplied string before using it to execute a system call. An attacker can leverage this vulnerability to execute code in the context of root. Was ZDI-CAN-18809.",Adjacent Network,https://supportannouncement.us.dlink.com/announcement/publication.aspx?name=SAP10351,2.3,2024-05-03
D-Link,Router,DAP-1325,CVE-2023-41190,"D-Link DAP-1325 HNAP SetAPLanSettings IPAddr Command Injection Remote Code Execution Vulnerability. This vulnerability allows network-adjacent attackers to execute arbitrary code on affected installations of D-Link DAP-1325 routers. Authentication is not required to exploit this vulnerability.

The specific flaw exists within the handling of a request parameter provided to the HNAP1 SOAP endpoint. The issue results from the lack of proper validation of a user-supplied string before using it to execute a system call. An attacker can leverage this vulnerability to execute code in the context of root. Was ZDI-CAN-18810.",Adjacent Network,https://supportannouncement.us.dlink.com/announcement/publication.aspx?name=SAP10351,2.3,2024-05-03
D-Link,Router,DAP-1325,CVE-2023-41191,"D-Link DAP-1325 HNAP SetAPLanSettings Mode Command Injection Remote Code Execution Vulnerability. This vulnerability allows network-adjacent attackers to execute arbitrary code on affected installations of D-Link DAP-1325 routers. Authentication is not required to exploit this vulnerability.

The specific flaw exists within the handling of a request parameter provided to the HNAP1 SOAP endpoint. The issue results from the lack of proper validation of a user-supplied string before using it to execute a system call. An attacker can leverage this vulnerability to execute code in the context of root. Was ZDI-CAN-18811.",Adjacent Network,https://supportannouncement.us.dlink.com/announcement/publication.aspx?name=SAP10351,2.3,2024-05-03
D-Link,Router,DAP-1325,CVE-2023-41192,"D-Link DAP-1325 HNAP SetAPLanSettings PrimaryDNS Command Injection Remote Code Execution Vulnerability. This vulnerability allows network-adjacent attackers to execute arbitrary code on affected installations of D-Link DAP-1325 routers. Authentication is not required to exploit this vulnerability.

The specific flaw exists within the handling of a request parameter provided to the HNAP1 SOAP endpoint. The issue results from the lack of proper validation of a user-supplied string before using it to execute a system call. An attacker can leverage this vulnerability to execute code in the context of root. Was ZDI-CAN-18812.",Adjacent Network,https://supportannouncement.us.dlink.com/announcement/publication.aspx?name=SAP10351,2.3,2024-05-03
D-Link,Router,DAP-1325,CVE-2023-41193,"D-Link DAP-1325 HNAP SetAPLanSettings SecondaryDNS Command Injection Remote Code Execution Vulnerability. This vulnerability allows network-adjacent attackers to execute arbitrary code on affected installations of D-Link DAP-1325 routers. Authentication is not required to exploit this vulnerability.

The specific flaw exists within the handling of a request parameter provided to the HNAP1 SOAP endpoint. The issue results from the lack of proper validation of a user-supplied string before using it to execute a system call. An attacker can leverage this vulnerability to execute code in the context of root. Was ZDI-CAN-18813.",Adjacent Network,https://supportannouncement.us.dlink.com/announcement/publication.aspx?name=SAP10351,2.3,2024-05-03
D-Link,Router,DAP-1325,CVE-2023-41194,"D-Link DAP-1325 HNAP SetAPLanSettings SubnetMask Command Injection Remote Code Execution Vulnerability. This vulnerability allows network-adjacent attackers to execute arbitrary code on affected installations of D-Link DAP-1325 routers. Authentication is not required to exploit this vulnerability.

The specific flaw exists within the handling of a request parameter provided to the HNAP1 SOAP endpoint. The issue results from the lack of proper validation of a user-supplied string before using it to execute a system call. An attacker can leverage this vulnerability to execute code in the context of root. Was ZDI-CAN-18814.",Adjacent Network,https://supportannouncement.us.dlink.com/announcement/publication.aspx?name=SAP10351,2.3,2024-05-03
D-Link,Router,DAP-1325,CVE-2023-41195,"D-Link DAP-1325 HNAP SetHostIPv6Settings IPv6Mode Command Injection Remote Code Execution Vulnerability. This vulnerability allows network-adjacent attackers to execute arbitrary code on affected installations of D-Link DAP-1325 routers. Authentication is not required to exploit this vulnerability.

The specific flaw exists within the handling of a request parameter provided to the HNAP1 SOAP endpoint. The issue results from the lack of proper validation of a user-supplied string before using it to execute a system call. An attacker can leverage this vulnerability to execute code in the context of root. Was ZDI-CAN-18815.",Adjacent Network,https://supportannouncement.us.dlink.com/announcement/publication.aspx?name=SAP10351,2.3,2024-05-03
D-Link,Router,DAP-1325,CVE-2023-41196,"D-Link DAP-1325 HNAP SetHostIPv6StaticSettings StaticAddress Command Injection Remote Code Execution Vulnerability. This vulnerability allows network-adjacent attackers to execute arbitrary code on affected installations of D-Link DAP-1325 routers. Authentication is not required to exploit this vulnerability.

The specific flaw exists within the handling of a request parameter provided to the HNAP1 SOAP endpoint. The issue results from the lack of proper validation of a user-supplied string before using it to execute a system call. An attacker can leverage this vulnerability to execute code in the context of root. Was ZDI-CAN-18816.",Adjacent Network,https://supportannouncement.us.dlink.com/announcement/publication.aspx?name=SAP10351,2.3,2024-05-03
D-Link,Router,DAP-1325,CVE-2023-41197,"D-Link DAP-1325 HNAP SetHostIPv6StaticSettings StaticDefaultGateway Command Injection Remote Code Execution Vulnerability. This vulnerability allows network-adjacent attackers to execute arbitrary code on affected installations of D-Link DAP-1325 routers. Authentication is not required to exploit this vulnerability.

The specific flaw exists within the handling of a request parameter provided to the HNAP1 SOAP endpoint. The issue results from the lack of proper validation of a user-supplied string before using it to execute a system call. An attacker can leverage this vulnerability to execute code in the context of root. Was ZDI-CAN-18817.",Adjacent Network,https://supportannouncement.us.dlink.com/announcement/publication.aspx?name=SAP10351,2.3,2024-05-03
D-Link,Router,DAP-1325,CVE-2023-41198,"D-Link DAP-1325 HNAP SetHostIPv6StaticSettings StaticDNS1 Command Injection Remote Code Execution Vulnerability. This vulnerability allows network-adjacent attackers to execute arbitrary code on affected installations of D-Link DAP-1325 routers. Authentication is not required to exploit this vulnerability.

The specific flaw exists within the handling of a request parameter provided to the HNAP1 SOAP endpoint. The issue results from the lack of proper validation of a user-supplied string before using it to execute a system call. An attacker can leverage this vulnerability to execute code in the context of root. Was ZDI-CAN-18818.",Adjacent Network,https://supportannouncement.us.dlink.com/announcement/publication.aspx?name=SAP10351,2.3,2024-05-03
D-Link,Router,DAP-1325,CVE-2023-41199,"D-Link DAP-1325 HNAP SetHostIPv6StaticSettings StaticDNS2 Command Injection Remote Code Execution Vulnerability. This vulnerability allows network-adjacent attackers to execute arbitrary code on affected installations of D-Link DAP-1325 routers. Authentication is not required to exploit this vulnerability.

The specific flaw exists within the handling of a request parameter provided to the HNAP1 SOAP endpoint. The issue results from the lack of proper validation of a user-supplied string before using it to execute a system call. An attacker can leverage this vulnerability to execute code in the context of root. Was ZDI-CAN-18819.",Adjacent Network,https://supportannouncement.us.dlink.com/announcement/publication.aspx?name=SAP10351,2.3,2024-05-03
D-Link,Router,DAP-1325,CVE-2023-41200,"D-Link DAP-1325 HNAP SetHostIPv6StaticSettings StaticPrefixLength Command Injection Remote Code Execution Vulnerability. This vulnerability allows network-adjacent attackers to execute arbitrary code on affected installations of D-Link DAP-1325 routers. Authentication is not required to exploit this vulnerability.

The specific flaw exists within the handling of a request parameter provided to the HNAP1 SOAP endpoint. The issue results from the lack of proper validation of a user-supplied string before using it to execute a system call. An attacker can leverage this vulnerability to execute code in the context of root. Was ZDI-CAN-18820.",Adjacent Network,https://supportannouncement.us.dlink.com/announcement/publication.aspx?name=SAP10351,2.3,2024-05-03
D-Link,Router,DAP-1325,CVE-2023-41201,"D-Link DAP-1325 HNAP SetSetupWizardStatus Enabled Command Injection Remote Code Execution Vulnerability. This vulnerability allows network-adjacent attackers to execute arbitrary code on affected installations of D-Link DAP-1325 routers. Authentication is not required to exploit this vulnerability.

The specific flaw exists within the handling of a request parameter provided to the HNAP1 SOAP endpoint. The issue results from the lack of proper validation of a user-supplied string before using it to execute a system call. An attacker can leverage this vulnerability to execute code in the context of root. Was ZDI-CAN-18821.",Adjacent Network,https://supportannouncement.us.dlink.com/announcement/publication.aspx?name=SAP10351,2.3,2024-05-03
D-Link,Router,DAP-1325,CVE-2023-41202,"D-Link DAP-1325 SetAPLanSettings Mode Stack-based Buffer Overflow Remote Code Execution Vulnerability. This vulnerability allows network-adjacent attackers to execute arbitrary code on affected installations of D-Link DAP-1325 routers. Authentication is not required to exploit this vulnerability.

The specific flaw exists within the handling of XML data provided to the HNAP1 SOAP endpoint. The issue results from the lack of proper validation of the length of user-supplied data prior to copying it to a fixed-length stack-based buffer. An attacker can leverage this vulnerability to execute code in the context of root. Was ZDI-CAN-18828.",Adjacent Network,https://supportannouncement.us.dlink.com/announcement/publication.aspx?name=SAP10351,2.3,2024-05-03
D-Link,Router,DAP-1325,CVE-2023-41203,"D-Link DAP-1325 SetAPLanSettings PrimaryDNS Stack-based Buffer Overflow Remote Code Execution Vulnerability. This vulnerability allows network-adjacent attackers to execute arbitrary code on affected installations of D-Link DAP-1325 routers. Authentication is not required to exploit this vulnerability.

The specific flaw exists within the handling of XML data provided to the HNAP1 SOAP endpoint. The issue results from the lack of proper validation of the length of user-supplied data prior to copying it to a fixed-length stack-based buffer. An attacker can leverage this vulnerability to execute code in the context of root. Was ZDI-CAN-18829.",Adjacent Network,https://supportannouncement.us.dlink.com/announcement/publication.aspx?name=SAP10351,2.3,2024-05-03
D-Link,Router,DAP-1325,CVE-2023-41204,"D-Link DAP-1325 SetAPLanSettings SecondaryDNS Stack-based Buffer Overflow Remote Code Execution Vulnerability. This vulnerability allows network-adjacent attackers to execute arbitrary code on affected installations of D-Link DAP-1325 routers. Authentication is not required to exploit this vulnerability.

The specific flaw exists within the handling of XML data provided to the HNAP1 SOAP endpoint. The issue results from the lack of proper validation of the length of user-supplied data prior to copying it to a fixed-length stack-based buffer. An attacker can leverage this vulnerability to execute code in the context of root. Was ZDI-CAN-18830.",Adjacent Network,https://supportannouncement.us.dlink.com/announcement/publication.aspx?name=SAP10351,2.3,2024-05-03
D-Link,Router,DAP-1325,CVE-2023-41205,"D-Link DAP-1325 SetAPLanSettings SubnetMask Stack-based Buffer Overflow Remote Code Execution Vulnerability. This vulnerability allows network-adjacent attackers to execute arbitrary code on affected installations of D-Link DAP-1325 routers. Authentication is not required to exploit this vulnerability.

The specific flaw exists within the handling of XML data provided to the HNAP1 SOAP endpoint. The issue results from the lack of proper validation of the length of user-supplied data prior to copying it to a fixed-length stack-based buffer. An attacker can leverage this vulnerability to execute code in the context of root. Was ZDI-CAN-18831.",Adjacent Network,https://supportannouncement.us.dlink.com/announcement/publication.aspx?name=SAP10351,2.3,2024-05-03
D-Link,Router,DAP-1325,CVE-2023-41206,"D-Link DAP-1325 SetHostIPv6Settings IPv6Mode Stack-based Buffer Overflow Remote Code Execution Vulnerability. This vulnerability allows network-adjacent attackers to execute arbitrary code on affected installations of D-Link DAP-1325 routers. Authentication is not required to exploit this vulnerability.

The specific flaw exists within the handling of XML data provided to the HNAP1 SOAP endpoint. The issue results from the lack of proper validation of the length of user-supplied data prior to copying it to a fixed-length stack-based buffer. An attacker can leverage this vulnerability to execute code in the context of root. Was ZDI-CAN-18832.",Adjacent Network,https://supportannouncement.us.dlink.com/announcement/publication.aspx?name=SAP10351,2.3,2024-05-03
D-Link,Router,DAP-1325,CVE-2023-41207,"D-Link DAP-1325 SetHostIPv6StaticSettings StaticAddress Stack-based Buffer Overflow Remote Code Execution Vulnerability. This vulnerability allows network-adjacent attackers to execute arbitrary code on affected installations of D-Link DAP-1325 routers. Authentication is not required to exploit this vulnerability.

The specific flaw exists within the handling of XML data provided to the HNAP1 SOAP endpoint. The issue results from the lack of proper validation of the length of user-supplied data prior to copying it to a fixed-length stack-based buffer. An attacker can leverage this vulnerability to execute code in the context of root. Was ZDI-CAN-18833.",Adjacent Network,https://supportannouncement.us.dlink.com/announcement/publication.aspx?name=SAP10351,2.3,2024-05-03
D-Link,Router,DAP-1325,CVE-2023-41208,"D-Link DAP-1325 SetHostIPv6StaticSettings StaticDefaultGateway Stack-based Buffer Overflow Remote Code Execution Vulnerability. This vulnerability allows network-adjacent attackers to execute arbitrary code on affected installations of D-Link DAP-1325 routers. Authentication is not required to exploit this vulnerability.

The specific flaw exists within the handling of XML data provided to the HNAP1 SOAP endpoint. The issue results from the lack of proper validation of the length of user-supplied data prior to copying it to a fixed-length stack-based buffer. An attacker can leverage this vulnerability to execute code in the context of root. Was ZDI-CAN-18834.",Adjacent Network,https://supportannouncement.us.dlink.com/announcement/publication.aspx?name=SAP10351,2.3,2024-05-03
D-Link,Router,DAP-1325,CVE-2023-41209,"D-Link DAP-1325 SetHostIPv6StaticSettings StaticDNS1 Stack-based Buffer Overflow Remote Code Execution Vulnerability. This vulnerability allows network-adjacent attackers to execute arbitrary code on affected installations of D-Link DAP-1325 routers. Authentication is not required to exploit this vulnerability.

The specific flaw exists within the handling of XML data provided to the HNAP1 SOAP endpoint. The issue results from the lack of proper validation of the length of user-supplied data prior to copying it to a fixed-length stack-based buffer. An attacker can leverage this vulnerability to execute code in the context of root. Was ZDI-CAN-18835.",Adjacent Network,https://supportannouncement.us.dlink.com/announcement/publication.aspx?name=SAP10351,2.3,2024-05-03
D-Link,Router,DAP-1325,CVE-2023-41210,"D-Link DAP-1325 SetHostIPv6StaticSettings StaticDNS2 Stack-based Buffer Overflow Remote Code Execution Vulnerability. This vulnerability allows network-adjacent attackers to execute arbitrary code on affected installations of D-Link DAP-1325 routers. Authentication is not required to exploit this vulnerability.

The specific flaw exists within the handling of XML data provided to the HNAP1 SOAP endpoint. The issue results from the lack of proper validation of the length of user-supplied data prior to copying it to a fixed-length stack-based buffer. An attacker can leverage this vulnerability to execute code in the context of root. Was ZDI-CAN-18836.",Adjacent Network,https://supportannouncement.us.dlink.com/announcement/publication.aspx?name=SAP10351,2.3,2024-05-03
D-Link,Router,DAP-1325,CVE-2023-41211,"D-Link DAP-1325 SetHostIPv6StaticSettings StaticPrefixLength Stack-based Buffer Overflow Remote Code Execution Vulnerability. This vulnerability allows network-adjacent attackers to execute arbitrary code on affected installations of D-Link DAP-1325 routers. Authentication is not required to exploit this vulnerability.

The specific flaw exists within the handling of XML data provided to the HNAP1 SOAP endpoint. The issue results from the lack of proper validation of the length of user-supplied data prior to copying it to a fixed-length stack-based buffer. An attacker can leverage this vulnerability to execute code in the context of root. Was ZDI-CAN-18837.",Adjacent Network,https://supportannouncement.us.dlink.com/announcement/publication.aspx?name=SAP10351,2.3,2024-05-03
D-Link,Router,DAP-1325,CVE-2023-41212,"D-Link DAP-1325 SetTriggerAPValidate Key Stack-based Buffer Overflow Remote Code Execution Vulnerability. This vulnerability allows network-adjacent attackers to execute arbitrary code on affected installations of D-Link DAP-1325 routers. Authentication is not required to exploit this vulnerability.

The specific flaw exists within the handling of XML data provided to the HNAP1 SOAP endpoint. The issue results from the lack of proper validation of the length of user-supplied data prior to copying it to a fixed-length stack-based buffer. An attacker can leverage this vulnerability to execute code in the context of root. Was ZDI-CAN-18839.",Adjacent Network,https://supportannouncement.us.dlink.com/announcement/publication.aspx?name=SAP10351,2.3,2024-05-03
D-Link,Router,DAP-1325,CVE-2023-41213,"D-Link DAP-1325 setDhcpAssignRangeUpdate lan_ipaddr Stack-based Buffer Overflow Remote Code Execution Vulnerability. This vulnerability allows network-adjacent attackers to execute arbitrary code on affected installations of D-Link DAP-1325 routers. Authentication is not required to exploit this vulnerability.

The specific flaw exists within the handling of XML data provided to the HNAP1 SOAP endpoint. The issue results from the lack of proper validation of the length of user-supplied data prior to copying it to a fixed-length stack-based buffer. An attacker can leverage this vulnerability to execute code in the context of root. Was ZDI-CAN-18840.",Adjacent Network,https://supportannouncement.us.dlink.com/announcement/publication.aspx?name=SAP10351,2.3,2024-05-03
D-Link,Router,DAP-1325,CVE-2023-41214,"D-Link DAP-1325 setDhcpAssignRangeUpdate lan_ipaddr Stack-based Buffer Overflow Remote Code Execution Vulnerability. This vulnerability allows network-adjacent attackers to execute arbitrary code on affected installations of D-Link DAP-1325 routers. Authentication is not required to exploit this vulnerability.

The specific flaw exists within the handling of XML data provided to the HNAP1 SOAP endpoint. The issue results from the lack of proper validation of the length of user-supplied data prior to copying it to a fixed-length stack-based buffer. An attacker can leverage this vulnerability to execute code in the context of root. Was ZDI-CAN-18841.",Adjacent Network,https://supportannouncement.us.dlink.com/announcement/publication.aspx?name=SAP10351,2.3,2024-05-03
D-Link,Router,"DAP-2622, DATE-TIME, ZDI-CAN",CVE-2023-41215,"D-Link DAP-2622 DDP Set Date-Time Stack-based Buffer Overflow Remote Code Execution Vulnerability. This vulnerability allows network-adjacent attackers to execute arbitrary code on affected installations of D-Link DAP-2622 routers. Authentication is not required to exploit this vulnerability.

The specific flaw exists within the DDP service. The issue results from the lack of proper validation of the length of user-supplied data prior to copying it to a fixed-length stack-based buffer. An attacker can leverage this vulnerability to execute code in the context of root.
. Was ZDI-CAN-20086.",Network,https://supportannouncement.us.dlink.com/announcement/publication.aspx?name=SAP10349,unknown versions,2024-05-03
D-Link,Router,"DIR-3040, ZDI-CAN",CVE-2023-41216,"D-Link DIR-3040 prog.cgi SetDynamicDNSSettings Stack-Based Buffer Overflow Remote Code Execution Vulnerability. This vulnerability allows network-adjacent attackers to execute arbitrary code on affected installations of D-Link DIR-3040 routers. Authentication is required to exploit this vulnerability.

The specific flaw exists within the prog.cgi binary, which handles HNAP requests made to the lighttpd webserver listening on TCP ports 80 and 443. The issue results from the lack of proper validation of a user-supplied string before copying it to a fixed-length stack-based buffer. An attacker can leverage this vulnerability to execute code in the context of root. Was ZDI-CAN-21616.",Network,https://supportannouncement.us.dlink.com/announcement/publication.aspx?name=SAP10350,unknown versions,2024-05-03
D-Link,Router,"DIR-3040, ZDI-CAN",CVE-2023-41217,"D-Link DIR-3040 prog.cgi SetQuickVPNSettings Password Stack-Based Buffer Overflow Remote Code Execution Vulnerability. This vulnerability allows network-adjacent attackers to execute arbitrary code on affected installations of D-Link DIR-3040 routers. Authentication is required to exploit this vulnerability.

The specific flaw exists within the prog.cgi binary, which handles HNAP requests made to the lighttpd webserver listening on TCP ports 80 and 443. The issue results from the lack of proper validation of a user-supplied string before copying it to a fixed-length stack-based buffer. An attacker can leverage this vulnerability to execute code in the context of root. Was ZDI-CAN-21617.",Network,https://supportannouncement.us.dlink.com/announcement/publication.aspx?name=SAP10350,unknown versions,2024-05-03
D-Link,Router,"DIR-3040, ZDI-CAN",CVE-2023-41218,"D-Link DIR-3040 prog.cgi SetWan3Settings Stack-Based Buffer Overflow Remote Code Execution Vulnerability. This vulnerability allows network-adjacent attackers to execute arbitrary code on affected installations of D-Link DIR-3040 routers. Authentication is required to exploit this vulnerability.

The specific flaw exists within the prog.cgi binary, which handles HNAP requests made to the lighttpd webserver listening on TCP ports 80 and 443. The issue results from the lack of proper validation of a user-supplied string before copying it to a fixed-size stack-based buffer. An attacker can leverage this vulnerability to execute code in the context of root. Was ZDI-CAN-21618.",Network,https://supportannouncement.us.dlink.com/announcement/publication.aspx?name=SAP10350,unknown versions,2024-05-03
D-Link,Router,"DIR-3040, ZDI-CAN",CVE-2023-41219,"D-Link DIR-3040 prog.cgi SetWanSettings Stack-Based Buffer Overflow Remote Code Execution Vulnerability. This vulnerability allows network-adjacent attackers to execute arbitrary code on affected installations of D-Link DIR-3040 routers. Authentication is required to exploit this vulnerability.

The specific flaw exists within the prog.cgi binary, which handles HNAP requests made to the lighttpd webserver listening on TCP ports 80 and 443. The issue results from the lack of proper validation of a user-supplied string before copying it to a fixed-size stack-based buffer. An attacker can leverage this vulnerability to execute code in the context of root. Was ZDI-CAN-21619.",Network,https://supportannouncement.us.dlink.com/announcement/publication.aspx?name=SAP10350,unknown versions,2024-05-03
D-Link,Router,"DIR-3040, ZDI-CAN",CVE-2023-41220,"D-Link DIR-3040 prog.cgi SetSysEmailSettings Stack-Based Buffer Overflow Remote Code Execution Vulnerability. This vulnerability allows network-adjacent attackers to execute arbitrary code on affected installations of D-Link DIR-3040 routers. Authentication is required to exploit this vulnerability.

The specific flaw exists within the prog.cgi binary, which handles HNAP requests made to the lighttpd webserver listening on TCP ports 80 and 443. The issue results from the lack of proper validation of a user-supplied string before copying it to a fixed-size stack-based buffer. An attacker can leverage this vulnerability to execute code in the context of root. Was ZDI-CAN-21620.",Network,https://supportannouncement.us.dlink.com/announcement/publication.aspx?name=SAP10350,unknown versions,2024-05-03
D-Link,Router,"DIR-3040, ZDI-CAN",CVE-2023-41221,"D-Link DIR-3040 prog.cgi SetWLanRadioSecurity Stack-Based Buffer Overflow Remote Code Execution Vulnerability. This vulnerability allows network-adjacent attackers to execute arbitrary code on affected installations of D-Link DIR-3040 routers. Authentication is required to exploit this vulnerability.

The specific flaw exists within the prog.cgi binary, which handles HNAP requests made to the lighttpd webserver listening on TCP ports 80 and 443. The issue results from the lack of proper validation of a user-supplied string before copying it to a fixed-size stack-based buffer. An attacker can leverage this vulnerability to execute code in the context of root. Was ZDI-CAN-21621.",Network,https://supportannouncement.us.dlink.com/announcement/publication.aspx?name=SAP10350,unknown versions,2024-05-03
D-Link,Router,"DIR-3040, ZDI-CAN",CVE-2023-41222,"D-Link DIR-3040 prog.cgi SetWan2Settings Stack-Based Buffer Overflow Remote Code Execution Vulnerability. This vulnerability allows network-adjacent attackers to execute arbitrary code on affected installations of D-Link DIR-3040 routers. Authentication is required to exploit this vulnerability.

The specific flaw exists within the prog.cgi binary, which handles HNAP requests made to the lighttpd webserver listening on TCP ports 80 and 443. The issue results from the lack of proper validation of a user-supplied string before copying it to a fixed-size stack-based buffer. An attacker can leverage this vulnerability to execute code in the context of root. Was ZDI-CAN-21622.",Network,https://supportannouncement.us.dlink.com/announcement/publication.aspx?name=SAP10350,unknown versions,2024-05-03
D-Link,Router,"DIR-3040, ZDI-CAN",CVE-2023-41223,"D-Link DIR-3040 prog.cgi SetQuickVPNSettings PSK Stack-Based Buffer Overflow Remote Code Execution Vulnerability. This vulnerability allows network-adjacent attackers to execute arbitrary code on affected installations of D-Link DIR-3040 routers. Authentication is required to exploit this vulnerability.

The specific flaw exists within the prog.cgi binary, which handles HNAP requests made to the lighttpd webserver listening on TCP ports 80 and 443. The issue results from the lack of proper validation of a user-supplied string before copying it to a fixed-size stack-based buffer. An attacker can leverage this vulnerability to execute code in the context of root. Was ZDI-CAN-21623.",Network,https://supportannouncement.us.dlink.com/announcement/publication.aspx?name=SAP10350,unknown versions,2024-05-03
D-Link,Router,"DIR-3040, ZDI-CAN",CVE-2023-41224,"D-Link DIR-3040 prog.cgi SetDeviceSettings Stack-Based Buffer Overflow Remote Code Execution Vulnerability. This vulnerability allows network-adjacent attackers to execute arbitrary code on affected installations of D-Link DIR-3040 routers. Authentication is required to exploit this vulnerability.

The specific flaw exists within the prog.cgi binary, which handles HNAP requests made to the lighttpd webserver listening on TCP ports 80 and 443. The issue results from the lack of proper validation of a user-supplied string before copying it to a fixed-size stack-based buffer. An attacker can leverage this vulnerability to execute code in the context of root. Was ZDI-CAN-21650.",Network,https://supportannouncement.us.dlink.com/announcement/publication.aspx?name=SAP10350,unknown versions,2024-05-03
D-Link,Router,"DIR-3040, ZDI-CAN",CVE-2023-41225,"D-Link DIR-3040 prog.cgi SetIPv6PppoeSettings Stack-Based Buffer Overflow Remote Code Execution Vulnerability. This vulnerability allows network-adjacent attackers to execute arbitrary code on affected installations of D-Link DIR-3040 routers. Authentication is required to exploit this vulnerability.

The specific flaw exists within the prog.cgi binary, which handles HNAP requests made to the lighttpd webserver listening on TCP ports 80 and 443. The issue results from the lack of proper validation of a user-supplied string before copying it to a fixed-size stack-based buffer. An attacker can leverage this vulnerability to execute code in the context of root. Was ZDI-CAN-21651.",Network,https://supportannouncement.us.dlink.com/announcement/publication.aspx?name=SAP10350,unknown versions,2024-05-03
D-Link,Router,"DIR-3040, ZDI-CAN",CVE-2023-41226,"D-Link DIR-3040 prog.cgi SetMyDLinkRegistration Stack-Based Buffer Overflow Remote Code Execution Vulnerability. This vulnerability allows network-adjacent attackers to execute arbitrary code on affected installations of D-Link DIR-3040 routers. Authentication is required to exploit this vulnerability.

The specific flaw exists within the prog.cgi binary, which handles HNAP requests made to the lighttpd webserver listening on TCP ports 80 and 443. The issue results from the lack of proper validation of a user-supplied string before copying it to a fixed-size stack-based buffer. An attacker can leverage this vulnerability to execute code in the context of root. Was ZDI-CAN-21652.",Network,https://supportannouncement.us.dlink.com/announcement/publication.aspx?name=SAP10350,unknown versions,2024-05-03
D-Link,Router,"DIR-3040, ZDI-CAN",CVE-2023-41227,"D-Link DIR-3040 prog.cgi SetTriggerPPPoEValidate Stack-Based Buffer Overflow Remote Code Execution Vulnerability. This vulnerability allows network-adjacent attackers to execute arbitrary code on affected installations of D-Link DIR-3040 routers. Authentication is required to exploit this vulnerability.

The specific flaw exists within the prog.cgi binary, which handles HNAP requests made to the lighttpd webserver listening on TCP ports 80 and 443. The issue results from the lack of proper validation of a user-supplied string before copying it to a fixed-size stack-based buffer. An attacker can leverage this vulnerability to execute code in the context of root. Was ZDI-CAN-21653.",Network,https://supportannouncement.us.dlink.com/announcement/publication.aspx?name=SAP10350,unknown versions,2024-05-03
D-Link,Router,"DIR-3040, ZDI-CAN",CVE-2023-41228,"D-Link DIR-3040 prog.cgi SetUsersSettings Stack-Based Buffer Overflow Remote Code Execution Vulnerability. This vulnerability allows network-adjacent attackers to execute arbitrary code on affected installations of D-Link DIR-3040 routers. Authentication is required to exploit this vulnerability.

The specific flaw exists within the prog.cgi binary, which handles HNAP requests made to the lighttpd webserver listening on TCP ports 80 and 443. The issue results from the lack of proper validation of a user-supplied string before copying it to a fixed-size stack-based buffer. An attacker can leverage this vulnerability to execute code in the context of root. Was ZDI-CAN-21654.",Network,https://supportannouncement.us.dlink.com/announcement/publication.aspx?name=SAP10350,unknown versions,2024-05-03
D-Link,Router,"ZDI-CAN, DIR-3040, HEAP-BASED",CVE-2023-41229,"D-Link DIR-3040 HTTP Request Processing Referer Heap-Based Buffer Overflow Remote Code Execution Vulnerability. This vulnerability allows network-adjacent attackers to execute arbitrary code on affected installations of D-Link DIR-3040 routers. Authentication is not required to exploit this vulnerability.

The specific flaw exists within the prog.cgi binary, which handles HNAP requests made to the lighttpd webserver listening on TCP ports 80 and 443. The issue results from the lack of proper validation of a user-supplied string before copying it to a heap-based buffer. An attacker can leverage this vulnerability to execute code in the context of root. Was ZDI-CAN-21671.",Network,https://supportannouncement.us.dlink.com/announcement/publication.aspx?name=SAP10350,unknown versions,2024-05-03
D-Link,Router,"DIR-3040, ZDI-CAN",CVE-2023-41230,"D-Link DIR-3040 HTTP Request Processing Referer Stack-Based Buffer Overflow Remote Code Execution Vulnerability. This vulnerability allows network-adjacent attackers to execute arbitrary code on affected installations of D-Link DIR-3040 routers. Authentication is not required to exploit this vulnerability.

The specific flaw exists within the prog.cgi binary, which handles HNAP requests made to the lighttpd webserver listening on TCP ports 80 and 443. The issue results from the lack of proper validation of a user-supplied string before copying it to a fixed size stack-based buffer. An attacker can leverage this vulnerability to execute code in the context of root. Was ZDI-CAN-21674.",Network,https://supportannouncement.us.dlink.com/announcement/publication.aspx?name=SAP10350,unknown versions,2024-05-03
D-Link,Networking Device,R15,CVE-2023-41603,D-Link R15 before v1.08.02 was discovered to contain no firewall restrictions for IPv6 traffic. This allows attackers to arbitrarily access any services running on the device that may be inadvertently listening via IPv6.,Network,https://supportannouncement.us.dlink.com/announcement/publication.aspx?name=SAP10347,2.3,2024-01-10
D-Link,Networking Device,OUTBOUND_LINK_MANAGER,CVE-2023-41850,"Cross-Site Request Forgery (CSRF) vulnerability in Morris Bryant, Ruben Sargsyan Outbound Link Manager plugin <= 1.2 versions.",Network,https://patchstack.com/database/vulnerability/outbound-link-manager/wordpress-outbound-link-manager-plugin-1-2-cross-site-request-forgery-csrf-vulnerability?_s_id=cve,2.3,2023-10-10
D-Link,Networking Device,DAR-7000,CVE-2023-42406,SQL injection vulnerability in D-Link Online behavior audit gateway DAR-7000 V31R02B1413C allows a remote attacker to obtain sensitive information and execute arbitrary code via the editrole.php component.,Network,Not provided,2.3,2023-10-26
D-Link,Router,DIR-806,CVE-2023-43128,D-LINK DIR-806 1200M11AC wireless router DIR806A1_FW100CNb11 is vulnerable to command injection due to lax filtering of HTTP_ST parameters.,Network,http://www.dlink.com.cn/techsupport/ProductInfo.aspx?m=DIR-806,2.3,2023-09-21
D-Link,Router,DIR-806,CVE-2023-43129,D-LINK DIR-806 1200M11AC wireless router DIR806A1_FW100CNb11 is vulnerable to command injection due to lax filtering of REMOTE_PORT parameters.,Network,http://www.dlink.com.cn/techsupport/ProductInfo.aspx?m=DIR-806,2.3,2023-09-22
D-Link,Router,DIR-806,CVE-2023-43130,D-LINK DIR-806 1200M11AC wireless router DIR806A1_FW100CNb11 is vulnerable to command injection.,Network,http://www.dlink.com.cn/techsupport/ProductInfo.aspx?m=DIR-806,2.3,2023-09-22
D-Link,Networking Device,DI-7200G,CVE-2023-43196,D-Link DI-7200GV2.E1 v21.04.09E1 was discovered to contain a stack overflow via the zn_jb parameter in the arp_sys.asp function.,Network,Not provided,2.3,2023-09-20
D-Link,Networking Device,DI-7200G,CVE-2023-43197,D-Link device DI-7200GV2.E1 v21.04.09E1 was discovered to contain a stack overflow via the fn parameter in the tgfile.asp function.,Network,Not provided,2.3,2023-09-20
D-Link,Networking Device,DI-7200G,CVE-2023-43198,D-Link device DI-7200GV2.E1 v21.04.09E1 was discovered to contain a stack overflow via the popupId parameter in the H5/hi_block.asp function.,Network,Not provided,2.3,2023-09-20
D-Link,Networking Device,DI-7200G,CVE-2023-43199,D-Link device DI-7200GV2.E1 v21.04.09E1 was discovered to contain a stack overflow via the prev parameter in the H5/login.cgi function.,Network,Not provided,2.3,2023-09-20
D-Link,Networking Device,DI-7200G,CVE-2023-43200,D-Link device DI-7200GV2.E1 v21.04.09E1 was discovered to contain a stack overflow via the id parameter in the yyxz.data function.,Network,Not provided,2.3,2023-09-20
D-Link,Networking Device,DI-7200G,CVE-2023-43201,D-Link device DI-7200GV2.E1 v21.04.09E1 was discovered to contain a stack overflow via the hi_up parameter in the qos_ext.asp function.,Network,https://www.dlink.com/en/security-bulletin/,2.3,2023-09-20
D-Link,Access Point,DWL-6610AP,CVE-2023-43202,D-LINK DWL-6610 FW_v_4.3.0.8B003C was discovered to contain a command injection vulnerability in the function pcap_download_handler. This vulnerability allows attackers to execute arbitrary commands via the update.device.packet-capture.tftp-file-name parameter.,Network,Not provided,2.3,2023-09-20
D-Link,Networking Device,DWL-6610AP,CVE-2023-43203,D-LINK DWL-6610 FW_v_4.3.0.8B003C was discovered to contain a stack overflow vulnerability in the function update_users.,Network,Not provided,2.3,2023-09-20
D-Link,Networking Device,DWL-6610AP,CVE-2023-43204,D-LINK DWL-6610 FW_v_4.3.0.8B003C was discovered to contain a command injection vulnerability in the function sub_2EF50. This vulnerability allows attackers to execute arbitrary commands via the manual-time-string parameter.,Network,Not provided,2.3,2023-09-20
D-Link,Networking Device,DWL-6610AP,CVE-2023-43206,D-LINK DWL-6610 FW_v_4.3.0.8B003C was discovered to contain a command injection vulnerability in the function web_cert_download_handler. This vulnerability allows attackers to execute arbitrary commands via the certDownload parameter.,Network,Not provided,2.3,2023-09-20
D-Link,Networking Device,DWL-6610AP,CVE-2023-43207,D-LINK DWL-6610 FW_v_4.3.0.8B003C was discovered to contain a command injection vulnerability in the function config_upload_handler. This vulnerability allows attackers to execute arbitrary commands via the configRestore parameter.,Network,Not provided,2.3,2023-09-20
D-Link,Router,DIR-823G,CVE-2023-43235,D-Link DIR-823G v1.0.2B05 was discovered to contain a stack overflow via parameter StartTime and EndTime in SetWifiDownSettings.,Network,https://www.dlink.com/en/security-bulletin/,2.3,2023-09-21
D-Link,Router,DIR-816_A2,CVE-2023-43236,D-Link DIR-816 A2 v1.10CNB05 was discovered to contain a stack overflow via parameter statuscheckpppoeuser in dir_setWanWifi.,Network,https://www.dlink.com/en/security-bulletin/,2.3,2023-09-21
D-Link,Router,DIR-816_A2,CVE-2023-43237,D-Link DIR-816 A2 v1.10CNB05 was discovered to contain a stack overflow via parameter macCloneMac in setMAC.,Network,https://www.dlink.com/en/security-bulletin/,2.3,2023-09-21
D-Link,Router,DIR-816_A2,CVE-2023-43238,D-Link DIR-816 A2 v1.10CNB05 was discovered to contain a stack overflow via parameter nvmacaddr in form2Dhcpip.cgi.,Network,https://www.dlink.com/en/security-bulletin/,2.3,2023-09-21
D-Link,Router,DIR-816_A2,CVE-2023-43239,D-Link DIR-816 A2 v1.10CNB05 was discovered to contain a stack overflow via parameter flag_5G in showMACfilterMAC.,Network,https://www.dlink.com/en/security-bulletin/,2.3,2023-09-21
D-Link,Router,DIR-816_A2,CVE-2023-43240,D-Link DIR-816 A2 v1.10CNB05 was discovered to contain a stack overflow via parameter sip_address in ipportFilter.,Network,https://www.dlink.com/en/security-bulletin/,2.3,2023-09-21
D-Link,Router,DIR-823G,CVE-2023-43241,D-Link DIR-823G v1.0.2B05 was discovered to contain a stack overflow via parameter TXPower and GuardInt in SetWLanRadioSecurity.,Network,https://github.com/peris-navince/founded-0-days/blob/main/Dlink/823G/SetWLanRadioSecurity/1.md | https://www.dlink.com/en/security-bulletin/,2.3,2023-09-21
D-Link,Router,DIR-816A2,CVE-2023-43242,D-Link DIR-816 A2 v1.10CNB05 was discovered to contain a stack overflow via parameter removeRuleList in form2IPQoSTcDel.,Network,https://www.dlink.com/en/security-bulletin/,2.3,2023-09-21
D-Link,Router,DIR-846,CVE-2023-43284,D-Link Wireless MU-MIMO Gigabit AC1200 Router DIR-846 100A53DBR-Retail devices allow an authenticated remote attacker to execute arbitrary code via an unspecified manipulation of the QoS POST parameter.,Network,Not provided,2.3,2023-10-05
D-Link,Router,DIR-619L,CVE-2023-43860,D-Link DIR-619L B1 2.02 is vulnerable to Buffer Overflow via formSetWanNonLogin function.,Network,https://www.dlink.com/en/security-bulletin/,2.3,2023-09-28
D-Link,Router,DIR-619L,CVE-2023-43861,D-Link DIR-619L B1 2.02 is vulnerable to Buffer Overflow via formSetWanPPPoE function.,Network,https://www.dlink.com/en/security-bulletin/,2.3,2023-09-28
D-Link,Router,DIR-619L,CVE-2023-43862,D-Link DIR-619L B1 2.02 is vulnerable to Buffer Overflow via formLanguageChange function.,Network,https://www.dlink.com/en/security-bulletin/,2.3,2023-09-28
D-Link,Router,DIR-619L,CVE-2023-43863,D-Link DIR-619L B1 2.02 is vulnerable to Buffer Overflow via formSetWanDhcpplus function.,Network,https://www.dlink.com/en/security-bulletin/,2.3,2023-09-28
D-Link,Router,DIR-619L,CVE-2023-43864,D-Link DIR-619L B1 2.02 is vulnerable to Buffer Overflow via formSetWAN_Wizard55 function.,Network,https://www.dlink.com/en/security-bulletin/,2.3,2023-09-28
D-Link,Router,DIR-619L,CVE-2023-43865,D-Link DIR-619L B1 2.02 is vulnerable to Buffer Overflow via formSetWanPPTP function.,Network,https://www.dlink.com/en/security-bulletin/,2.3,2023-09-28
D-Link,Router,DIR-619L,CVE-2023-43866,D-Link DIR-619L B1 2.02 is vulnerable to Buffer Overflow via formSetWAN_Wizard7 function.,Network,https://www.dlink.com/en/security-bulletin/,2.3,2023-09-28
D-Link,Router,DIR-619L,CVE-2023-43867,D-Link DIR-619L B1 2.02 is vulnerable to Buffer Overflow via formSetWanL2TP function.,Network,https://www.dlink.com/en/security-bulletin/,2.3,2023-09-28
D-Link,Router,DIR-619L,CVE-2023-43868,D-Link DIR-619L B1 2.02 is vulnerable to Buffer Overflow via websGetVar function.,Network,https://www.dlink.com/en/security-bulletin/,2.3,2023-09-28
D-Link,Router,DIR-619L,CVE-2023-43869,D-Link DIR-619L B1 2.02 is vulnerable to Buffer Overflow via formSetWAN_Wizard56 function.,Network,https://www.dlink.com/en/security-bulletin/,2.3,2023-09-28
D-Link,Router,DAP-1325,CVE-2023-44403,"D-Link DAP-1325 HNAP SetWLanRadioSettings Channel Command Injection Remote Code Execution Vulnerability. This vulnerability allows network-adjacent attackers to execute arbitrary code on affected installations of D-Link DAP-1325 routers. Authentication is not required to exploit this vulnerability.

The specific flaw exists within the handling of a request parameter provided to the HNAP1 SOAP endpoint. The issue results from the lack of proper validation of a user-supplied string before using it to execute a system call. An attacker can leverage this vulnerability to execute code in the context of root. Was ZDI-CAN-18822.",Adjacent Network,Not provided,2.3,2024-05-03
D-Link,Router,DAP-1325,CVE-2023-44404,"D-Link DAP-1325 get_value_from_app Stack-based Buffer Overflow Remote Code Execution Vulnerability. This vulnerability allows network-adjacent attackers to execute arbitrary code on affected installations of D-Link DAP-1325 routers. Authentication is not required to exploit this vulnerability.

The specific flaw exists within the handling of XML data provided to the HNAP1 SOAP endpoint. The issue results from the lack of proper validation of the length of user-supplied data prior to copying it to a fixed-length stack-based buffer. An attacker can leverage this vulnerability to execute code in the context of root. Was ZDI-CAN-18823.",Adjacent Network,Not provided,2.3,2024-05-03
D-Link,Router,DAP-1325,CVE-2023-44405,"D-Link DAP-1325 get_value_of_key Stack-based Buffer Overflow Remote Code Execution Vulnerability. This vulnerability allows network-adjacent attackers to execute arbitrary code on affected installations of D-Link DAP-1325 routers. Authentication is not required to exploit this vulnerability.

The specific flaw exists within the handling of XML data provided to the HNAP1 SOAP endpoint. The issue results from the lack of proper validation of the length of user-supplied data prior to copying it to a fixed-length stack-based buffer. An attacker can leverage this vulnerability to execute code in the context of root. Was ZDI-CAN-18824.",Adjacent Network,Not provided,2.3,2024-05-03
D-Link,Router,DAP-1325,CVE-2023-44406,"D-Link DAP-1325 SetAPLanSettings DeviceName Stack-based Buffer Overflow Remote Code Execution Vulnerability. This vulnerability allows network-adjacent attackers to execute arbitrary code on affected installations of D-Link DAP-1325 routers. Authentication is not required to exploit this vulnerability.

The specific flaw exists within the handling of XML data provided to the HNAP1 SOAP endpoint. The issue results from the lack of proper validation of the length of user-supplied data prior to copying it to a fixed-length stack-based buffer. An attacker can leverage this vulnerability to execute code in the context of root. Was ZDI-CAN-18825.",Adjacent Network,Not provided,2.3,2024-05-03
D-Link,Router,DAP-1325,CVE-2023-44407,"D-Link DAP-1325 SetAPLanSettings Gateway Stack-based Buffer Overflow Remote Code Execution Vulnerability. This vulnerability allows network-adjacent attackers to execute arbitrary code on affected installations of D-Link DAP-1325 routers. Authentication is not required to exploit this vulnerability.

The specific flaw exists within the handling of XML data provided to the HNAP1 SOAP endpoint. The issue results from the lack of proper validation of the length of user-supplied data prior to copying it to a fixed-length stack-based buffer. An attacker can leverage this vulnerability to execute code in the context of root. Was ZDI-CAN-18826.",Adjacent Network,Not provided,2.3,2024-05-03
D-Link,Router,DAP-1325,CVE-2023-44408,"D-Link DAP-1325 SetAPLanSettings IPAddr Stack-based Buffer Overflow Remote Code Execution Vulnerability. This vulnerability allows network-adjacent attackers to execute arbitrary code on affected installations of D-Link DAP-1325 routers. Authentication is not required to exploit this vulnerability.

The specific flaw exists within the handling of XML data provided to the HNAP1 SOAP endpoint. The issue results from the lack of proper validation of the length of user-supplied data prior to copying it to a fixed-length stack-based buffer. An attacker can leverage this vulnerability to execute code in the context of root. Was ZDI-CAN-18827.",Adjacent Network,Not provided,2.3,2024-05-03
D-Link,Router,DAP-1325,CVE-2023-44409,"D-Link DAP-1325 SetSetupWizardStatus Enabled Stack-based Buffer Overflow Remote Code Execution Vulnerability. This vulnerability allows network-adjacent attackers to execute arbitrary code on affected installations of D-Link DAP-1325 routers. Authentication is not required to exploit this vulnerability.

The specific flaw exists within the handling of XML data provided to the HNAP1 SOAP endpoint. The issue results from the lack of proper validation of the length of user-supplied data prior to copying it to a fixed-length stack-based buffer. An attacker can leverage this vulnerability to execute code in the context of root. Was ZDI-CAN-18838.",Adjacent Network,Not provided,2.3,2024-05-03
D-Link,Networking Device,ZDI-CAN,CVE-2023-44410,"D-Link D-View showUsers Improper Authorization Privilege Escalation Vulnerability. This vulnerability allows remote attackers to escalate privileges on affected installations of D-Link D-View. Authentication is required to exploit this vulnerability.

The specific flaw exists within the showUsers method. The issue results from the lack of proper authorization before accessing a privileged endpoint. An attacker can leverage this vulnerability to escalate privileges to resources normally protected from the user.
. Was ZDI-CAN-19535.",Network,Not provided,unknown versions,2024-05-03
D-Link,Access Point,"ZDI-CAN, HARD-CODED",CVE-2023-44411,"D-Link D-View InstallApplication Use of Hard-coded Credentials Authentication Bypass Vulnerability. This vulnerability allows remote attackers to bypass authentication on affected installations of D-Link D-View. Authentication is not required to exploit this vulnerability.

The specific flaw exists within the InstallApplication class. The class contains a hard-coded password for the remotely reachable database. An attacker can leverage this vulnerability to bypass authentication on the system. Was ZDI-CAN-19553.",Network,Not provided,unknown versions,2024-05-03
D-Link,Networking Device,ZDI-CAN,CVE-2023-44412,"D-Link D-View addDv7Probe XML External Entity Processing Information Disclosure Vulnerability. This vulnerability allows remote attackers to disclose sensitive information on affected installations of D-Link D-View. Authentication is not required to exploit this vulnerability.

The specific flaw exists within the addDv7Probe function. Due to the improper restriction of XML External Entity (XXE) references, a crafted document specifying a URI causes the XML parser to access the URI and embed the contents back into the XML document for further processing. An attacker can leverage this vulnerability to disclose information in the context of SYSTEM. Was ZDI-CAN-19571.",Network,Not provided,unknown versions,2024-05-03
D-Link,Networking Device,ZDI-CAN,CVE-2023-44413,"D-Link D-View shutdown_coreserver Missing Authentication Denial-of-Service Vulnerability. This vulnerability allows remote attackers to create a denial-of-service condition on affected installations of D-Link D-View. Authentication is not required to exploit this vulnerability.

The specific flaw exists within the shutdown_coreserver action. The issue results from the lack of authentication prior to allowing access to functionality. An attacker can leverage this vulnerability to create a denial-of-service condition on the system. Was ZDI-CAN-19572.",Network,Not provided,unknown versions,2024-05-03
D-Link,Networking Device,ZDI-CAN,CVE-2023-44414,"D-Link D-View coreservice_action_script Exposed Dangerous Function Remote Code Execution Vulnerability. This vulnerability allows remote attackers to execute arbitrary code on affected installations of D-Link D-View. Authentication is not required to exploit this vulnerability.

The specific flaw exists within the coreservice_action_script action. The issue results from the exposure of a dangerous function. An attacker can leverage this vulnerability to execute code in the context of SYSTEM. Was ZDI-CAN-19573.",Network,Not provided,unknown versions,2024-05-03
D-Link,Router,"DIR-2150, DIR-1260",CVE-2023-44415,"D-Link Multiple Routers cli Command Injection Remote Code Execution Vulnerability. This vulnerability allows network-adjacent attackers to execute arbitrary code on affected installations of D-Link DIR-1260 and DIR-2150 routers. Authentication is required to exploit this vulnerability.

The specific flaw exists within the CLI service, which listens on TCP port 23. The issue results from the lack of proper validation of a user-supplied string before using it to execute a system call. An attacker can leverage this vulnerability to execute code in the context of root.
. Was ZDI-CAN-19946.",Adjacent Network,Not provided,2.3,2024-05-03
D-Link,Access Point,"DAP-2622, ZDI-CAN",CVE-2023-44416,"D-Link DAP-2622 Telnet CLI Command Injection Remote Code Execution Vulnerability. This vulnerability allows network-adjacent attackers to execute arbitrary code on affected installations of D-Link DAP-2622. Authentication is required to exploit this vulnerability.

The specific flaw exists within the CLI service, which listens on TCP port 23. The issue results from the lack of proper validation of a user-supplied string before using it to execute a system call. An attacker can leverage this vulnerability to execute code in the context of root.
. Was ZDI-CAN-20051.",Network,Not provided,unknown versions,2024-05-03
D-Link,Router,"DAP-2622, ZDI-CAN",CVE-2023-44417,"D-Link DAP-2622 DDP Set IPv4 Address Auth Password Stack-based Buffer Overflow Remote Code Execution Vulnerability. This vulnerability allows network-adjacent attackers to execute arbitrary code on affected installations of D-Link DAP-2622 routers. Authentication is not required to exploit this vulnerability.

The specific flaw exists within the DDP service. The issue results from the lack of proper validation of the length of user-supplied data prior to copying it to a fixed-length stack-based buffer. An attacker can leverage this vulnerability to execute code in the context of root.
. Was ZDI-CAN-20091.",Network,Not provided,unknown versions,2024-05-03
D-Link,Router,"ZDI-CAN, DIR-X3260, HEAP-BASED",CVE-2023-44418,"D-Link DIR-X3260 Prog.cgi Heap-based Buffer Overflow Remote Code Execution Vulnerability. This vulnerability allows network-adjacent attackers to execute arbitrary code on affected installations of D-Link DIR-X3260 routers. Authentication is not required to exploit this vulnerability.

The specific flaw exists within the prog.cgi binary, which handles HNAP requests made to the lighttpd webserver. The issue results from the lack of proper validation of the length an user-supplied data prior to copying it to a fixed-length heap-based buffer. An attacker can leverage this vulnerability to execute code in the context of root. Was ZDI-CAN-20727.",Network,Not provided,unknown versions,2024-05-03
D-Link,Router,"DIR-X3260, ZDI-CAN",CVE-2023-44419,"D-Link DIR-X3260 Prog.cgi Stack-based Buffer Overflow Remote Code Execution Vulnerability. This vulnerability allows network-adjacent attackers to execute arbitrary code on affected installations of D-Link DIR-X3260 routers. Authentication is not required to exploit this vulnerability.

The specific flaw exists within the prog.cgi binary, which handles HNAP requests made to the lighttpd webserver. The issue results from the lack of proper validation of the length an user-supplied data prior to copying it to a fixed-length stack-based buffer. An attacker can leverage this vulnerability to execute code in the context of root. Was ZDI-CAN-20774.",Network,Not provided,unknown versions,2024-05-03
D-Link,Router,"DIR-X3260, ZDI-CAN",CVE-2023-44420,"D-Link DIR-X3260 prog.cgi Incorrect Implementation of Authentication Algorithm Authentication Bypass Vulnerability. This vulnerability allows network-adjacent attackers to bypass authentication on affected installations of D-Link DIR-X3260 routers. Authentication is not required to exploit this vulnerability.

The specific flaw exists within the prog.cgi executable. The issue results from an incorrect implementation of the authentication algorithm. An attacker can leverage this vulnerability to bypass authentication on the device. Was ZDI-CAN-21100.",,Not provided,unknown versions,2024-05-03
D-Link,Router,"DIR-X3260, ZDI-CAN",CVE-2023-44421,"D-Link DIR-X3260 SetTriggerPPPoEValidate Username Command Injection Remote Code Execution Vulnerability. This vulnerability allows network-adjacent attackers to execute arbitrary code on affected installations of D-Link DIR-X3260 routers. Although authentication is required to exploit this vulnerability, the existing authentication mechanism can be bypassed.

The specific flaw exists within the prog.cgi program, which handles HNAP requests made to the lighttpd webserver listening on TCP ports 80 and 443. The issue results from the lack of proper validation of a user-supplied string before using it to execute a system call. An attacker can leverage this vulnerability to execute code in the context of root. Was ZDI-CAN-21101.",Network,Not provided,unknown versions,2024-05-03
D-Link,Router,"DIR-X3260, ZDI-CAN",CVE-2023-44422,"D-Link DIR-X3260 SetSysEmailSettings EmailFrom Command Injection Remote Code Execution Vulnerability. This vulnerability allows network-adjacent attackers to execute arbitrary code on affected installations of D-Link DIR-X3260 routers. Although authentication is required to exploit this vulnerability, the existing authentication mechanism can be bypassed.

The specific flaw exists within the prog.cgi program, which handles HNAP requests made to the lighttpd webserver listening on TCP ports 80 and 443. The issue results from the lack of proper validation of a user-supplied string before using it to execute a system call. An attacker can leverage this vulnerability to execute code in the context of root. Was ZDI-CAN-21102.",Network,Not provided,unknown versions,2024-05-03
D-Link,Router,"DIR-X3260, ZDI-CAN",CVE-2023-44423,"D-Link DIR-X3260 SetTriggerPPPoEValidate Password Command Injection Remote Code Execution Vulnerability. This vulnerability allows network-adjacent attackers to execute arbitrary code on affected installations of D-Link DIR-X3260 routers. Although authentication is required to exploit this vulnerability, the existing authentication mechanism can be bypassed.

The specific flaw exists within the prog.cgi program, which handles HNAP requests made to the lighttpd webserver listening on TCP ports 80 and 443. The issue results from the lack of proper validation of a user-supplied string before using it to execute a system call. An attacker can leverage this vulnerability to execute code in the context of root. Was ZDI-CAN-21157.",Network,Not provided,unknown versions,2024-05-03
D-Link,Router,"DIR-X3260, ZDI-CAN",CVE-2023-44424,"D-Link DIR-X3260 SetSysEmailSettings EmailTo Command Injection Remote Code Execution Vulnerability. This vulnerability allows network-adjacent attackers to execute arbitrary code on affected installations of D-Link DIR-X3260 routers. Although authentication is required to exploit this vulnerability, the existing authentication mechanism can be bypassed.

The specific flaw exists within prog.cgi, which handles HNAP requests made to the lighttpd webserver listening on TCP ports 80 and 443. The issue results from the lack of proper validation of a user-supplied string before using it to execute a system call. An attacker can leverage this vulnerability to execute code in the context of root. Was ZDI-CAN-21158.",Network,Not provided,unknown versions,2024-05-03
D-Link,Router,"DIR-X3260, ZDI-CAN",CVE-2023-44425,"D-Link DIR-X3260 SetSysEmailSettings AccountName Command Injection Remote Code Execution Vulnerability. This vulnerability allows network-adjacent attackers to execute arbitrary code on affected installations of D-Link DIR-X3260 routers. Although authentication is required to exploit this vulnerability, the existing authentication mechanism can be bypassed.

The specific flaw exists within prog.cgi, which handles HNAP requests made to the lighttpd webserver listening on TCP ports 80 and 443. The issue results from the lack of proper validation of a user-supplied string before using it to execute a system call. An attacker can leverage this vulnerability to execute code in the context of root. Was ZDI-CAN-21159.",Network,Not provided,unknown versions,2024-05-03
D-Link,Router,"DIR-X3260, ZDI-CAN",CVE-2023-44426,"D-Link DIR-X3260 SetSysEmailSettings AccountPassword Command Injection Remote Code Execution Vulnerability. This vulnerability allows network-adjacent attackers to execute arbitrary code on affected installations of D-Link DIR-X3260 routers. Although authentication is required to exploit this vulnerability, the existing authentication mechanism can be bypassed.

The specific flaw exists within prog.cgi, which handles HNAP requests made to the lighttpd webserver listening on TCP ports 80 and 443. The issue results from the lack of proper validation of a user-supplied string before using it to execute a system call. An attacker can leverage this vulnerability to execute code in the context of root. Was ZDI-CAN-21160.",Network,Not provided,unknown versions,2024-05-03
D-Link,Router,"DIR-X3260, ZDI-CAN",CVE-2023-44427,"D-Link DIR-X3260 SetSysEmailSettings SMTPServerAddress Command Injection Remote Code Execution Vulnerability. This vulnerability allows network-adjacent attackers to execute arbitrary code on affected installations of D-Link DIR-X3260 routers. Although authentication is required to exploit this vulnerability, the existing authentication mechanism can be bypassed.

The specific flaw exists within prog.cgi, which handles HNAP requests made to the lighttpd webserver listening on TCP ports 80 and 443. The issue results from the lack of proper validation of a user-supplied string before using it to execute a system call. An attacker can leverage this vulnerability to execute code in the context of root. Was ZDI-CAN-21222.",Network,Not provided,unknown versions,2024-05-03
D-Link,Networking Device,DAR-7000,CVE-2023-44693,D-Link Online behavior audit gateway DAR-7000 V31R02B1413C is vulnerable to SQL Injection via /importexport.php.,Network,Not provided,2.3,2023-10-17
D-Link,Networking Device,DAR-7000,CVE-2023-44694,D-Link Online behavior audit gateway DAR-7000 V31R02B1413C is vulnerable to SQL Injection via /log/mailrecvview.php.,Network,Not provided,2.3,2023-10-17
D-Link,Router,DIR-820L,CVE-2023-44807,D-Link DIR-820L 1.05B03 has a stack overflow vulnerability in the cancelPing function.,Network,https://www.dlink.com/en/security-bulletin/,2.3,2023-10-06
D-Link,Router,DIR-820L,CVE-2023-44808,D-Link DIR-820L 1.05B03 has a stack overflow vulnerability in the sub_4507CC function.,Network,Not provided,2.3,2023-10-16
D-Link,Router,DIR-820L,CVE-2023-44809,D-Link device DIR-820L 1.05B03 is vulnerable to Insecure Permissions.,Network,Not provided,2.3,2023-10-16
D-Link,Router,DIR-823G,CVE-2023-44828,D-Link DIR-823G A1V1.0.2B05 was discovered to contain a buffer overflow via the CurrentPassword parameter in the CheckPasswdSettings function. This vulnerability allows attackers to cause a Denial of Service (DoS) via a crafted input.,Network,https://www.dlink.com/en/security-bulletin/,2.3,2023-10-05
D-Link,Router,DIR-823G,CVE-2023-44829,D-Link DIR-823G A1V1.0.2B05 was discovered to contain a buffer overflow via the AdminPassword parameter in the SetDeviceSettings function. This vulnerability allows attackers to cause a Denial of Service (DoS) via a crafted input.,Network,https://www.dlink.com/en/security-bulletin/,2.3,2023-10-05
D-Link,Router,DIR-823G,CVE-2023-44830,D-Link DIR-823G A1V1.0.2B05 was discovered to contain a buffer overflow via the EndTime parameter in the SetParentsControlInfo function. This vulnerability allows attackers to cause a Denial of Service (DoS) via a crafted input.,Network,https://www.dlink.com/en/security-bulletin/,2.3,2023-10-05
D-Link,Router,DIR-823G,CVE-2023-44831,D-Link DIR-823G A1V1.0.2B05 was discovered to contain a buffer overflow via the Type parameter in the SetWLanRadioSettings function. This vulnerability allows attackers to cause a Denial of Service (DoS) via a crafted input.,Network,https://www.dlink.com/en/security-bulletin/,2.3,2023-10-05
D-Link,Router,DIR-823G,CVE-2023-44832,D-Link DIR-823G A1V1.0.2B05 was discovered to contain a buffer overflow via the MacAddress parameter in the SetWanSettings function. This vulnerability allows attackers to cause a Denial of Service (DoS) via a crafted input.,Network,https://www.dlink.com/en/security-bulletin/,2.3,2023-10-05
D-Link,Router,DIR-823G,CVE-2023-44833,D-Link DIR-823G A1V1.0.2B05 was discovered to contain a buffer overflow via the GuardInt parameter in the SetWLanRadioSettings function. This vulnerability allows attackers to cause a Denial of Service (DoS) via a crafted input.,Network,https://www.dlink.com/en/security-bulletin/,2.3,2023-10-05
D-Link,Router,DIR-823G,CVE-2023-44834,D-Link DIR-823G A1V1.0.2B05 was discovered to contain a buffer overflow via the StartTime parameter in the SetParentsControlInfo function. This vulnerability allows attackers to cause a Denial of Service (DoS) via a crafted input.,Network,https://www.dlink.com/en/security-bulletin/,2.3,2023-10-05
D-Link,Router,DIR-823G,CVE-2023-44835,D-Link DIR-823G A1V1.0.2B05 was discovered to contain a buffer overflow via the Mac parameter in the SetParentsControlInfo function. This vulnerability allows attackers to cause a Denial of Service (DoS) via a crafted input.,Network,https://www.dlink.com/en/security-bulletin/,2.3,2023-10-05
D-Link,Router,DIR-823G,CVE-2023-44836,D-Link DIR-823G A1V1.0.2B05 was discovered to contain a buffer overflow via the SSID parameter in the SetWLanRadioSettings function. This vulnerability allows attackers to cause a Denial of Service (DoS) via a crafted input.,Network,https://www.dlink.com/en/security-bulletin/,2.3,2023-10-05
D-Link,Router,DIR-823G,CVE-2023-44837,D-Link DIR-823G A1V1.0.2B05 was discovered to contain a buffer overflow via the Password parameter in the SetWanSettings function. This vulnerability allows attackers to cause a Denial of Service (DoS) via a crafted input.,Network,https://www.dlink.com/en/security-bulletin/,2.3,2023-10-05
D-Link,Router,DIR-823G,CVE-2023-44838,D-Link DIR-823G A1V1.0.2B05 was discovered to contain a buffer overflow via the TXPower parameter in the SetWLanRadioSettings function. This vulnerability allows attackers to cause a Denial of Service (DoS) via a crafted input.,Network,https://www.dlink.com/en/security-bulletin/,2.3,2023-10-05
D-Link,Router,DIR-823G,CVE-2023-44839,D-Link DIR-823G A1V1.0.2B05 was discovered to contain a buffer overflow via the Encryption parameter in the SetWLanRadioSecurity function. This vulnerability allows attackers to cause a Denial of Service (DoS) via a crafted input.,Network,https://github.com/bugfinder0/public_bug/tree/main/dlink/dir823g/SetWLanRadioSecurity_Encryption | https://www.dlink.com/en/security-bulletin/,2.3,2023-10-05
D-Link,Router,DSL-3782,CVE-2023-44959,An issue found in D-Link DSL-3782 v.1.03 and before allows remote authenticated users to execute arbitrary code as root via the Router IP Address fields of the network settings page.,Network,Not provided,2.3,2023-10-10
D-Link,Access Point,DAP-1860,CVE-2023-45208,"A command injection in the parsing_xml_stasurvey function inside libcgifunc.so of the D-Link DAP-X1860 repeater 1.00 through 1.01b05-01 allows attackers (within range of the repeater) to run shell commands as root during the setup process of the repeater, via a crafted SSID. Also, network names containing single quotes (in the range of the repeater) can result in a denial of service.",Adjacent Network,Not provided,2.3,2023-10-10
D-Link,Access Point,DAR-8000-10,CVE-2023-4542,A vulnerability was found in D-Link DAR-8000-10 up to 20230809. It has been classified as critical. This affects an unknown part of the file /app/sys1.php. The manipulation of the argument cmd with the input id leads to os command injection. It is possible to initiate the attack remotely. The exploit has been disclosed to the public and may be used. The associated identifier of this vulnerability is VDB-238047. NOTE: The vendor was contacted early about this disclosure but did not respond in any way.,Network,Not provided,2.3,2023-08-25
D-Link,Networking Device,"DI-7300G\+, DI-7003G, DI-7100G, DI-7100G\+, DI-7200G\+, DI-7400G\+, DI-7200G",CVE-2023-45572,"Buffer Overflow vulnerability in D-Link device DI-7003GV2.D1 v.23.08.25D1 and before, DI-7100G+V2.D1 v.23.08.23D1 and before, DI-7100GV2.D1 v.23.08.23D1, DI-7200G+V2.D1 v.23.08.23D1 and before, DI-7200GV2.E1 v.23.08.23E1 and before, DI-7300G+V2.D1 v.23.08.23D1, and DI-7400G+V2.D1 v.23.08.23D1 and before allows a remote attacker to execute arbitrary code via the fn parameter of the tgfile.htm function.",Network,Not provided,2.3,2023-10-16
D-Link,Networking Device,"DI-7300G\+, DI-7003G, DI-7100G, DI-7100G\+, DI-7200G\+, DI-7400G\+, DI-7200G",CVE-2023-45573,"Buffer Overflow vulnerability in D-Link device DI-7003GV2.D1 v.23.08.25D1 and before, DI-7100G+V2.D1 v.23.08.23D1 and before, DI-7100GV2.D1 v.23.08.23D1, DI-7200G+V2.D1 v.23.08.23D1 and before, DI-7200GV2.E1 v.23.08.23E1 and before, DI-7300G+V2.D1 v.23.08.23D1, and DI-7400G+V2.D1 v.23.08.23D1 and before allows a remote attacker to execute arbitrary code via the n parameter of the mrclfile_del.asp function.",Network,Not provided,2.3,2023-10-16
D-Link,Networking Device,"DI-7300G\+, DI-7003G, DI-7100G, DI-7100G\+, DI-7200G\+, DI-7400G\+, DI-7200G",CVE-2023-45574,"Buffer Overflow vulnerability in D-Link device DI-7003GV2.D1 v.23.08.25D1 and before, DI-7100G+V2.D1 v.23.08.23D1 and before, DI-7100GV2.D1 v.23.08.23D1, DI-7200G+V2.D1 v.23.08.23D1 and before, DI-7200GV2.E1 v.23.08.23E1 and before, DI-7300G+V2.D1 v.23.08.23D1, and DI-7400G+V2.D1 v.23.08.23D1 and before allows a remote attacker to execute arbitrary code via the fn parameter of the file.data function.",Network,https://www.dlink.com/en/security-bulletin/,2.3,2023-10-16
D-Link,Networking Device,"DI-7300G\+, DI-7003G, DI-7100G, DI-7100G\+, DI-7200G\+, DI-7400G\+, DI-7200G",CVE-2023-45575,"Stack Overflow vulnerability in D-Link device DI-7003GV2.D1 v.23.08.25D1 and before, DI-7100G+V2.D1 v.23.08.23D1 and before, DI-7100GV2.D1 v.23.08.23D1, DI-7200G+V2.D1 v.23.08.23D1 and before, DI-7200GV2.E1 v.23.08.23E1 and before, DI-7300G+V2.D1 v.23.08.23D1, and DI-7400G+V2.D1 v.23.08.23D1 and before allows a remote attacker to execute arbitrary code via the ip parameter of the ip_position.asp function.",Network,Not provided,2.3,2023-10-16
D-Link,Networking Device,"DI-7300G\+, DI-7003G, DI-7100G, DI-7100G\+, DI-7200G\+, DI-7400G\+, DI-7200G",CVE-2023-45576,"Buffer Overflow vulnerability in D-Link device DI-7003GV2.D1 v.23.08.25D1 and before, DI-7100G+V2.D1 v.23.08.23D1 and before, DI-7100GV2.D1 v.23.08.23D1, DI-7200G+V2.D1 v.23.08.23D1 and before, DI-7200GV2.E1 v.23.08.23E1 and before, DI-7300G+V2.D1 v.23.08.23D1, and DI-7400G+V2.D1 v.23.08.23D1 and before allows a remote attacker to execute arbitrary code via the remove_ext_proto/remove_ext_port parameter of the upnp_ctrl.asp function.",Network,Not provided,2.3,2023-10-16
D-Link,Networking Device,"DI-7300G\+, DI-7003G, DI-7100G, DI-7100G\+, DI-7200G\+, DI-7400G\+, DI-7200G",CVE-2023-45577,"Stack Overflow vulnerability in D-Link device DI-7003GV2.D1 v.23.08.25D1 and before, DI-7100G+V2.D1 v.23.08.23D1 and before, DI-7100GV2.D1 v.23.08.23D1, DI-7200G+V2.D1 v.23.08.23D1 and before, DI-7200GV2.E1 v.23.08.23E1 and before, DI-7300G+V2.D1 v.23.08.23D1, and DI-7400G+V2.D1 v.23.08.23D1 and before allows a remote attacker to execute arbitrary code via the wanid parameter of the H5/speedlimit.data function.",Network,Not provided,2.3,2023-10-16
D-Link,Access Point,"DI-7300G\+, DI-7003G, DI-7100G, DI-7100G\+, DI-7200G\+, DI-7400G\+, DI-7200G",CVE-2023-45578,"Buffer Overflow vulnerability in D-Link device DI-7003GV2.D1 v.23.08.25D1 and before, DI-7100G+V2.D1 v.23.08.23D1 and before, DI-7100GV2.D1 v.23.08.23D1, DI-7200G+V2.D1 v.23.08.23D1 and before, DI-7200GV2.E1 v.23.08.23E1 and before, DI-7300G+V2.D1 v.23.08.23D1, and DI-7400G+V2.D1 v.23.08.23D1 and before allows a remote attacker to execute arbitrary code via the pap_en/chap_en parameter of the pppoe_base.asp function.",Network,Not provided,2.3,2023-10-16
D-Link,Networking Device,"DI-7300G\+, DI-7003G, DI-7100G, DI-7100G\+, DI-7200G\+, DI-7400G\+, DI-7200G",CVE-2023-45579,"Buffer Overflow vulnerability in D-Link device DI-7003GV2.D1 v.23.08.25D1 and before, DI-7100G+V2.D1 v.23.08.23D1 and before, DI-7100GV2.D1 v.23.08.23D1, DI-7200G+V2.D1 v.23.08.23D1 and before, DI-7200GV2.E1 v.23.08.23E1 and before, DI-7300G+V2.D1 v.23.08.23D1, and DI-7400G+V2.D1 v.23.08.23D1 and before allows a remote attacker to execute arbitrary code via the ip/type parameter of the jingx.asp function.",Network,Not provided,2.3,2023-10-16
D-Link,Networking Device,"DI-7300G\+, DI-7003G, DI-7100G, DI-7100G\+, DI-7200G\+, DI-7400G\+, DI-7200G",CVE-2023-45580,"Buffer Overflow vulnerability in D-Link device DI-7003GV2.D1 v.23.08.25D1 and before, DI-7100G+V2.D1 v.23.08.23D1 and before, DI-7100GV2.D1 v.23.08.23D1, DI-7200G+V2.D1 v.23.08.23D1 and before, DI-7200GV2.E1 v.23.08.23E1 and before, DI-7300G+V2.D1 v.23.08.23D1, and DI-7400G+V2.D1 v.23.08.23D1 and before allows a remote attacker to execute arbitrary code via the wild/mx and other parameters of the ddns.asp function",Network,Not provided,2.3,2023-10-16
D-Link,Networking Device,"DSL-2730U, DSL-2750U",CVE-2023-46033,"D-Link (Non-US) DSL-2750U N300 ADSL2+ and (Non-US) DSL-2730U N150 ADSL2+ are vulnerable to Incorrect Access Control. The UART/Serial interface on the PCB, provides log output and a root terminal without proper access control.",Physical,https://www.dlink.com/en/products/dsl-2750u-wireless-n-300-adsl2-modem-router | https://supportannouncement.us.dlink.com/announcement/publication.aspx?name=SAP10357 | https://www.dlink.com/en/products/dsl-2730u-wireless-n150-adsl2-router,2.3,2023-10-19
D-Link,Networking Device,DAR-8000-10,CVE-2023-4711,"A vulnerability, which was classified as critical, has been found in D-Link DAR-8000-10 up to 20230819. Affected by this issue is some unknown functionality of the file /log/decodmail.php. The manipulation of the argument file leads to os command injection. The attack may be launched remotely. The complexity of an attack is rather high. The exploitation is known to be difficult. The exploit has been disclosed to the public and may be used. VDB-238574 is the identifier assigned to this vulnerability. NOTE: The vendor was contacted early about this disclosure but did not respond in any way.",Network,Not provided,2.3,2023-09-01
D-Link,Networking Device,GO-RT-AC750,CVE-2023-48842,D-Link Go-RT-AC750 revA_v101b03 was discovered to contain a command injection vulnerability via the service parameter at hedwig.cgi.,Network,Not provided,2.3,2023-12-01
D-Link,Router,DIR-850L,CVE-2023-49004,An issue in D-Link DIR-850L v.B1_FW223WWb01 allows a remote attacker to execute arbitrary code via a crafted script to the en parameter.,Network,Not provided,2.3,2023-12-19
D-Link,Router,G416,CVE-2023-50198,"D-Link G416 cfgsave Command Injection Remote Code Execution Vulnerability. This vulnerability allows network-adjacent attackers to execute arbitrary code on affected installations of D-Link G416 wireless routers. Authentication is not required to exploit this vulnerability.

The specific flaw exists within the HTTP service listening on TCP port 80. The issue results from the lack of proper validation of a user-supplied string before using it to execute a system call. An attacker can leverage this vulnerability to execute code in the context of root. Was ZDI-CAN-21286.",Adjacent Network,https://supportannouncement.us.dlink.com/announcement/publication.aspx?name=SAP10367,2.3,2024-05-03
D-Link,Router,G416,CVE-2023-50199,"D-Link G416 httpd Missing Authentication for Critical Function Remote Code Execution Vulnerability. This vulnerability allows network-adjacent attackers to bypass authentication on affected installations of D-Link G416 routers. Authentication is not required to exploit this vulnerability.

The specific flaw exists within the HTTP service listening on TCP port 80. The issue results from the lack of authentication prior to allowing access to functionality. An attacker can leverage this vulnerability to gain access to critical functions on the device. Was ZDI-CAN-21287.",Adjacent Network,https://supportannouncement.us.dlink.com/announcement/publication.aspx?name=SAP10367,2.3,2024-05-03
D-Link,Router,G416,CVE-2023-50200,"D-Link G416 cfgsave backusb Command Injection Remote Code Execution Vulnerability. This vulnerability allows network-adjacent attackers to execute arbitrary code on affected installations of D-Link G416 routers. Authentication is not required to exploit this vulnerability.

The specific flaw exists within the HTTP service listening on TCP port 80. The issue results from the lack of proper validation of a user-supplied string before using it to execute a system call. An attacker can leverage this vulnerability to execute code in the context of root. Was ZDI-CAN-21288.",Adjacent Network,https://supportannouncement.us.dlink.com/announcement/publication.aspx?name=SAP10367,2.3,2024-05-03
D-Link,Router,G416,CVE-2023-50201,"D-Link G416 cfgsave upusb Command Injection Remote Code Execution Vulnerability. This vulnerability allows network-adjacent attackers to execute arbitrary code on affected installations of D-Link G416 routers. Authentication is not required to exploit this vulnerability.

The specific flaw exists within the HTTP service listening on TCP port 80. The issue results from the lack of proper validation of a user-supplied string before using it to execute a system call. An attacker can leverage this vulnerability to execute code in the context of root. Was ZDI-CAN-21289.",Adjacent Network,https://supportannouncement.us.dlink.com/announcement/publication.aspx?name=SAP10367,2.3,2024-05-03
D-Link,Router,G416,CVE-2023-50202,"D-Link G416 flupl pythonmodules Command Injection Remote Code Execution Vulnerability. This vulnerability allows network-adjacent attackers to execute arbitrary code on affected installations of D-Link G416 wireless routers. Authentication is not required to exploit this vulnerability.

The specific flaw exists within the HTTP service listening on TCP port 80. The issue results from the lack of proper validation of a user-supplied string before using it to execute a system call. An attacker can leverage this vulnerability to execute code in the context of root. Was ZDI-CAN-21295.",Adjacent Network,https://supportannouncement.us.dlink.com/announcement/publication.aspx?name=SAP10367,2.3,2024-05-03
D-Link,Router,G416,CVE-2023-50203,"D-Link G416 nodered chmod Command Injection Remote Code Execution Vulnerability. This vulnerability allows network-adjacent attackers to execute arbitrary code on affected installations of D-Link G416 routers. Authentication is not required to exploit this vulnerability.

The specific flaw exists within the HTTP service listening on TCP port 80. The issue results from the lack of proper validation of a user-supplied string before using it to execute a system call. An attacker can leverage this vulnerability to execute code in the context of root. Was ZDI-CAN-21296.",Adjacent Network,https://supportannouncement.us.dlink.com/announcement/publication.aspx?name=SAP10367,2.3,2024-05-03
D-Link,Router,G416,CVE-2023-50204,"D-Link G416 flupl pythonapp Command Injection Remote Code Execution Vulnerability. This vulnerability allows network-adjacent attackers to execute arbitrary code on affected installations of D-Link G416 wireless routers. Authentication is not required to exploit this vulnerability.

The specific flaw exists within the HTTP service listening on TCP port 80. The issue results from the lack of proper validation of a user-supplied string before using it to execute a system call. An attacker can leverage this vulnerability to execute code in the context of root. Was ZDI-CAN-21297.",Adjacent Network,https://supportannouncement.us.dlink.com/announcement/publication.aspx?name=SAP10367,2.3,2024-05-03
D-Link,Router,G416,CVE-2023-50205,"D-Link G416 awsfile chmod Command Injection Remote Code Execution Vulnerability. This vulnerability allows network-adjacent attackers to execute arbitrary code on affected installations of D-Link G416 routers. Authentication is not required to exploit this vulnerability.

The specific flaw exists within the HTTP service listening on TCP port 80. The issue results from the lack of proper validation of a user-supplied string before using it to execute a system call. An attacker can leverage this vulnerability to execute code in the context of root. Was ZDI-CAN-21298.",Adjacent Network,https://supportannouncement.us.dlink.com/announcement/publication.aspx?name=SAP10367,2.3,2024-05-03
D-Link,Router,G416,CVE-2023-50206,"D-Link G416 flupl query_type edit Command Injection Remote Code Execution Vulnerability. This vulnerability allows network-adjacent attackers to execute arbitrary code on affected installations of D-Link G416 routers. Authentication is not required to exploit this vulnerability.

The specific flaw exists within the HTTP service listening on TCP port 80. The issue results from the lack of proper validation of a user-supplied string before using it to execute a system call. An attacker can leverage this vulnerability to execute code in the context of root. Was ZDI-CAN-21299.",Adjacent Network,https://supportannouncement.us.dlink.com/announcement/publication.aspx?name=SAP10367,2.3,2024-05-03
D-Link,Router,G416,CVE-2023-50207,"D-Link G416 flupl filename Command Injection Remote Code Execution Vulnerability. This vulnerability allows network-adjacent attackers to execute arbitrary code on affected installations of D-Link G416 routers. Authentication is not required to exploit this vulnerability.

The specific flaw exists within the HTTP service listening on TCP port 80. The issue results from the lack of proper validation of a user-supplied string before using it to execute a system call. An attacker can leverage this vulnerability to execute code in the context of root. Was ZDI-CAN-21300.",Adjacent Network,https://supportannouncement.us.dlink.com/announcement/publication.aspx?name=SAP10367,2.3,2024-05-03
D-Link,Router,G416,CVE-2023-50208,"D-Link G416 ovpncfg Stack-based Buffer Overflow Remote Code Execution Vulnerability. This vulnerability allows network-adjacent attackers to execute arbitrary code on affected installations of D-Link G416 routers. Authentication is not required to exploit this vulnerability.

The specific flaw exists within the HTTP service listening on TCP port 80. The issue results from the lack of proper validation of the length of user-supplied data prior to copying it to a fixed-length stack-based buffer. An attacker can leverage this vulnerability to execute code in the context of root. Was ZDI-CAN-21441.",Adjacent Network,https://supportannouncement.us.dlink.com/announcement/publication.aspx?name=SAP10367,2.3,2024-05-03
D-Link,Router,G416,CVE-2023-50209,"D-Link G416 cfgsave Stack-Based Buffer Overflow Remote Code Execution Vulnerability. This vulnerability allows network-adjacent attackers to execute arbitrary code on affected installations of D-Link G416 wireless routers. Authentication is not required to exploit this vulnerability.

The specific flaw exists within the HTTP service listening on TCP port 80. The issue results from the lack of proper validation of the length of user-supplied data prior to copying it to a fixed-length stack-based buffer. An attacker can leverage this vulnerability to execute code in the context of root. Was ZDI-CAN-21442.",Adjacent Network,https://supportannouncement.us.dlink.com/announcement/publication.aspx?name=SAP10367,2.3,2024-05-03
D-Link,Router,G416,CVE-2023-50210,"D-Link G416 httpd API-AUTH Digest Processing Stack-based Buffer Overflow Remote Code Execution Vulnerability. This vulnerability allows network-adjacent attackers to execute arbitrary code on affected installations of D-Link G416 routers. Authentication is not required to exploit this vulnerability.

The specific flaw exists within the HTTP service listening on TCP port 80. The issue results from the lack of proper validation of the length of user-supplied data prior to copying it to a fixed-length stack-based buffer. An attacker can leverage this vulnerability to execute code in the context of root. Was ZDI-CAN-21662.",Adjacent Network,https://supportannouncement.us.dlink.com/announcement/publication.aspx?name=SAP10367,2.3,2024-05-03
D-Link,Router,G416,CVE-2023-50211,"D-Link G416 httpd API-AUTH Timestamp Processing Stack-based Buffer Overflow Remote Code Execution Vulnerability. This vulnerability allows network-adjacent attackers to execute arbitrary code on affected installations of D-Link G416 routers. Authentication is not required to exploit this vulnerability.

The specific flaw exists within the HTTP service listening on TCP port 80. The issue results from the lack of proper validation of the length of user-supplied data prior to copying it to a fixed-length stack-based buffer. An attacker can leverage this vulnerability to execute code in the context of root. Was ZDI-CAN-21663.",Adjacent Network,https://supportannouncement.us.dlink.com/announcement/publication.aspx?name=SAP10367,2.3,2024-05-03
D-Link,Router,G416,CVE-2023-50212,"D-Link G416 httpd Improper Handling of Exceptional Conditions Information Disclosure Vulnerability. This vulnerability allows network-adjacent attackers to disclose sensitive information on affected installations of D-Link G416 routers. Authentication is not required to exploit this vulnerability.

The specific flaw exists within the HTTP service listening on TCP port 80. The issue results from the lack of proper handling of error conditions. An attacker can leverage this in conjunction with other vulnerabilities to execute code in the context of root. Was ZDI-CAN-21664.",Adjacent Network,https://supportannouncement.us.dlink.com/announcement/publication.aspx?name=SAP10367,2.3,2024-05-03
D-Link,Router,G416,CVE-2023-50213,"D-Link G416 nodered File Handling Command Injection Remote Code Execution Vulnerability. This vulnerability allows network-adjacent attackers to execute arbitrary code on affected installations of D-Link G416 routers. Authentication is not required to exploit this vulnerability.

The specific flaw exists within the HTTP service listening on TCP port 80. The issue results from the lack of proper validation of a user-supplied string before using it to execute a system call. An attacker can leverage this vulnerability to execute code in the context of root. Was ZDI-CAN-21807.",Adjacent Network,https://supportannouncement.us.dlink.com/announcement/publication.aspx?name=SAP10367,2.3,2024-05-03
D-Link,Router,G416,CVE-2023-50214,"D-Link G416 nodered tar File Handling Command Injection Remote Code Execution Vulnerability. This vulnerability allows network-adjacent attackers to execute arbitrary code on affected installations of D-Link G416 routers. Authentication is not required to exploit this vulnerability.

The specific flaw exists within the HTTP service listening on TCP port 80. The issue results from the lack of proper validation of a user-supplied string before using it to execute a system call. An attacker can leverage this vulnerability to execute code in the context of root. Was ZDI-CAN-21808.",Adjacent Network,https://supportannouncement.us.dlink.com/announcement/publication.aspx?name=SAP10367,2.3,2024-05-03
D-Link,Router,G416,CVE-2023-50215,"D-Link G416 nodered gz File Handling Command Injection Remote Code Execution Vulnerability. This vulnerability allows network-adjacent attackers to execute arbitrary code on affected installations of D-Link G416 routers. Authentication is not required to exploit this vulnerability.

The specific flaw exists within the HTTP service listening on TCP port 80. The issue results from the lack of proper validation of a user-supplied string before using it to execute a system call. An attacker can leverage this vulnerability to execute code in the context of root. Was ZDI-CAN-21809.",Adjacent Network,https://supportannouncement.us.dlink.com/announcement/publication.aspx?name=SAP10367,2.3,2024-05-03
D-Link,Router,G416,CVE-2023-50216,"D-Link G416 awsfile tar File Handling Command Injection Remote Code Execution Vulnerability. This vulnerability allows network-adjacent attackers to execute arbitrary code on affected installations of D-Link G416 routers. Authentication is not required to exploit this vulnerability.

The specific flaw exists within the HTTP service listening on TCP port 80. The issue results from the lack of proper validation of a user-supplied string before using it to execute a system call. An attacker can leverage this vulnerability to execute code in the context of root. Was ZDI-CAN-21810.",Adjacent Network,https://supportannouncement.us.dlink.com/announcement/publication.aspx?name=SAP10367,2.3,2024-05-03
D-Link,Router,G416,CVE-2023-50217,"D-Link G416 awsfile rm Command Injection Remote Code Execution Vulnerability. This vulnerability allows network-adjacent attackers to execute arbitrary code on affected installations of D-Link G416 routers. Authentication is not required to exploit this vulnerability.

The specific flaw exists within the HTTP service listening on TCP port 80. The issue results from the lack of proper validation of a user-supplied string before using it to execute a system call. An attacker can leverage this vulnerability to execute code in the context of root. Was ZDI-CAN-21811.",Adjacent Network,https://supportannouncement.us.dlink.com/announcement/publication.aspx?name=SAP10367,2.3,2024-05-03
D-Link,Networking Device,D-VIEW_8,CVE-2023-5074,Use of a static key to protect a JWT token used in user authentication can allow an for an authentication bypass in D-Link D-View 8 v2.0.1.28,Network,https://www.tenable.com/security/research/tra-2023-32,2.3,2023-09-20
D-Link,Access Point,DIR-815,CVE-2023-51123,An issue discovered in D-Link dir815 v.1.01SSb08.bin allows a remote attacker to execute arbitrary code via a crafted POST request to the service parameter in the soapcgi_main function of the cgibin binary component.,Network,Not provided,2.3,2024-01-10
D-Link,Networking Device,DAR-7000,CVE-2023-5143,"** UNSUPPORTED WHEN ASSIGNED ** A vulnerability, which was classified as critical, has been found in D-Link DAR-7000 up to 20151231. This issue affects some unknown processing of the file /log/webmailattach.php. The manipulation of the argument table_name leads to an unknown weakness. The attack may be initiated remotely. The exploit has been disclosed to the public and may be used. The associated identifier of this vulnerability is VDB-240239. NOTE: This vulnerability only affects products that are no longer supported by the maintainer. NOTE: Vendor was contacted early and confirmed immediately that the product is end-of-life. It should be retired and replaced.",Network,https://supportannouncement.us.dlink.com/announcement/publication.aspx?name=SAP10354,2.3,2023-09-24
D-Link,Networking Device,"DAR-8000, DAR-7000",CVE-2023-5144,"** UNSUPPORTED WHEN ASSIGNED ** A vulnerability, which was classified as critical, was found in D-Link DAR-7000 and DAR-8000 up to 20151231. Affected is an unknown function of the file /sysmanage/updateos.php. The manipulation of the argument file_upload leads to unrestricted upload. It is possible to launch the attack remotely. The exploit has been disclosed to the public and may be used. The identifier of this vulnerability is VDB-240240. NOTE: This vulnerability only affects products that are no longer supported by the maintainer. NOTE: Vendor was contacted early and confirmed that the product is end-of-life. It should be retired and replaced.",Network,https://supportannouncement.us.dlink.com/announcement/publication.aspx?name=SAP10354,2.3,2023-09-24
D-Link,Networking Device,"DAR-8000, DAR-7000",CVE-2023-5145,** UNSUPPORTED WHEN ASSIGNED ** A vulnerability has been found in D-Link DAR-7000 up to 20151231 and classified as critical. Affected by this vulnerability is an unknown functionality of the file /sysmanage/licence.php. The manipulation of the argument file_upload leads to unrestricted upload. The attack can be launched remotely. The exploit has been disclosed to the public and may be used. The identifier VDB-240241 was assigned to this vulnerability. NOTE: This vulnerability only affects products that are no longer supported by the maintainer. NOTE: Vendor was contacted early and confirmed immediately that the product is end-of-life. It should be retired and replaced.,Network,https://supportannouncement.us.dlink.com/announcement/publication.aspx?name=SAP10354,2.3,2023-09-25
D-Link,Networking Device,"DAR-8000, DAR-7000",CVE-2023-5146,** UNSUPPORTED WHEN ASSIGNED ** A vulnerability was found in D-Link DAR-7000 and DAR-8000 up to 20151231 and classified as critical. Affected by this issue is some unknown functionality of the file /sysmanage/updatelib.php. The manipulation of the argument file_upload leads to unrestricted upload. The attack may be launched remotely. The exploit has been disclosed to the public and may be used. VDB-240242 is the identifier assigned to this vulnerability. NOTE: This vulnerability only affects products that are no longer supported by the maintainer. NOTE: Vendor was contacted early and confirmed immediately that the product is end-of-life. It should be retired and replaced.,Network,https://supportannouncement.us.dlink.com/announcement/publication.aspx?name=SAP10354,2.3,2023-09-25
D-Link,Networking Device,DAR-7000,CVE-2023-5147,** UNSUPPORTED WHEN ASSIGNED ** A vulnerability was found in D-Link DAR-7000 up to 20151231. It has been classified as critical. This affects an unknown part of the file /sysmanage/updateos.php. The manipulation of the argument 1_file_upload leads to unrestricted upload. It is possible to initiate the attack remotely. The exploit has been disclosed to the public and may be used. The associated identifier of this vulnerability is VDB-240243. NOTE: This vulnerability only affects products that are no longer supported by the maintainer. NOTE: Vendor was contacted early and confirmed immediately that the product is end-of-life. It should be retired and replaced.,Network,https://supportannouncement.us.dlink.com/announcement/publication.aspx?name=SAP10354,2.3,2023-09-25
D-Link,Networking Device,"DAR-8000, DAR-7000",CVE-2023-5148,** UNSUPPORTED WHEN ASSIGNED ** A vulnerability was found in D-Link DAR-7000 and DAR-8000 up to 20151231. It has been declared as critical. This vulnerability affects unknown code of the file /Tool/uploadfile.php. The manipulation of the argument file_upload leads to unrestricted upload. The attack can be initiated remotely. The exploit has been disclosed to the public and may be used. The identifier of this vulnerability is VDB-240244. NOTE: This vulnerability only affects products that are no longer supported by the maintainer. NOTE: Vendor was contacted early and confirmed immediately that the product is end-of-life. It should be retired and replaced.,Network,https://supportannouncement.us.dlink.com/announcement/publication.aspx?name=SAP10354,2.3,2023-09-25
D-Link,Networking Device,DAR-7000,CVE-2023-5149,** UNSUPPORTED WHEN ASSIGNED ** A vulnerability was found in D-Link DAR-7000 up to 20151231. It has been rated as critical. This issue affects some unknown processing of the file /useratte/userattestation.php. The manipulation of the argument web_img leads to unrestricted upload. The attack may be initiated remotely. The exploit has been disclosed to the public and may be used. The identifier VDB-240245 was assigned to this vulnerability. NOTE: This vulnerability only affects products that are no longer supported by the maintainer. NOTE: Vendor was contacted early and confirmed immediately that the product is end-of-life. It should be retired and replaced.,Network,https://supportannouncement.us.dlink.com/announcement/publication.aspx?name=SAP10354,2.3,2023-09-25
D-Link,Networking Device,"DAR-8000, DAR-7000",CVE-2023-5150,** UNSUPPORTED WHEN ASSIGNED ** A vulnerability classified as critical has been found in D-Link DAR-7000 and DAR-8000 up to 20151231. Affected is an unknown function of the file /useratte/web.php. The manipulation of the argument file_upload leads to unrestricted upload. It is possible to launch the attack remotely. The exploit has been disclosed to the public and may be used. VDB-240246 is the identifier assigned to this vulnerability. NOTE: This vulnerability only affects products that are no longer supported by the maintainer. NOTE: Vendor was contacted early and confirmed immediately that the product is end-of-life. It should be retired and replaced.,Network,https://supportannouncement.us.dlink.com/announcement/publication.aspx?name=SAP10354,2.3,2023-09-25
D-Link,Networking Device,DAR-8000,CVE-2023-5151,** UNSUPPORTED WHEN ASSIGNED ** A vulnerability classified as critical was found in D-Link DAR-8000 up to 20151231. Affected by this vulnerability is an unknown functionality of the file /autheditpwd.php. The manipulation of the argument hid_id leads to sql injection. The attack can be launched remotely. The exploit has been disclosed to the public and may be used. The associated identifier of this vulnerability is VDB-240247. NOTE: This vulnerability only affects products that are no longer supported by the maintainer. NOTE: Vendor was contacted early and confirmed immediately that the product is end-of-life. It should be retired and replaced.,Network,https://supportannouncement.us.dlink.com/announcement/publication.aspx?name=SAP10354,2.3,2023-09-25
D-Link,Networking Device,DAR-8000,CVE-2023-5152,"** UNSUPPORTED WHEN ASSIGNED ** A vulnerability, which was classified as critical, has been found in D-Link DAR-7000 and DAR-8000 up to 20151231. Affected by this issue is some unknown functionality of the file /importexport.php. The manipulation of the argument sql leads to sql injection. The attack may be launched remotely. The exploit has been disclosed to the public and may be used. The identifier of this vulnerability is VDB-240248. NOTE: This vulnerability only affects products that are no longer supported by the maintainer. NOTE: Vendor was contacted early and confirmed immediately that the product is end-of-life. It should be retired and replaced.",Network,https://supportannouncement.us.dlink.com/announcement/publication.aspx?name=SAP10354,2.3,2023-09-25
D-Link,Networking Device,DAR-7000,CVE-2023-5153,"** UNSUPPORTED WHEN ASSIGNED ** A vulnerability, which was classified as critical, was found in D-Link DAR-8000 up to 20151231. This affects an unknown part of the file /Tool/querysql.php. The manipulation leads to sql injection. It is possible to initiate the attack remotely. The exploit has been disclosed to the public and may be used. The identifier VDB-240249 was assigned to this vulnerability. NOTE: This vulnerability only affects products that are no longer supported by the maintainer. NOTE: Vendor was contacted early and confirmed immediately that the product is end-of-life. It should be retired and replaced.",Network,https://supportannouncement.us.dlink.com/announcement/publication.aspx?name=SAP10354,2.3,2023-09-25
D-Link,Networking Device,DAR-8000,CVE-2023-5154,** UNSUPPORTED WHEN ASSIGNED ** A vulnerability has been found in D-Link DAR-8000 up to 20151231 and classified as critical. This vulnerability affects unknown code of the file /sysmanage/changelogo.php. The manipulation of the argument file_upload leads to unrestricted upload. The attack can be initiated remotely. The exploit has been disclosed to the public and may be used. VDB-240250 is the identifier assigned to this vulnerability. NOTE: This vulnerability only affects products that are no longer supported by the maintainer. NOTE: Vendor was contacted early and confirmed immediately that the product is end-of-life. It should be retired and replaced.,Network,https://supportannouncement.us.dlink.com/announcement/publication.aspx?name=SAP10354,2.3,2023-09-25
D-Link,Router,DIR-X3260,CVE-2023-51613,"D-Link DIR-X3260 prog.cgi SetDynamicDNSSettings Stack-Based Buffer Overflow Remote Code Execution Vulnerability. This vulnerability allows network-adjacent attackers to execute arbitrary code on affected installations of D-Link DIR-X3260 routers. Authentication is required to exploit this vulnerability.

The specific flaw exists within the prog.cgi binary, which handles HNAP requests made to the lighttpd webserver listening on TCP ports 80 and 443. The issue results from the lack of proper validation of a user-supplied string before copying it to a fixed-length stack-based buffer. An attacker can leverage this vulnerability to execute code in the context of root. Was ZDI-CAN-21590.",Adjacent Network,https://supportannouncement.us.dlink.com/announcement/publication.aspx?name=SAP10365,2.3,2024-05-03
D-Link,Router,DIR-X3260,CVE-2023-51614,"D-Link DIR-X3260 prog.cgi SetQuickVPNSettings Password Stack-Based Buffer Overflow Remote Code Execution Vulnerability. This vulnerability allows network-adjacent attackers to execute arbitrary code on affected installations of D-Link DIR-X3260 routers. Authentication is required to exploit this vulnerability.

The specific flaw exists within the prog.cgi binary, which handles HNAP requests made to the lighttpd webserver listening on TCP ports 80 and 443. The issue results from the lack of proper validation of a user-supplied string before copying it to a fixed-length stack-based buffer. An attacker can leverage this vulnerability to execute code in the context of root. Was ZDI-CAN-21591.",Adjacent Network,https://supportannouncement.us.dlink.com/announcement/publication.aspx?name=SAP10365,2.3,2024-05-03
D-Link,Router,DIR-X3260,CVE-2023-51615,"D-Link DIR-X3260 prog.cgi SetQuickVPNSettings PSK Stack-Based Buffer Overflow Remote Code Execution Vulnerability. This vulnerability allows network-adjacent attackers to execute arbitrary code on affected installations of D-Link DIR-X3260 routers. Authentication is required to exploit this vulnerability.

The specific flaw exists within the prog.cgi binary, which handles HNAP requests made to the lighttpd webserver listening on TCP ports 80 and 443. The issue results from the lack of proper validation of a user-supplied string before copying it to a fixed-length stack-based buffer. An attacker can leverage this vulnerability to execute code in the context of root. Was ZDI-CAN-21592.",Adjacent Network,https://supportannouncement.us.dlink.com/announcement/publication.aspx?name=SAP10365,2.3,2024-05-03
D-Link,Router,DIR-X3260,CVE-2023-51616,"D-Link DIR-X3260 prog.cgi SetSysEmailSettings Stack-Based Buffer Overflow Remote Code Execution Vulnerability. This vulnerability allows network-adjacent attackers to execute arbitrary code on affected installations of D-Link DIR-X3260 routers. Authentication is required to exploit this vulnerability.

The specific flaw exists within the prog.cgi binary, which handles HNAP requests made to the lighttpd webserver listening on TCP ports 80 and 443. The issue results from the lack of proper validation of a user-supplied string before copying it to a fixed-length stack-based buffer. An attacker can leverage this vulnerability to execute code in the context of root. Was ZDI-CAN-21593.",Adjacent Network,https://supportannouncement.us.dlink.com/announcement/publication.aspx?name=SAP10365,2.3,2024-05-03
D-Link,Router,DIR-X3260,CVE-2023-51617,"D-Link DIR-X3260 prog.cgi SetWanSettings Stack-Based Buffer Overflow Remote Code Execution Vulnerability. This vulnerability allows network-adjacent attackers to execute arbitrary code on affected installations of D-Link DIR-X3260 routers. Authentication is required to exploit this vulnerability.

The specific flaw exists within the prog.cgi binary, which handles HNAP requests made to the lighttpd webserver listening on TCP ports 80 and 443. The issue results from the lack of proper validation of a user-supplied string before copying it to a fixed-length stack-based buffer. An attacker can leverage this vulnerability to execute code in the context of root. Was ZDI-CAN-21594.",Adjacent Network,https://supportannouncement.us.dlink.com/announcement/publication.aspx?name=SAP10365,2.3,2024-05-03
D-Link,Router,DIR-X3260,CVE-2023-51618,"D-Link DIR-X3260 prog.cgi SetWLanRadioSecurity Stack-Based Buffer Overflow Remote Code Execution Vulnerability. This vulnerability allows network-adjacent attackers to execute arbitrary code on affected installations of D-Link DIR-X3260 routers. Authentication is required to exploit this vulnerability.

The specific flaw exists within the prog.cgi binary, which handles HNAP requests made to the lighttpd webserver listening on TCP ports 80 and 443. The issue results from the lack of proper validation of a user-supplied string before copying it to a fixed-length stack-based buffer. An attacker can leverage this vulnerability to execute code in the context of root. Was ZDI-CAN-21595.",Adjacent Network,https://supportannouncement.us.dlink.com/announcement/publication.aspx?name=SAP10365,2.3,2024-05-03
D-Link,Router,DIR-X3260,CVE-2023-51619,"D-Link DIR-X3260 prog.cgi SetMyDLinkRegistration Stack-based Buffer Overflow Remote Code Execution Vulnerability. This vulnerability allows network-adjacent attackers to execute arbitrary code on affected installations of D-Link DIR-X3260 routers. Authentication is required to exploit this vulnerability.

The specific flaw exists within the prog.cgi binary, which handles HNAP requests made to the lighttpd webserver listening on TCP ports 80 and 443. The issue results from the lack of proper validation of a user-supplied string before copying it to a fixed-size stack-based buffer. An attacker can leverage this vulnerability to execute code in the context of root. Was ZDI-CAN-21667.",Adjacent Network,https://supportannouncement.us.dlink.com/announcement/publication.aspx?name=SAP10365,2.3,2024-05-03
D-Link,Router,DIR-X3260,CVE-2023-51620,"D-Link DIR-X3260 prog.cgi SetIPv6PppoeSettings Stack-based Buffer Overflow Remote Code Execution Vulnerability. This vulnerability allows network-adjacent attackers to execute arbitrary code on affected installations of D-Link DIR-X3260 routers. Authentication is required to exploit this vulnerability.

The specific flaw exists within the prog.cgi binary, which handles HNAP requests made to the lighttpd webserver listening on TCP ports 80 and 443. The issue results from the lack of proper validation of a user-supplied string before copying it to a fixed-size stack-based buffer. An attacker can leverage this vulnerability to execute code in the context of root. Was ZDI-CAN-21669.",Adjacent Network,https://supportannouncement.us.dlink.com/announcement/publication.aspx?name=SAP10365,2.3,2024-05-03
D-Link,Router,DIR-X3260,CVE-2023-51621,"D-Link DIR-X3260 prog.cgi SetDeviceSettings Stack-based Buffer Overflow Remote Code Execution Vulnerability. This vulnerability allows network-adjacent attackers to execute arbitrary code on affected installations of D-Link DIR-X3260 routers. Authentication is required to exploit this vulnerability.

The specific flaw exists within the prog.cgi binary, which handles HNAP requests made to the lighttpd webserver listening on TCP ports 80 and 443. The issue results from the lack of proper validation of a user-supplied string before copying it to a fixed-size stack-based buffer. An attacker can leverage this vulnerability to execute code in the context of root. Was ZDI-CAN-21670.",Adjacent Network,https://supportannouncement.us.dlink.com/announcement/publication.aspx?name=SAP10365,2.3,2024-05-03
D-Link,Router,DIR-X3260,CVE-2023-51622,"D-Link DIR-X3260 prog.cgi SetTriggerPPPoEValidate Stack-based Buffer Overflow Remote Code Execution Vulnerability. This vulnerability allows network-adjacent attackers to execute arbitrary code on affected installations of D-Link DIR-X3260 routers. Authentication is required to exploit this vulnerability.

The specific flaw exists within the prog.cgi binary, which handles HNAP requests made to the lighttpd webserver listening on TCP ports 80 and 443. The issue results from the lack of proper validation of a user-supplied string before copying it to a fixed-size stack-based buffer. An attacker can leverage this vulnerability to execute code in the context of root. Was ZDI-CAN-21672.",Adjacent Network,https://supportannouncement.us.dlink.com/announcement/publication.aspx?name=SAP10365,2.3,2024-05-03
D-Link,Router,DIR-X3260,CVE-2023-51623,"D-Link DIR-X3260 prog.cgi SetAPClientSettings Stack-based Buffer Overflow Remote Code Execution Vulnerability. This vulnerability allows network-adjacent attackers to execute arbitrary code on affected installations of D-Link DIR-X3260 routers. Authentication is required to exploit this vulnerability.

The specific flaw exists within the prog.cgi binary, which handles HNAP requests made to the lighttpd webserver listening on TCP ports 80 and 443. The issue results from the lack of proper validation of a user-supplied string before copying it to a fixed-size stack-based buffer. An attacker can leverage this vulnerability to execute code in the context of root. Was ZDI-CAN-21673.",Adjacent Network,https://supportannouncement.us.dlink.com/announcement/publication.aspx?name=SAP10365,2.3,2024-05-03
D-Link,Security Camera,DCS-8300LHV2,CVE-2023-51624,"D-Link DCS-8300LHV2 RTSP ValidateAuthorizationHeader Nonce Stack-Based Buffer Overflow Remote Code Execution Vulnerability. This vulnerability allows network-adjacent attackers to execute arbitrary code on affected installations of D-Link DCS-8300LHV2 IP cameras. Authentication is not required to exploit this vulnerability.

The specific flaw exists within the handling of the Authorization header by the RTSP server, which listens on TCP port 554. The issue results from the lack of proper validation of the length of user-supplied data prior to copying it to a fixed-length stack-based buffer. An attacker can leverage this vulnerability to execute code in the context of root. Was ZDI-CAN-20072.",Adjacent Network,https://supportannouncement.us.dlink.com/announcement/publication.aspx?name=SAP10370,2.3,2024-05-03
D-Link,Access Point,DCS-8300LHV2,CVE-2023-51625,"D-Link DCS-8300LHV2 ONVIF SetSystemDateAndTime Command Injection Remote Code Execution Vulnerability. This vulnerability allows network-adjacent attackers to execute arbitrary code on affected installations of D-Link DCS-8300LHV2 IP cameras. Although authentication is required to exploit this vulnerability, the existing authentication mechanism can be bypassed.

The specific flaw exists within the implementation of the ONVIF API, which listens on TCP port 80. When parsing the sch:TZ XML element, the process does not properly validate a user-supplied string before using it to execute a system call. An attacker can leverage this vulnerability to execute code in the context of root. Was ZDI-CAN-21319.",Adjacent Network,https://supportannouncement.us.dlink.com/announcement/publication.aspx?name=SAP10370,2.3,2024-05-03
D-Link,Security Camera,DCS-8300LHV2,CVE-2023-51626,"D-Link DCS-8300LHV2 RTSP ValidateAuthorizationHeader Username Stack-Based Buffer Overflow Remote Code Execution Vulnerability. This vulnerability allows network-adjacent attackers to execute arbitrary code on affected installations of D-Link DCS-8300LHV2 IP cameras. Authentication is not required to exploit this vulnerability.

The specific flaw exists within the handling of the Authorization header by the RTSP server, which listens on TCP port 554. The issue results from the lack of proper validation of the length of user-supplied data prior to copying it to a fixed-length stack-based buffer. An attacker can leverage this vulnerability to execute code in the context of root. Was ZDI-CAN-21320.",Adjacent Network,https://supportannouncement.us.dlink.com/announcement/publication.aspx?name=SAP10370,2.3,2024-05-03
D-Link,Security Camera,DCS-8300LHV2,CVE-2023-51627,"D-Link DCS-8300LHV2 ONVIF Duration Stack-Based Buffer Overflow Remote Code Execution Vulnerability. This vulnerability allows network-adjacent attackers to execute arbitrary code on affected installations of D-Link DCS-8300LHV2 IP cameras. Although authentication is required to exploit this vulnerability, the existing authentication mechanism can be bypassed.

The specific flaw exists within the parsing of Duration XML elements. The issue results from the lack of proper validation of the length of user-supplied data prior to copying it to a fixed-length stack-based buffer. An attacker can leverage this vulnerability to execute code in the context of root. Was ZDI-CAN-21321.",Adjacent Network,https://supportannouncement.us.dlink.com/announcement/publication.aspx?name=SAP10370,2.3,2024-05-03
D-Link,Security Camera,DCS-8300LHV2,CVE-2023-51628,"D-Link DCS-8300LHV2 ONVIF SetHostName Stack-Based Buffer Overflow Remote Code Execution Vulnerability. This vulnerability allows network-adjacent attackers to execute arbitrary code on affected installations of D-Link DCS-8300LHV2 IP cameras. Although authentication is required to exploit this vulnerability, the existing authentication mechanism can be bypassed.

The specific flaw exists within the handling of the SetHostName ONVIF call. The issue results from the lack of proper validation of the length of user-supplied data prior to copying it to a fixed-length stack-based buffer. An attacker can leverage this vulnerability to execute code in the context of root. Was ZDI-CAN-21322.",Adjacent Network,https://supportannouncement.us.dlink.com/announcement/publication.aspx?name=SAP10370,2.3,2024-05-03
D-Link,Access Point,DCS-8300LHV2,CVE-2023-51629,"D-Link DCS-8300LHV2 ONVIF Hardcoded PIN Authentication Bypass Vulnerability. This vulnerability allows network-adjacent attackers to bypass authentication on affected installations of D-Link DCS-8300LHV2 IP cameras. Authentication is not required to exploit this vulnerability.

The specific flaw exists within the configuration of the ONVIF API. The issue results from the use of a hardcoded PIN. An attacker can leverage this vulnerability to bypass authentication on the system. Was ZDI-CAN-21492.",Adjacent Network,https://supportannouncement.us.dlink.com/announcement/publication.aspx?name=SAP10370,2.3,2024-05-03
D-Link,Router,"DIR-X3260, ZDI-CAN",CVE-2023-51631,"D-Link DIR-X3260 prog.cgi SetUsersSettings Stack-based Buffer Overflow Remote Code Execution Vulnerability. This vulnerability allows network-adjacent attackers to execute arbitrary code on affected installations of D-Link DIR-X3260 routers. Authentication is required to exploit this vulnerability.

The specific flaw exists within the prog.cgi binary, which handles HNAP requests made to the lighttpd webserver listening on TCP ports 80 and 443. The issue results from the lack of proper validation of a user-supplied string before copying it to a fixed-size stack-based buffer. An attacker can leverage this vulnerability to execute code in the context of root. Was ZDI-CAN-21675.",Network,https://supportannouncement.us.dlink.com/announcement/publication.aspx?name=SAP10365,unknown versions,2024-05-02
D-Link,Router,DIR-822,CVE-2023-51984,D-Link DIR-822+ V1.0.2 was found to contain a command injection in SetStaticRouteSettings function. allows remote attackers to execute arbitrary commands via shell.,Network,Not provided,2.3,2024-01-11
D-Link,Access Point,DIR-822,CVE-2023-51987,"D-Link DIR-822+ V1.0.2 contains a login bypass in the HNAP1 interface, which allows attackers to log in to administrator accounts with empty passwords.",Network,Not provided,2.3,2024-01-11
D-Link,Access Point,DIR-822,CVE-2023-51989,"D-Link DIR-822+ V1.0.2 contains a login bypass in the HNAP1 interface, which allows attackers to log in to administrator accounts with empty passwords.",Network,Not provided,2.3,2024-01-11
D-Link,Access Point,"WPA-PSK, WI-FI, DUAL-BAND",CVE-2023-52043,"An issue in D-Link COVR 1100, 1102, 1103 AC1200 Dual-Band Whole-Home Mesh Wi-Fi System (Hardware Rev B1) truncates Wireless Access Point Passwords (WPA-PSK) allowing an attacker to gain unauthorized network access via weak authentication controls.",,Not provided,unknown versions,2024-04-03
D-Link,Networking Device,DAR-7000,CVE-2023-5322,** UNSUPPORTED WHEN ASSIGNED ** A vulnerability was found in D-Link DAR-7000 up to 20151231. It has been rated as critical. Affected by this issue is some unknown functionality of the file /sysmanage/edit_manageadmin.php. The manipulation of the argument id leads to sql injection. The attack may be launched remotely. The exploit has been disclosed to the public and may be used. The identifier of this vulnerability is VDB-240992. NOTE: This vulnerability only affects products that are no longer supported by the maintainer. NOTE: Vendor was contacted early and confirmed immediately that the product is end-of-life. It should be retired and replaced.,Network,https://supportannouncement.us.dlink.com/announcement/publication.aspx?name=SAP10354,2.3,2023-10-01
D-Link,Access Point,DIR-846,CVE-2023-6580,"A vulnerability, which was classified as critical, was found in D-Link DIR-846 FW100A53DBR. This affects an unknown part of the file /HNAP1/ of the component QoS POST Handler. The manipulation of the argument smartqos_express_devices/smartqos_normal_devices leads to deserialization. It is possible to initiate the attack remotely. The exploit has been disclosed to the public and may be used. The identifier VDB-247161 was assigned to this vulnerability. NOTE: The vendor was contacted early about this disclosure but did not respond in any way.",Network,Not provided,2.3,2023-12-07
D-Link,Networking Device,DAR-7000,CVE-2023-6581,A vulnerability has been found in D-Link DAR-7000 up to 20231126 and classified as critical. This vulnerability affects unknown code of the file /user/inc/workidajax.php. The manipulation of the argument id leads to sql injection. The exploit has been disclosed to the public and may be used. VDB-247162 is the identifier assigned to this vulnerability. NOTE: The vendor was contacted early about this disclosure but did not respond in any way.,Network,Not provided,2.3,2023-12-07
D-Link,Networking Device,D-VIEW_8,CVE-2023-7163,"A security issue exists in D-Link D-View 8 v2.0.2.89 and prior that could allow an attacker to manipulate the probe inventory of the D-View service. This could result in the disclosure of information from other probes, denial of service conditions due to the probe inventory becoming full, or the execution of tasks on other probes.

",Network,https://tenable.com/security/research/tra-2023-43,2.3,2023-12-28
D-Link,Router,DIR-878,CVE-2025-0481,A vulnerability classified as problematic has been found in D-Link DIR-878 1.03. Affected is an unknown function of the file /dllog.cgi of the component HTTP POST Request Handler. The manipulation leads to information disclosure. It is possible to launch the attack remotely. The exploit has been disclosed to the public and may be used.,Network,https://www.dlink.com/,1.03.,2025-01-15
D-Link,Router,DIR-823X,CVE-2025-0492,A vulnerability has been found in D-Link DIR-823X 240126/240802 and classified as critical. Affected by this vulnerability is the function FUN_00412244. The manipulation leads to null pointer dereference. The attack can be launched remotely. The exploit has been disclosed to the public and may be used.,Network,https://www.dlink.com/,unknown versions,2025-01-15
D-Link,Router,DIR-823X,CVE-2025-1103,"A vulnerability, which was classified as problematic, was found in D-Link DIR-823X 240126/240802. This affects the function set_wifi_blacklists of the file /goform/set_wifi_blacklists of the component HTTP POST Request Handler. The manipulation of the argument macList leads to null pointer dereference. It is possible to initiate the attack remotely. The exploit has been disclosed to the public and may be used.",Network,https://www.dlink.com/,unknown versions,2025-02-07
D-Link,Networking Device,DHP-W310AV,CVE-2025-1104,A vulnerability has been found in D-Link DHP-W310AV 1.04 and classified as critical. This vulnerability affects unknown code. The manipulation leads to authentication bypass by spoofing. The attack can be initiated remotely. The exploit has been disclosed to the public and may be used.,Network,https://www.dlink.com/,1.04,2025-02-07
D-Link,Networking Device,"CGI-BIN, DIR-816",CVE-2025-1392,A vulnerability has been found in D-Link DIR-816 1.01TO and classified as problematic. Affected by this vulnerability is an unknown functionality of the file /cgi-bin/webproc?getpage=html/index.html&var:menu=24gwlan&var:page=24G_basic. The manipulation of the argument SSID leads to cross site scripting. The attack can be launched remotely. The exploit has been disclosed to the public and may be used. This vulnerability only affects products that are no longer supported by the maintainer.,Network,https://www.dlink.com/,1.01TO,2025-02-17
D-Link,Access Point,DAP-1320,CVE-2025-1538,A vulnerability classified as critical was found in D-Link DAP-1320 1.00. Affected by this vulnerability is the function set_ws_action of the file /dws/api/. The manipulation leads to heap-based buffer overflow. The attack can be launched remotely. The exploit has been disclosed to the public and may be used. This vulnerability only affects products that are no longer supported by the maintainer.,Network,https://legacy.us.dlink.com/pages/product.aspx?id=4b2bbe2e3f1d440ea65bc56c7e3dcc5c | https://www.dlink.com/,2.3,2025-02-21
D-Link,Access Point,DAP-1320,CVE-2025-1539,"A vulnerability, which was classified as critical, has been found in D-Link DAP-1320 1.00. Affected by this issue is the function replace_special_char of the file /storagein.pd-XXXXXX. The manipulation leads to stack-based buffer overflow. The attack may be launched remotely. The exploit has been disclosed to the public and may be used. This vulnerability only affects products that are no longer supported by the maintainer.",Network,https://legacy.us.dlink.com/pages/product.aspx?id=4b2bbe2e3f1d440ea65bc56c7e3dcc5c | https://www.dlink.com/,2.3,2025-02-21
D-Link,Networking Device,"DAR-7000, SXHVPNLIC, SXHVPN",CVE-2025-1800,A vulnerability has been found in D-Link DAR-7000 3.2 and classified as critical. This vulnerability affects the function get_ip_addr_details of the file /view/vpn/sxh_vpn/sxh_vpnlic.php of the component HTTP POST Request Handler. The manipulation of the argument ethname leads to command injection. The attack can be initiated remotely. The exploit has been disclosed to the public and may be used. This vulnerability only affects products that are no longer supported by the maintainer.,Network,https://supportannouncement.us.dlink.com/security/publication.aspx?name=SAP10354 | https://www.dlink.com/,3.2,2025-03-01
D-Link,Access Point,DAP-1562,CVE-2025-1876,"A vulnerability, which was classified as critical, has been found in D-Link DAP-1562 1.10. Affected by this issue is the function http_request_parse of the component HTTP Header Handler. The manipulation of the argument Authorization leads to stack-based buffer overflow. The attack may be launched remotely. The exploit has been disclosed to the public and may be used. This vulnerability only affects products that are no longer supported by the maintainer.",Network,https://www.dlink.com/,1.10.,2025-03-03
D-Link,Access Point,DAP-1562,CVE-2025-1877,"A vulnerability, which was classified as critical, was found in D-Link DAP-1562 1.10. This affects the function pure_auth_check of the component HTTP POST Request Handler. The manipulation of the argument a1 leads to null pointer dereference. It is possible to initiate the attack remotely. The exploit has been disclosed to the public and may be used. This vulnerability only affects products that are no longer supported by the maintainer.",Network,https://www.dlink.com/,2.3,2025-03-03
D-Link,Networking Device,DWR-M972V,CVE-2025-22968,An issue in D-Link DWR-M972V 1.05SSG allows a remote attacker to execute arbitrary code via SSH using root account without restrictions,Network,https://www.dlink.com/en/security-bulletin/,1.05SSG,2025-01-15
D-Link,Networking Device,Unknown,CVE-2025-24679,Missing Authorization vulnerability in webraketen Internal Links Manager allows Exploiting Incorrectly Configured Access Control Security Levels. This issue affects Internal Links Manager: from n/a through 2.5.2.,,https://patchstack.com/database/wordpress/plugin/seo-automated-link-building/vulnerability/wordpress-internal-links-manager-plugin-2-5-2-broken-access-control-vulnerability?_s_id=cve,2.5.2.,2025-01-24
D-Link,Router,DIR-853,CVE-2025-25740,D-Link DIR-853 A1 FW1.20B07 was discovered to contain a stack-based buffer overflow vulnerability via the PSK parameter in the SetQuickVPNSettings module.,,Not provided,1.20B07,2025-02-14
D-Link,Router,DIR-853,CVE-2025-25741,D-Link DIR-853 A1 FW1.20B07 was discovered to contain a stack-based buffer overflow vulnerability via the IPv6_PppoePassword parameter in the SetIPv6PppoeSettings module.,,Not provided,1.20B07,2025-02-12
D-Link,Router,DIR-853,CVE-2025-25742,D-Link DIR-853 A1 FW1.20B07 was discovered to contain a stack-based buffer overflow vulnerability via the AccountPassword parameter in the SetSysEmailSettings module.,Network,Not provided,2.3,2025-02-12
D-Link,Router,DIR-853,CVE-2025-25743,D-Link DIR-853 A1 FW1.20B07 was discovered to contain a command injection vulnerability in the SetVirtualServerSettings module.,Network,Not provided,2.3,2025-02-12
D-Link,Router,DIR-853,CVE-2025-25744,D-Link DIR-853 A1 FW1.20B07 was discovered to contain a stack-based buffer overflow vulnerability via the Password parameter in the SetDynamicDNSSettings module.,Network,Not provided,2.3,2025-02-12
D-Link,Router,DIR-853,CVE-2025-25745,D-Link DIR-853 A1 FW1.20B07 was discovered to contain a stack-based buffer overflow vulnerability via the Password parameter in the SetQuickVPNSettings module.,,Not provided,1.20B07,2025-02-14
D-Link,Router,DIR-853,CVE-2025-25746,D-Link DIR-853 A1 FW1.20B07 was discovered to contain a stack-based buffer overflow vulnerability via the Password parameter in the SetWanSettings module.,Network,Not provided,2.3,2025-02-12
D-Link,Networking Device,DSL-3782,CVE-2025-25891,"A buffer overflow vulnerability was discovered in D-Link DSL-3782 v1.01, triggered by the destination, netmask and gateway parameters. This vulnerability allows attackers to cause a Denial of Service (DoS) via a crafted packet.",,Not provided,1.01,2025-02-18
D-Link,Networking Device,DSL-3782,CVE-2025-25892,"A buffer overflow vulnerability was discovered in D-Link DSL-3782 v1.01 via the sstartip, sendip, dstartip, and dendip parameters. This vulnerability allows attackers to cause a Denial of Service (DoS) via a crafted packet.",,Not provided,1.01,2025-02-18
D-Link,Networking Device,DSL-3782,CVE-2025-25893,"An OS command injection vulnerability was discovered in D-Link DSL-3782 v1.01 via the inIP, insPort, inePort, exsPort, exePort, and protocol parameters. This vulnerability allows attackers to execute arbitrary operating system (OS) commands via a crafted packet.",,Not provided,1.01,2025-02-18
D-Link,Networking Device,DSL-3782,CVE-2025-25894,An OS command injection vulnerability was discovered in D-Link DSL-3782 v1.01 via the samba_wg and samba_nbn parameters. This vulnerability allows attackers to execute arbitrary operating system (OS) commands via a crafted packet.,,Not provided,1.01,2025-02-18
D-Link,Networking Device,DSL-3782,CVE-2025-25895,An OS command injection vulnerability was discovered in D-Link DSL-3782 v1.01 via the public_type parameter. This vulnerability allows attackers to execute arbitrary operating system (OS) commands via a crafted packet.,,Not provided,1.01,2025-02-18
D-Link,Networking Device,DSL-3782,CVE-2025-25896,"A buffer overflow vulnerability was discovered in D-Link DSL-3782 v1.01 via the destination, netmask, and gateway parameters. This vulnerability allows attackers to cause a Denial of Service (DoS) via a crafted packet.",,Not provided,1.01,2025-02-18
D-Link,Networking Device,Unknown,CVE-2025-27277,Cross-Site Request Forgery (CSRF) vulnerability in tiefpunkt Add Linked Images To Gallery allows Cross Site Request Forgery. This issue affects Add Linked Images To Gallery: from n/a through 1.4.,,https://patchstack.com/database/wordpress/plugin/add-linked-images-to-gallery-v01/vulnerability/wordpress-add-linked-images-to-gallery-plugin-1-4-csrf-to-stored-xss-vulnerability?_s_id=cve,1.4.,2025-02-24
D-Link,Access Point,"AUTHASP, DI-8100",CVE-2025-3538,A vulnerability was found in D-Link DI-8100 16.07.26A1. It has been rated as critical. This issue affects the function auth_asp of the file /auth.asp of the component jhttpd. The manipulation of the argument callback leads to stack-based buffer overflow. The attack needs to be approached within the local network. The exploit has been disclosed to the public and may be used.,Adjacent Network,https://www.dlink.com/,16.07.26A1.,2025-04-13
D-Link,Networking Device,DI-8100,CVE-2025-28398,D-LINK DI-8100 16.07.26A1 is vulnerable to Buffer Overflow in the ipsec_net_asp function via the remot_ip parameter.,,Not provided,2.3,2025-04-01
D-Link,Networking Device,DI-8100,CVE-2025-28395,D-LINK DI-8100 16.07.26A1 is vulnerable to Buffer Overflow in the ipsec_road_asp function via the host_ip parameter.,,Not provided,2.3,2025-04-01
D-Link,Networking Device,DSL-3788,CVE-2024-57440,D-Link DSL-3788 revA1 1.01R1B036_EU_EN is vulnerable to Buffer Overflow via the COMM_MAKECustomMsg function of the webproc cgi,,https://supportannouncement.us.dlink.com/security/publication.aspx?name=SAP10418 | https://www.dlink.com/en/security-bulletin/,2.3,2025-03-20
D-Link,Security Camera,"DCS-7517, HARD-CODED",CVE-2025-6932,"A vulnerability, which was classified as problematic, was found in D-Link DCS-7517 up to 2.02.0. This affects the function g_F_n_GenPassForQlync of the file /bin/httpd of the component Qlync Password Generation Handler. The manipulation leads to use of hard-coded password. It is possible to initiate the attack remotely. The complexity of an attack is rather high. The exploitability is told to be difficult. The exploit has been disclosed to the public and may be used. This vulnerability only affects products that are no longer supported by the maintainer.",Network,https://www.dlink.com/,2.02.0.,2025-06-30
D-Link,Access Point,"DCS-7517, DCS-6517",CVE-2025-6931,A vulnerability classified as problematic was found in D-Link DCS-6517 and DCS-7517 up to 2.02.0. Affected by this vulnerability is the function generate_pass_from_mac of the file /bin/httpd of the component Root Password Generation Handler. The manipulation leads to insufficient entropy. The attack can be launched remotely. The complexity of an attack is rather high. The exploitation appears to be difficult. The exploit has been disclosed to the public and may be used. This vulnerability only affects products that are no longer supported by the maintainer.,Network,https://www.dlink.com/,2.02.0.,2025-06-30
D-Link,Router,DIR-816,CVE-2025-45931,An issue D-Link DIR-816-A2 DIR-816A2_FWv1.10CNB05_R1B011D88210 allows a remote attacker to execute arbitrary code via system() function in the bin/goahead file,Network,https://www.dlink.com/en/security-bulletin/ | http://d-link.com,2.3,2025-06-30
D-Link,Networking Device,"DI-8200G, DI-7300G, MSPINFO",CVE-2025-6899,"A vulnerability, which was classified as critical, was found in D-Link DI-7300G+ and DI-8200G 17.12.20A1/19.12.25A1. This affects an unknown part of the file msp_info.htm. The manipulation of the argument flag/cmd/iface leads to os command injection. It is possible to initiate the attack remotely. The exploit has been disclosed to the public and may be used.",Network,https://www.dlink.com/,"19.12.25A1., 17.12.20A1",2025-06-30
D-Link,Networking Device,DI-7300G,CVE-2025-6898,"A vulnerability, which was classified as critical, has been found in D-Link DI-7300G+ 19.12.25A1. Affected by this issue is some unknown functionality of the file in proxy_client.asp. The manipulation of the argument proxy_srv/proxy_lanport/proxy_lanip/proxy_srvport leads to os command injection. The attack may be launched remotely. The exploit has been disclosed to the public and may be used.",Network,https://www.dlink.com/,19.12.25A1.,2025-06-30
D-Link,Networking Device,DI-7300G\+,CVE-2025-6897,A vulnerability classified as critical was found in D-Link DI-7300G+ 19.12.25A1. Affected by this vulnerability is an unknown functionality of the file httpd_debug.asp. The manipulation of the argument Time leads to os command injection. The exploit has been disclosed to the public and may be used.,Network,https://www.dlink.com/,2.3,2025-06-30
D-Link,Networking Device,"DI-7300G, WGETTEST",CVE-2025-6896,A vulnerability classified as critical has been found in D-Link DI-7300G+ 19.12.25A1. Affected is an unknown function of the file wget_test.asp. The manipulation of the argument url leads to os command injection. It is possible to launch the attack remotely. The exploit has been disclosed to the public and may be used.,Network,https://www.dlink.com/,19.12.25A1.,2025-06-30
D-Link,Router,DIR-513,CVE-2025-6882,A vulnerability classified as critical has been found in D-Link DIR-513 1.0. This affects an unknown part of the file /goform/formSetWanPPTP. The manipulation of the argument curTime leads to buffer overflow. It is possible to initiate the attack remotely. The exploit has been disclosed to the public and may be used. This vulnerability only affects products that are no longer supported by the maintainer.,Network,https://www.dlink.com/,1.0.,2025-06-30
D-Link,Access Point,DI-8100,CVE-2025-6881,A vulnerability was found in D-Link DI-8100 16.07.21. It has been rated as critical. Affected by this issue is some unknown functionality of the file /pppoe_base.asp of the component jhttpd. The manipulation of the argument mschap_en leads to buffer overflow. The attack may be launched remotely. The exploit has been disclosed to the public and may be used.,Network,https://www.dlink.com/,2.3,2025-06-30
D-Link,Router,DIR-823_PRO,CVE-2025-45729,"D-Link DIR-823-Pro 1.02 has improper permission control, allowing unauthorized users to turn on and access Telnet services.",,Not provided,2.3,2025-06-27
D-Link,Router,"DSL-2730U, CGI-BIN, DSL-2750U, DSL-2750E",CVE-2025-34048,"A path traversal vulnerability exists in the web management interface of D-Link DSL-2730U, DSL-2750U, and DSL-2750E ADSL routers with firmware versions IN_1.02, SEA_1.04, and SEA_1.07. The vulnerability is due to insufficient input validation on the getpage parameter within the /cgi-bin/webproc CGI script. This flaw allows an unauthenticated remote attacker to perform path traversal attacks by supplying crafted requests, enabling arbitrary file read on the affected device.",Network,https://www.dlink.com,"1.07., 1.04, 1.02",2025-06-26
D-Link,Router,DIR-619L,CVE-2025-6617,A vulnerability was found in D-Link DIR-619L 2.06B01 and classified as critical. This issue affects the function formAdvanceSetup of the file /goform/formAdvanceSetup. The manipulation of the argument webpage leads to stack-based buffer overflow. The attack may be initiated remotely. The exploit has been disclosed to the public and may be used. This vulnerability only affects products that are no longer supported by the maintainer.,Network,https://www.dlink.com/,2.06B01,2025-06-25
D-Link,Router,DIR-619L,CVE-2025-6616,A vulnerability has been found in D-Link DIR-619L 2.06B01 and classified as critical. This vulnerability affects the function formSetWAN_Wizard51 of the file /goform/formSetWAN_Wizard51. The manipulation of the argument curTime leads to stack-based buffer overflow. The attack can be initiated remotely. The exploit has been disclosed to the public and may be used. This vulnerability only affects products that are no longer supported by the maintainer.,Network,https://www.dlink.com/,2.06B01,2025-06-25
D-Link,Router,DIR-619L,CVE-2025-6615,"A vulnerability, which was classified as critical, was found in D-Link DIR-619L 2.06B01. This affects the function formAutoDetecWAN_wizard4 of the file /goform/formAutoDetecWAN_wizard4. The manipulation of the argument curTime leads to stack-based buffer overflow. It is possible to initiate the attack remotely. The exploit has been disclosed to the public and may be used. This vulnerability only affects products that are no longer supported by the maintainer.",Network,https://www.dlink.com/,2.06B01.,2025-06-25
D-Link,Router,DIR-619L,CVE-2025-6614,"A vulnerability, which was classified as critical, has been found in D-Link DIR-619L 2.06B01. Affected by this issue is the function formSetWANType_Wizard5 of the file /goform/formSetWANType_Wizard5. The manipulation of the argument curTime leads to stack-based buffer overflow. The attack may be launched remotely. The exploit has been disclosed to the public and may be used. This vulnerability only affects products that are no longer supported by the maintainer.",Network,https://www.dlink.com/,2.06B01.,2025-06-25
D-Link,Router,DIR-619L,CVE-2025-6374,A vulnerability was found in D-Link DIR-619L 2.06B01 and classified as critical. This issue affects the function formSetACLFilter of the file /goform/formSetACLFilter. The manipulation of the argument curTime leads to stack-based buffer overflow. The attack may be initiated remotely. The exploit has been disclosed to the public and may be used. This vulnerability only affects products that are no longer supported by the maintainer.,Network,https://www.dlink.com/,2.3,2025-06-21
D-Link,Router,DIR-619L,CVE-2025-6373,A vulnerability has been found in D-Link DIR-619L 2.06B01 and classified as critical. This vulnerability affects the function formSetWizard1 of the file /goform/formWlSiteSurvey. The manipulation of the argument curTime leads to stack-based buffer overflow. The attack can be initiated remotely. The exploit has been disclosed to the public and may be used. This vulnerability only affects products that are no longer supported by the maintainer.,Network,https://www.dlink.com/,2.3,2025-06-21
D-Link,Router,DIR-619L,CVE-2025-6372,"A vulnerability, which was classified as critical, was found in D-Link DIR-619L 2.06B01. This affects the function formSetWizard1 of the file /goform/formSetWizard1. The manipulation of the argument curTime leads to stack-based buffer overflow. It is possible to initiate the attack remotely. The exploit has been disclosed to the public and may be used. This vulnerability only affects products that are no longer supported by the maintainer.",Network,https://www.dlink.com/,2.3,2025-06-20
D-Link,Router,DIR-619L,CVE-2025-6371,"A vulnerability, which was classified as critical, has been found in D-Link DIR-619L 2.06B01. Affected by this issue is the function formSetEnableWizard of the file /goform/formSetEnableWizard. The manipulation of the argument curTime leads to stack-based buffer overflow. The attack may be launched remotely. The exploit has been disclosed to the public and may be used. This vulnerability only affects products that are no longer supported by the maintainer.",Network,https://www.dlink.com/,2.3,2025-06-20
D-Link,Router,DIR-619L,CVE-2025-6370,A vulnerability classified as critical was found in D-Link DIR-619L 2.06B01. Affected by this vulnerability is the function formWlanGuestSetup of the file /goform/formWlanGuestSetup. The manipulation of the argument curTime leads to stack-based buffer overflow. The attack can be launched remotely. The exploit has been disclosed to the public and may be used. This vulnerability only affects products that are no longer supported by the maintainer.,Network,https://www.dlink.com/,2.3,2025-06-20
D-Link,Router,DIR-619L,CVE-2025-6369,A vulnerability classified as critical has been found in D-Link DIR-619L 2.06B01. Affected is the function formdumpeasysetup of the file /goform/formdumpeasysetup. The manipulation of the argument curTime/config.save_network_enabled leads to stack-based buffer overflow. It is possible to launch the attack remotely. The exploit has been disclosed to the public and may be used. This vulnerability only affects products that are no longer supported by the maintainer.,Network,https://www.dlink.com/,2.3,2025-06-20
D-Link,Router,DIR-619L,CVE-2025-6368,A vulnerability was found in D-Link DIR-619L 2.06B01. It has been rated as critical. This issue affects the function formSetEmail of the file /goform/formSetEmail. The manipulation of the argument curTime/config.smtp_email_subject leads to stack-based buffer overflow. The attack may be initiated remotely. The exploit has been disclosed to the public and may be used. This vulnerability only affects products that are no longer supported by the maintainer.,Network,https://www.dlink.com/,2.3,2025-06-20
D-Link,Router,DIR-619L,CVE-2025-6367,A vulnerability was found in D-Link DIR-619L 2.06B01. It has been declared as critical. This vulnerability affects unknown code of the file /goform/formSetDomainFilter. The manipulation of the argument curTime/sched_name_%d/url_%d leads to stack-based buffer overflow. The attack can be initiated remotely. The exploit has been disclosed to the public and may be used. This vulnerability only affects products that are no longer supported by the maintainer.,Network,https://www.dlink.com/,2.3,2025-06-20
D-Link,Router,DIR-825,CVE-2025-6292,A vulnerability has been found in D-Link DIR-825 2.03 and classified as critical. This vulnerability affects the function sub_4091AC of the component HTTP POST Request Handler. The manipulation leads to stack-based buffer overflow. The attack can be initiated remotely. The exploit has been disclosed to the public and may be used. This vulnerability only affects products that are no longer supported by the maintainer.,Network,https://www.dlink.com/,2.3,2025-06-20
D-Link,Router,DIR-825,CVE-2025-6291,"A vulnerability, which was classified as critical, was found in D-Link DIR-825 2.03. This affects the function do_file of the component HTTP POST Request Handler. The manipulation leads to stack-based buffer overflow. It is possible to initiate the attack remotely. The exploit has been disclosed to the public and may be used. This vulnerability only affects products that are no longer supported by the maintainer.",Network,https://www.dlink.com/,2.3,2025-06-20
D-Link,Network Storage,"DPH-400S, DPH-400SE",CVE-2025-45784,"D-Link DPH-400S/SE VoIP Phone v1.01 contains hardcoded provisioning variables, including PROVIS_USER_PASSWORD, which may expose sensitive user credentials. An attacker with access to the firmware image can extract these credentials using static analysis tools such as strings or xxd, potentially leading to unauthorized access to device functions or user accounts. This vulnerability exists due to insecure storage of sensitive information in the firmware binary.",,https://www.dlink.com/en/security-bulletin/,2.3,2025-06-18
D-Link,Switch,"SUB410DDC, DIR-825",CVE-2025-7206,"A vulnerability, which was classified as critical, has been found in D-Link DIR-825 2.10. This issue affects the function sub_410DDC of the file switch_language.cgi of the component httpd. The manipulation of the argument Language leads to stack-based buffer overflow. The attack may be initiated remotely. The exploit has been disclosed to the public and may be used. This vulnerability only affects products that are no longer supported by the maintainer.",Network,https://www.dlink.com/,2.10.,2025-07-09
D-Link,Networking Device,DI-500WF,CVE-2025-7194,A vulnerability was found in D-Link DI-500WF 17.04.10A1T. It has been declared as critical. Affected by this vulnerability is the function sprintf of the file ip_position.asp of the component jhttpd. The manipulation of the argument ip leads to stack-based buffer overflow. The attack can be launched remotely. The exploit has been disclosed to the public and may be used.,Network,https://www.dlink.com/,17.04.10A1T.,2025-07-08
D-Link,Router,DIR-645,CVE-2025-7192,A vulnerability was found in D-Link DIR-645 up to 1.05B01 and classified as critical. This issue affects the function ssdpcgi_main of the file /htdocs/cgibin of the component ssdpcgi. The manipulation leads to command injection. The attack may be initiated remotely. The exploit has been disclosed to the public and may be used. This vulnerability only affects products that are no longer supported by the maintainer.,Network,https://www.dlink.com/,1.05B01,2025-07-08
D-Link,Router,DIR-867,CVE-2025-6334,A vulnerability has been found in D-Link DIR-867 1.0 and classified as critical. This vulnerability affects the function strncpy of the component Query String Handler. The manipulation leads to stack-based buffer overflow. The attack can be initiated remotely. The exploit has been disclosed to the public and may be used. This vulnerability only affects products that are no longer supported by the maintainer.,Network,https://www.dlink.com/,2.3,2025-06-20
D-Link,Router,DIR-815,CVE-2025-6328,A vulnerability was found in D-Link DIR-815 1.01. It has been declared as critical. This vulnerability affects the function sub_403794 of the file hedwig.cgi. The manipulation leads to stack-based buffer overflow. The attack can be initiated remotely. The exploit has been disclosed to the public and may be used.,Network,https://www.dlink.com/,2.3,2025-06-20
