设备品牌,设备类型,产品型号,CVE编号,漏洞描述,攻击向量,厂商补丁链接,受影响版本,公开日期
Linux_kernel,操作系统内核,linux_kernel,CVE-2022-1012,linux_kernel是美国Linux基金会发布的操作系统Linux所使用的内核。其内核也常用在汽车IVI、TBOX、网关、自动驾驶域控制器等零部件的开源操作系统中。智能网联汽车中可能使用该组件。linux_kernel组件中sk_rcv_saddr_set等函数存在内存泄漏漏洞。可能导致系统拒绝服务。,待补充,https://kernel.googlesource.com/pub/scm/linux/kernel/git/jkirsher/net-queue/+/b2d057560b8107c633b39aabe517ff9d93f285e3%5E%21/,"linux_kernel <= 5.18;
linux_kernel = 5.18-rc1;
linux_kernel = 5.18-rc2;
linux_kernel = 5.18-rc3;
linux_kernel = 5.18-rc4;
linux_kernel = 5.18-rc5",2025-07-11
Linux_kernel,操作系统内核,linux_kernel,CVE-2022-1011,linux_kernel是美国Linux基金会发布的操作系统Linux所使用的内核。其内核也常用在汽车IVI、TBOX、网关、自动驾驶域控制器等零部件的开源操作系统中。智能网联汽车中可能使用该组件。linux_kernel组件中FUSE存在释放后使用漏洞，此缺陷允许本地用户未经授权访问FUSE文件系统中的数据，从而导致权限提升。攻击者可以利用此漏洞，实现远程代码执行（RCE），可能控制受影响的系统。,待补充,https://git.kernel.org/pub/scm/linux/kernel/git/mszeredi/fuse.git/commit/?h=for-next,"linux_kernel <= 5.17;
linux_kernel = 5.17-rc1;
linux_kernel = 5.17-rc2;
linux_kernel = 5.17-rc3;
linux_kernel = 5.17-rc4;
linux_kernel = 5.17-rc7",2025-07-11
Linux_kernel,操作系统内核,linux_kernel,CVE-2022-1043,linux_kernel是美国Linux基金会发布的操作系统Linux所使用的内核。其内核也常用在汽车IVI、TBOX、网关、自动驾驶域控制器等零部件的开源操作系统中。智能网联汽车中可能使用该组件。linux_kernel组件中io_uring存在权限提升漏洞。攻击者利用该漏洞破坏系统内存、使系统崩溃或提升权限。,待补充,https://github.com/torvalds/linux/commit/a30f895ad3239f45012e860d4f94c1a388b36d14,"5.10.51 <= linux_kernel < 5.10.61;
5.11 <= linux_kernel < 5.13.13",2025-07-10
Linux_kernel,操作系统内核,linux_kernel,CVE-2022-1048,linux_kernel是美国Linux基金会发布的操作系统Linux所使用的内核。其内核也常用在汽车IVI、TBOX、网关、自动驾驶域控制器等零部件的开源操作系统中。智能网联汽车中可能使用该组件。linux_kernel组件中sound存在释放后使用漏洞。可能导致系统拒绝服务。,待补充,https://lore.kernel.org/lkml/20220322170720.3529-5-tiwai%40suse.de/T/#m1d3b791b815556012c6be92f1c4a7086b854f7f3,"2.6.12 <= linux_kernel < 4.14.279;
4.15 <= linux_kernel < 4.19.243;
4.20 <= linux_kernel < 5.4.193;
5.5 <= linux_kernel < 5.10.109;
5.11 <= linux_kernel < 5.15.32;
5.16 <= linux_kernel <5.16.18;
linux_kernel = 5.17",2025-07-10
Linux_kernel,操作系统内核,linux_kernel,CVE-2022-1055,linux_kernel是美国Linux基金会发布的操作系统Linux所使用的内核。其内核也常用在汽车IVI、TBOX、网关、自动驾驶域控制器等零部件的开源操作系统中。智能网联汽车中可能使用该组件。linux_kernel组件中tc_new_tfilter函数存在释放后使用漏洞，可能导致系统拒绝服务。,待补充,https://git.kernel.org/pub/scm/linux/kernel/git/torvalds/linux.git/commit/?id=04c2a47ffb13c29778e2a14e414ad4cb5a5db4b5,"5.1 <= linux_kernel <= 5.17;
linux_kernel = 5.17-rc1;
linux_kernel = 5.17-rc2",2025-07-09
Vim,文本编辑器,vim,CVE-2022-2175,vim 是一个高度可配置的文本编辑器，用于有效地创建和更改任何类型的文本。它最初是为在 Unix 系统上的文本编辑而设计的，但现在几乎所有操作系统上都可以使用，包括 Windows、macOS 和各种 Linux 发行版。智能网联汽车中可能使用该组件。vim组件cmdline_insert_reg等函数存在缓冲区越界读取漏洞，攻击者可能利用此漏洞，导致软件崩溃、修改内存内容，并可能实现远程代码执行。,待补充,https://github.com/vim/vim/commit/6046aded8da002b08d380db29de2ba0268b6616e,vim < 8.2.5148,2025-07-09
Vim,文本编辑器,vim,CVE-2022-2183,vim 是一个高度可配置的文本编辑器，用于有效地创建和更改任何类型的文本。它最初是为在 Unix 系统上的文本编辑而设计的，但现在在几乎所有操作系统上都可以使用，包括 Windows、macOS 和各种 Linux 发行版。智能网联汽车中可能使用该组件。vim组件中get_lisp_indent等函数存在越界读取漏洞，攻击者可能利用此漏洞，导致软件崩溃、修改内存内容，并可能实现远程代码执行。,待补充,https://github.com/vim/vim/commit/8eba2bd291b347e3008aa9e565652d51ad638cfa,vim < 8.2.5151,2025-07-08
Vim,文本编辑器,vim,CVE-2022-2182,vim 是一个高度可配置的文本编辑器，用于有效地创建和更改任何类型的文本。它最初是为在 Unix 系统上的文本编辑而设计的，但现在几乎所有操作系统上都可以使用，包括 Windows、macOS 和各种 Linux 发行版。智能网联汽车中可能使用该组件。vim组件中utf_ptr2char等函数存在堆缓冲区溢出漏洞，攻击者可能利用此漏洞，导致软件崩溃、修改内存内容，并可能实现远程代码执行。,待补充,https://github.com/vim/vim/commit/f7c7c3fad6d2135d558f3b36d0d1a943118aeb5e,vim < 8.2.5150,2025-07-08
某车型,车载系统,车载系统,,某车型系统中，sshd的配置文件/etc/ssh/sshd_config中有PermitRootLogin yes配置允许使用root用户登录，其中PermitEmptyPasswords yes配置允许登录用户无需密码登录，以上配置导致该系统sshd服务缺失了用户身份认证，导致系统的未授权访问。可能造成敏感信息泄露以及其他恶意操作影响。,待补充,,1.0,2025-07-07
某车型,车载系统,车载信息娱乐系统(IVI),,某车型IVI系统中位于/default.prop配置文件中出现了危险配置，其中ro.adb.secure=0配置使得adb调试功能中adb调试接口不启用身份认证，未授权用户可以使用USB数据线连接系统使用adb调试功能获取系统权限，另外ro.debuggable=1配置使得车辆默认启用调试模式，adb支持通过 adb root 获取系统root权限。攻击者可能利用该漏洞获取系统权限，进而获得车辆敏感信息及其他恶意行为。,待补充,,adbd,2025-07-07
Vim,文本编辑器,vim,CVE-2022-2344,vim是一个高度可配置的文本编辑器，用于有效地创建和更改任何类型的文本。它最初是为在 Unix 系统上的文本编辑而设计的，但现在在几乎所有操作系统上都可以使用，包括 Windows、macOS 和各种 Linux 发行版。智能网联汽车中可能使用该组件。vim组件中ins_compl_add等函数存在堆缓冲区溢出漏洞。攻击者可能利用此漏洞，导致软件崩溃、修改内存内容，并可能实现远程代码执行。,待补充,https://github.com/vim/vim/commit/baefde14550231f6468ac2ed2ed495bc381c0c92,vim < 9.0.0045,2025-07-04
Vim,文本编辑器,vim,CVE-2022-2343,vim是一个高度可配置的文本编辑器，用于有效地创建和更改任何类型的文本。它最初是为在 Unix 系统上的文本编辑而设计的，但现在在几乎所有操作系统上都可以使用，包括 Windows、macOS 和各种 Linux 发行版。智能网联汽车中可能使用该组件。vim组件中ins_compl_add 等函数存在堆缓冲区溢出漏洞。攻击者可能利用此漏洞，导致软件崩溃、修改内存内容，并可能实现远程代码执行。,待补充,https://github.com/vim/vim/commit/caea66442d86e7bbba3bf3dc202c3c0d549b9853,vim < 9.0.0044,2025-07-04
Android,软件组件,android,CVE-2022-20422,"android 是一个由 Google 主导开发的开源操作系统，主要用于移动设备，如智能手机和平板电脑。它基于 Linux 内核，采用开放式架构，允许开发者通过android 开源项目（AOSP, Android Open Source Project）自由获取、修改和分发其源代码。智能网联汽车中经常使用该组件。android组件中emulation_proc_handler 函数中，由于竞争条件，可能导致内存损坏。攻击者可能利用此漏洞进行本地权限提升。",待补充,https://android.googlesource.com/kernel/common/+/885349f53dd73,全版本,2025-07-03
Vim,文本编辑器,vim,CVE-2022-2345,vim是一个高度可配置的文本编辑器，用于有效地创建和更改任何类型的文本。它最初是为在 Unix 系统上的文本编辑而设计的，但现在在几乎所有操作系统上都可以使用，包括 Windows、macOS 和各种 Linux 发行版。智能网联汽车中可能使用该组件。vim组件中skipwhite等函数存在释放后使用漏洞。攻击者可能利用此漏洞，实现远程代码执行（RCE），从而控制受影响的系统。,待补充,https://github.com/vim/vim/commit/32acf1f1a72ebb9d8942b9c9d80023bf1bb668ea,vim < 9.0.0046,2025-07-03
Android,软件组件,android,CVE-2022-20566,"android 是一个由 Google 主导开发的开源操作系统，主要用于移动设备，如智能手机和平板电脑。它基于 Linux 内核，采用开放式架构，允许开发者通过android 开源项目（AOSP, Android Open Source Project）自由获取、修改和分发其源代码。智能网联汽车中可能使用该组件。android组件中l2cap_chan_put函数存在权限提升漏洞，可能导致系统拒绝服务。",待补充,https://android.googlesource.com/kernel/common/+/cacbff013baa586c63dd779e67d13238bf46c28e,全版本,2025-07-02
Tensorflow,软件组件,tensorflow,CVE-2022-21726,tensorflow是一个强大的开源机器学习框架，用于构建和训练各种复杂的神经网络模型，它广泛应用于图像识别、自然语言处理、语音识别等领域，特别在自动驾驶领域，tensorflow框架可以提供图像与传感器数据的处理，路径规划及决策等功能。智能网联汽车中可能使用该组件。tensorflow组件中dequantize存在堆内存越界访问漏洞，可能导致系统拒绝服务。,待补充,https://github.com/tensorflow/tensorflow/commit/23968a8bf65b009120c43b5ebcceaf52dbc9e943,"tensorflow <= 2.5.2;
2.6.0 <= tensorflow <= 2.6.2；
tensorflow = 2.7.0",2025-07-02
Linux_kernel,操作系统内核,linux_kernel,CVE-2022-23222,linux_kernel是美国Linux基金会发布的操作系统Linux所使用的内核。其内核也常用在汽车IVI、TBOX、网关、自动驾驶域控制器等零部件的开源操作系统中。智能网联汽车中可能使用该组件。Linux内核的eBPF验证器存在一个空指针漏洞，没有对*_OR_NULL指针类型进行限制，允许这些类型进行指针运算，攻击者可利用该漏洞在获得低权限的情况下，构造恶意数据执行空指针引用攻击，最终获取root权限。,待补充,https://git.kernel.org/pub/scm/linux/kernel/git/torvalds/linux.git/commit/?id=64620e0a1e712a778095bd35cbb277dc2259281f,"5.8.0 <= linux_kernel < 5.15.37;
5.16 <= linux_kernel < 5.16.11",2025-07-01
Tensorflow,软件组件,tensorflow,CVE-2022-23558,tensorflow是一个强大的开源机器学习框架，用于构建和训练各种复杂的神经网络模型，它广泛应用于图像识别、自然语言处理、语音识别等领域，特别在自动驾驶领域，tensorflow框架可以提供图像与传感器数据的处理，路径规划及决策等功能。智能网联汽车中可能使用该组件。tensorflow组件中TfLiteIntArrayCreate等函数存在整数溢出漏洞，可能导致系统拒绝服务。,待补充,https://github.com/tensorflow/tensorflow/commit/a1e1511dde36b3f8aa27a6ec630838e7ea40e091,"tensorflow <= 2.5.2;
2.6.0 <= tensorflow <= 2.6.2;
Tensorflow = 2.7.0",2025-07-01
某车型,车载系统,车载系统,,某车型仪表ECU中的/usr/sbin/qconn 程序，为QNX 系统中的远程通信守护进程（QNX Connection Daemon），支持 QNX Momentics IDE 的远程调试、部署、shell、查看系统状态，提供 HTTP/WebDAV 服务，允许远程查看系统文件，运行的程序服务开放在8000端口。该程序未启动认证，导致访问该服务的攻击者可以通过qconn服务获取系统权限，导致信息泄露或其他危险结果。,待补充,,1.4.207944,2025-06-30
某车型,车载系统,车载信息娱乐系统(IVI),,某车型IVI系统中adjusttime.sh、killproc.sh、publishinfo.sh、runbusybox.sh、sysmonitor.sh文件是root用户运行并且是开机自启动，但是权限设置为777，使得普通用户可以篡改文件内容进而提升权限，造成信息泄露等恶意结果。,待补充,,adjusttime.sh,2025-06-30
Vim,文本编辑器,vim,CVE-2022-2304,vim是一个高度可配置的文本编辑器，用于有效地创建和更改任何类型的文本。它最初是为在Unix系统上的文本编辑而设计的，但现在在几乎所有操作系统上都可以使用，包括Windows、macOS和各种Linux发行版。智能网联汽车中可能使用该组件。vim组件中spell_dump_compl函数存在栈缓冲区溢出漏洞，此漏洞可能导致泄露数据、绕过保护机制或实现远程执行。,待补充,https://github.com/vim/vim/commit/54e5fed6d27b747ff152cdb6edfb72ff60e70939,vim < 9.0.0035,2025-06-27
Linux_kernel,操作系统内核,linux_kernel,CVE-2022-2327,linux_kernel是美国Linux基金会发布的操作系统Linux所使用的内核。其内核也常用在汽车IVI、TBOX、网关、自动驾驶域控制器等零部件的开源操作系统中。智能网联汽车中可能使用该组件。linux_kernel组件中io_uring请求处理功能模块存在引用计数漏洞。由于某些请求在处理时缺少必要的项目类型验证，导致引用计数不正确，进而可能引发双重释放（double free）等严重安全问题。,待补充,https://git.kernel.org/pub/scm/linux/kernel/git/stable/linux.git/commit/?h=linux-5.10.y&id=df3f3bb5059d20ef094d6b2f0256c4bf4127a859,全版本,2025-06-27
Vim,文本编辑器,vim,CVE-2022-0359,vim是一个高度可配置的文本编辑器，用于有效地创建和更改任何类型的文本。它最初是为在Unix系统上的文本编辑而设计的，但现在在几乎所有操作系统上都可以使用，包括Windows、macOS和各种Linux发行版。智能网联汽车中可能使用该组件。vim组件中init_ccline等函数存在堆缓冲区溢出漏洞，此漏洞可能导致软件崩溃、绕过保护机制、修改内存或实现远程执行。,待补充,https://github.com/vim/vim/commit/85b6747abc15a7a81086db31289cf1b8b17e6cb1,vim < 8.2.4214,2025-06-26
Vim,文本编辑器,vim,CVE-2022-0361,vim是一个高度可配置的文本编辑器，用于有效地创建和更改任何类型的文本。它最初是为在Unix系统上的文本编辑而设计的，但现在在几乎所有操作系统上都可以使用，包括Windows、macOS和各种Linux发行版。智能网联汽车中可能使用该组件。vim组件中ex_copy等函数存在堆缓冲区溢出漏洞，此漏洞可能导致执行任意代码。,待补充,https://github.com/vim/vim/commit/dc5490e2cbc8c16022a23b449b48c1bd0083f366,vim < 8.2.4215,2025-06-26
Vim,文本编辑器,vim,CVE-2022-0318,vim是一个高度可配置的文本编辑器，用于有效地创建和更改任何类型的文本。它最初是为在Unix系统上的文本编辑而设计的，但现在在几乎所有操作系统上都可以使用，包括Windows、macOS和各种Linux发行版。智能网联汽车中可能使用该组件。vim组件中block_insert函数存在堆缓冲区溢出漏洞，此漏洞可能导致软件崩溃、修改内存内容，并可能实现远程代码执行。,待补充,https://github.com/vim/vim/commit/57df9e8a9f9ae1aafdde9b86b10ad907627a87dc,vim < 8.2.4151,2025-06-25
Vim,文本编辑器,vim,CVE-2022-0351,vim是一个高度可配置的文本编辑器，用于有效地创建和更改任何类型的文本。它最初是为在Unix系统上的文本编辑而设计的，但现在在几乎所有操作系统上都可以使用，包括Windows、macOS和各种Linux发行版。智能网联汽车中可能使用该组件。vim组件中eval7等函数存在缓冲区溢出漏洞，此漏洞可能导致绕过保护机制并成功执行任意代码。,待补充,https://github.com/vim/vim/commit/fe6fb267e6ee5c5da2f41889e4e0e0ac5bf4b89d,vim < 8.2,2025-06-25
某车型,车载系统,车载信息娱乐系统(IVI),,某车型IVI系统中/system/framework/framework.jar文件中存在远程代码执行漏洞。原因在于源码中core/java/android/os/ZygoteProcess.java文件下 zygoteSendArgsAndGetResult函数与maybeSetApiDenylistExemptions函数存在不安全的反序列化漏洞。,待补充,https://android.googlesource.com/platform/frameworks/base/+/e25a0e394bbfd6143a557e1019bb7ad992d11985,1.0,2025-06-24
某车型,车载系统,车载信息娱乐系统(IVI),,某车型IVI系统中/system/priv-app/VehicleService-release路径下的VehicleService-release.apk文件中sendCanIOCtl方法可以对车辆发送can信息，攻击者可能利用hook技术对车辆系统进行攻击。,待补充,,1.0,2025-06-24
Vim,文本编辑器,vim,CVE-2022-2289,vim是一个高度可配置的文本编辑器，用于有效地创建和更改任何类型的文本。它最初是为在 Unix 系统上的文本编辑而设计的，但现在在几乎所有操作系统上都可以使用，包括 Windows、macOS 和各种 Linux 发行版。智能网联汽车中可能使用该组件。vim组件中ex_diffgetput 等函数存在释放后使用漏洞，攻击者可能利用此漏洞，实现远程代码执行（RCE），从而控制受影响的系统。,待补充,https://github.com/vim/vim/commit/c5274dd12224421f2430b30c53b881b9403d649e,vim < 9.0.0026,2025-06-23
Android,软件组件,android,CVE-2022-20421,"android 是一个由 Google 主导开发的开源操作系统，主要用于移动设备，如智能手机和平板电脑。它基于 Linux 内核，采用开放式架构，允许开发者通过android 开源项目（AOSP, Android Open Source Project）自由获取、修改和分发其源代码。智能网联汽车中可能使用该组件。android组件中binder_inc_ref_for_node等函数存在释放后使用漏洞，攻击者可能利用此漏洞提升权限。",待补充,https://android.googlesource.com/kernel/common/+/19bb609b45fb,全版本,2025-06-23
Vim,文本编辑器,vim,CVE-2022-2288,vim是一个高度可配置的文本编辑器，用于有效地创建和更改任何类型的文本。它最初是为在 Unix 系统上的文本编辑而设计的，但现在在几乎所有操作系统上都可以使用，包括 Windows、macOS 和各种 Linux 发行版。智能网联汽车中可能使用该组件。vim组件中parse_command_modifiers等函数存在越界写入漏洞，可能导致系统拒绝服务。,待补充,https://github.com/vim/vim/commit/c6fdb15d423df22e1776844811d082322475e48a,vim < 9.0.0025,2025-06-20
Vim,文本编辑器,vim,CVE-2022-2287,vim是一个高度可配置的文本编辑器，用于有效地创建和更改任何类型的文本。它最初是为在 Unix 系统上的文本编辑而设计的，但现在在几乎所有操作系统上都可以使用，包括 Windows、macOS 和各种 Linux 发行版。智能网联汽车中可能使用该组件。vim组件中suggest_trie_walk等函数存在越界读取漏洞，可能导致程序崩溃、信息泄露或执行恶意代码。,待补充,https://github.com/vim/vim/commit/5e59ea54c0c37c2f84770f068d95280069828774,vim < 9.0.0021,2025-06-20
Vim,文本编辑器,vim,CVE-2022-2285,vim是一个高度可配置的文本编辑器，用于有效地创建和更改任何类型的文本。它最初是为在 Unix 系统上的文本编辑而设计的，但现在在几乎所有操作系统上都可以使用，包括 Windows、macOS 和各种 Linux 发行版。智能网联汽车中可能使用该组件。vim组件中del_typebuf等函数存在整数溢出或环绕漏洞，可能导致系统拒绝服务。,待补充,https://github.com/vim/vim/commit/27efc62f5d86afcb2ecb7565587fe8dea4b036fe,vim < 9.0.0018,2025-06-19
Vim,文本编辑器,vim,CVE-2022-2286,vim是一个高度可配置的文本编辑器，用于有效地创建和更改任何类型的文本。它最初是为在 Unix 系统上的文本编辑而设计的，但现在在几乎所有操作系统上都可以使用，包括 Windows、macOS 和各种 Linux 发行版。智能网联汽车中可能使用该组件。vim组件中ins_bytes等函数存在越界读取漏洞，可能导致程序崩溃、信息泄露或执行恶意代码。,待补充,https://github.com/vim/vim/commit/f12129f1714f7d2301935bb21d896609bdac221c,vim < 9.0.0020,2025-06-19
Vim,文本编辑器,vim,CVE-2022-2284,vim是一个高度可配置的文本编辑器，用于有效地创建和更改任何类型的文本。它最初是为在 Unix 系统上的文本编辑而设计的，但现在在几乎所有操作系统上都可以使用，包括 Windows、macOS 和各种 Linux 发行版。智能网联汽车可能使用该组件。vim组件中utfc_ptr2len等函数存在堆缓冲区溢出漏洞，攻击者可能利用此漏洞，导致软件崩溃、修改内存内容，并可能实现远程代码执行。,待补充,https://github.com/vim/vim/commit/3d51ce18ab1be4f9f6061568a4e7fabf00b21794,vim < 9.0.0017,2025-06-18
Vim,文本编辑器,vim,CVE-2022-2129,vim是一个高度可配置的文本编辑器，用于有效地创建和更改任何类型的文本。它最初是为在 Unix 系统上的文本编辑而设计的，但现在在几乎所有操作系统上都可以使用，包括 Windows、macOS 和各种 Linux 发行版。智能网联汽车中可能使用该组件。vim组件中vim_regsub_both函数存在越界写入漏洞，攻击者可能利用此漏洞，导致敏感信息泄露、程序崩溃，甚至代码执行等问题。,待补充,https://github.com/vim/vim/commit/d6211a52ab9f53b82f884561ed43d2fe4d24ff7d,vim < 8.2.5126,2025-06-18
Vim,文本编辑器,vim,CVE-2022-2125,vim是一个高度可配置的文本编辑器，用于有效地创建和更改任何类型的文本。它最初是为在 Unix 系统上的文本编辑而设计的，但现在在几乎所有操作系统上都可以使用，包括 Windows、macOS 和各种 Linux 发行版。智能网联汽车中可能使用该组件。vim组件中get_lisp_indent函数存在堆缓冲区溢出漏洞，可能导致系统拒绝服务。,待补充,https://github.com/vim/vim/commit/0e8e938d497260dd57be67b4966cb27a5f72376f,vim < 8.2.5122,2025-06-17
Vim,文本编辑器,vim,CVE-2022-2126,vim是一个高度可配置的文本编辑器，用于有效地创建和更改任何类型的文本。它最初是为在 Unix 系统上的文本编辑而设计的，但现在在几乎所有操作系统上都可以使用，包括 Windows、macOS 和各种 Linux 发行版。智能网联汽车中可能使用该组件。vim组件中suggest_trie_walk等函数存在越界读取漏洞，可能导致系统拒绝服务。,待补充,https://github.com/vim/vim/commit/156d3911952d73b03d7420dc3540215247db0fe8,vim < 8.2.5123,2025-06-17
某车型,车载系统,车载信息娱乐系统(IVI),,某车型IVI系统中/system/bin/fix.sh用于监控和处理U盘自动更新脚本。该文件会将U盘中的/update/custom.sh、/update/custom_rep.sh文件拷贝到系统中的/data目录下并执行。在这个过程中没有校验custom.sh和custom_rep.sh文件，可能导致攻击者伪造文件并使IVI系统执行攻击者代码。,待补充,,fix.sh = 1.0,2025-06-16
某车型,车载系统,车载系统,,某车型系统开启了/usr/sbin/ftpd的ftp服务，该服务通过PAM框架进行认证。但该系统认证ftp服务的pam配置文件/etc/pam.d/ftpd中，配置了任意用户的访问，ftp服务不做任何认证检查。可能导致非授权访问并造成信息篡改和泄露。,待补充,,ftpd = 7.0.0,2025-06-16
Vim,文本编辑器,vim,CVE-2022-2257,vim是一个高度可配置的文本编辑器，用于有效地创建和更改任何类型的文本。它最初是为在 Unix 系统上的文本编辑而设计的，但现在几乎所有操作系统上都可以使用，包括 Windows、macOS 和各种 Linux 发行版。智能网联汽车中可能使用该组件。vim组件中msg_outtrans_special等函数存在越界读取漏洞，可能导致程序崩溃、信息泄露或执行恶意代码。,待补充,https://github.com/vim/vim/commit/083692d598139228e101b8c521aaef7bcf256e9a,vim < 9.0.0009,2025-06-13
Vim,文本编辑器,vim,CVE-2022-2264,vim是一个高度可配置的文本编辑器，用于有效地创建和更改任何类型的文本。它最初是为在 Unix 系统上的文本编辑而设计的，但现在几乎所有操作系统上都可以使用，包括 Windows、macOS 和各种 Linux 发行版。智能网联汽车中可能使用该组件。vim组件中inc等函数存在堆缓冲区溢出漏洞，可能导致系统拒绝服务。,待补充,https://github.com/vim/vim/commit/d25f003342aca9889067f2e839963dfeccf1fe05,vim < 9.0.0011,2025-06-13
Vim,文本编辑器,vim,CVE-2022-2210,vim是一个高度可配置的文本编辑器，用于有效地创建和更改任何类型的文本。它最初是为在 Unix 系统上的文本编辑而设计的，但现在几乎所有操作系统上都可以使用，包括 Windows、macOS 和各种 Linux 发行版。智能网联汽车中可能使用该组件。vim组件中ml_append_int等函数存在越界写入漏洞，可能导致系统拒绝服务。,待补充,https://github.com/vim/vim/commit/c101abff4c6756db4f5e740fde289decb9452efa,vim < 8.2.5164,2025-06-12
Vim,文本编辑器,vim,CVE-2022-2124,vim是一个高度可配置的文本编辑器，用于有效地创建和更改任何类型的文本。它最初是为在 Unix 系统上的文本编辑而设计的，但现在几乎所有操作系统上都可以使用，包括 Windows、macOS 和各种 Linux 发行版。智能网联汽车中可能使用该组件。vim组件中current_quote函数存在缓冲区溢出漏洞，可能导致系统拒绝服务。,待补充,https://github.com/vim/vim/commit/2f074f4685897ab7212e25931eeeb0212292829f,vim < 8.2.5120,2025-06-12
Vim,文本编辑器,vim,CVE-2022-1897,vim 是一个高度可配置的文本编辑器，用于有效地创建和更改任何类型的文本。它最初是为在 Unix 系统上的文本编辑而设计的，但现在几乎所有操作系统上都可以使用，包括 Windows、macOS 和各种 Linux 发行版。智能网联汽车中可能使用该组件。vim组件中vim_regsub_both 等函数存在内存越界写入漏洞，可能导致系统拒绝服务。,待补充,https://github.com/vim/vim/commit/338f1fc0ee3ca929387448fe464579d6113fa76a,vim < 8.0.5023,2025-06-11
Vim,文本编辑器,vim,CVE-2022-1898,vim 是一个高度可配置的文本编辑器，用于有效地创建和更改任何类型的文本。它最初是为在 Unix 系统上的文本编辑而设计的，但现在几乎所有操作系统上都可以使用，包括 Windows、macOS 和各种 Linux 发行版。智能网联汽车中可能使用该组件。vim组件中vim_regsub_both 等函数存在内存越界写入漏洞，可能导致系统拒绝服务。,待补充,https://github.com/vim/vim/commit/e2fa213cf571041dbd04ab0329303ffdc980678a,vim < 8.0.5024,2025-06-11
Vim,文本编辑器,vim,CVE-2022-1886,vim 是一个高度可配置的文本编辑器，用于有效地创建和更改任何类型的文本。它最初是为在 Unix 系统上的文本编辑而设计的，但现在几乎所有操作系统上都可以使用，包括 Windows、macOS 和各种 Linux 发行版。智能网联汽车中可能使用该组件。vim组件中utf_head_off等函数存在堆缓冲区溢出漏洞，可能导致系统拒绝服务。,待补充,https://github.com/vim/vim/commit/2a585c85013be22f59f184d49612074fd9b115d7,vim < 8.2.5016,2025-06-10
Linux_kernel,操作系统内核,linux_kernel,CVE-2022-0742,linux_kernel是美国Linux基金会发布的操作系统Linux所使用的内核。其内核也常用在汽车IVI、TBOX、网关、自动驾驶域控制器等零部件的开源操作系统中。智能网联汽车中可能使用该组件。linux_kernel组件中icmp6存在内存泄漏漏洞，可能导致系统拒绝服务。,待补充,https://git.kernel.org/pub/scm/linux/kernel/git/torvalds/linux.git/commit/?id=2d3916f3189172d5c69d33065c3c21119fe539fc,"5.13 <= linux_kernel < 5.15.27;
5.16 <= linux_kernel < 5.16.13;
linux_kernel = 5.17-rc1;
linux_kernel = 5.17-rc2;
linux_kernel = 5.17-rc3;
linux_kernel = 5.17-rc4;
linux_kernel = 5.17-rc5;
linux_kernel = 5.17-rc6",2025-06-10
Vim,文本编辑器,vim,CVE-2022-0685,vim是一个高度可配置的文本编辑器，用于有效地创建和更改任何类型的文本。它最初是为在 Unix 系统上的文本编辑而设计的，但现在几乎所有操作系统上都可以使用，包括 Windows、macOS 和各种 Linux 发行版。智能网联汽车中可能使用该组件。vim组件中vim_isupper等函数存在越界指针偏移漏洞，该漏洞可能导致程序崩溃、信息泄露或执行恶意代码。,待补充,https://github.com/vim/vim/commit/5921aeb5741fc6e84c870d68c7c35b93ad0c9f87,vim < 8.2.4418,2025-06-09
Vim,文本编辑器,vim,CVE-2022-0729,vim是一个高度可配置的文本编辑器，用于有效地创建和更改任何类型的文本。它最初是为在 Unix 系统上的文本编辑而设计的，但现在在几乎所有操作系统上都可以使用，包括 Windows、macOS 和各种 Linux 发行版。智能网联汽车中可能使用该组件。vim组件中regmatch等函数存在越界指针偏移漏洞，攻击者可能利用此漏洞导致程序崩溃、信息泄露或执行恶意代码。,待补充,https://github.com/vim/vim/commit/6456fae9ba8e72c74b2c0c499eaf09974604ff30,vim < 8.2.4440,2025-06-09
Vim,文本编辑器,vim,CVE-2022-1769,vim 是一个高度可配置的文本编辑器，用于有效地创建和更改任何类型的文本。它最初是为在 Unix 系统上的文本编辑而设计的，但现在几乎所有操作系统上都可以使用，包括 Windows、macOS 和各种 Linux 发行版。智能网联汽车中可能使用该组件。vim组件中get_one_sourceline函数存在缓冲区越界读取漏洞，攻击者可能利用此漏洞，导致软件崩溃、修改内存内容，甚至可能实现远程代码执行。,待补充,https://github.com/vim/vim/commit/4748c4bd64610cf943a431d215bb1aad51f8d0b4,vim < 8.2.4974,2025-06-06
Vim,文本编辑器,vim,CVE-2022-1735,vim 是一个高度可配置的文本编辑器，用于有效地创建和更改任何类型的文本。它最初是为在 Unix 系统上的文本编辑而设计的，但现在几乎所有操作系统上都可以使用，包括 Windows、macOS 和各种 Linux 发行版。智能网联汽车中可能使用该组件。vim组件中utfc_ptr2len函数存在缓冲区溢出漏洞，攻击者可能利用此漏洞，导致软件崩溃、修改内存内容，甚至实现远程代码执行。,待补充,https://github.com/vim/vim/commit/7ce5b2b590256ce53d6af28c1d203fb3bc1d2d97,vim < 8.2.4969,2025-06-06
Vim,文本编辑器,vim,CVE-2022-1733,vim 是一个高度可配置的文本编辑器，用于有效地创建和更改任何类型的文本。它最初是为在 Unix 系统上的文本编辑而设计的，但现在几乎所有操作系统上都可以使用，包括 Windows、macOS 和各种 Linux 发行版。智能网联汽车中可能使用该组件。vim组件中skip_string等函数存在堆缓冲区溢出漏洞，攻击者可能利用此漏洞，导致软件崩溃、修改内存内容，并可能实现远程代码执行。,待补充,https://github.com/vim/vim/commit/60ae0e71490c97f2871a6344aca61cacf220f813,vim < 8.2.4968,2025-06-05
Linux_kernel,操作系统内核,linux_kernel,CVE-2022-1734,linux_kernel是美国Linux基金会发布的操作系统Linux所使用的内核。其内核也常用在汽车IVI、TBOX、网关、自动驾驶域控制器等零部件的开源操作系统中。智能网联汽车中可能使用该组件。linux_kernel组件中nfcmrvl_nci_unregister_dev等函数存在释放后使用漏洞，攻击者可以利用此漏洞，实现远程代码执行（RCE），从而控制受影响的系统。,待补充,https://github.com/torvalds/linux/commit/d270453a0d9ec10bb8a802a142fb1b3601a83098,"linux_kernel < 5.18;
linux_kernel = 5.18-rc1;
linux_kernel = 5.18-rc2;
linux_kernel = 5.18-rc3;
linux_kernel = 5.18-rc4;
linux_kernel = 5.18-rc5",2025-06-05
Vim,文本编辑器,vim,CVE-2022-0629,vim是一个高度可配置的文本编辑器，用于有效地创建和更改任何类型的文本。它最初是为在 Unix 系统上的文本编辑而设计的，但现在几乎所有操作系统上都可以使用，包括 Windows、macOS 和各种 Linux 发行版。智能网联汽车中可能使用该组件。vim组件中ga_concat_shorten_esc等函数存在栈缓冲区溢出漏洞，攻击者可能利用该漏洞，导致任意代码执行。,待补充,https://github.com/vim/vim/commit/34f8117dec685ace52cd9e578e2729db278163fc,vim < 8.2.4397,2025-06-04
Linux_kernel,操作系统内核,linux_kernel,CVE-2022-1729,linux_kernel是美国Linux基金会发布的操作系统Linux所使用的内核。其内核也常用在汽车IVI、TBOX、网关、自动驾驶域控制器等零部件的开源操作系统中。智能网联汽车中经常使用该组件。linux_kernel组件中perf_event_open函数存在竞态条件漏洞，可能导致系统拒绝服务。,待补充,https://git.kernel.org/pub/scm/linux/kernel/git/torvalds/linux.git/commit/?id=3ac6487e584a1eb54071dbe1212e05b884136704,"3.2.85 <= linux_kernel < 3.3;
3.16.40 <= linux_kernel < 3.17;
3.18.54 <= linux_kernel < 3.19;
4.0.0 <= linux_kernel < 4.9.316;
4.10 <= linux_kernel < 4.14.281;
4.15 <= linux_kernel < 4.19.245;
4.20 <= linux_kernel < 5.4.196;
5.5.0 <= linux_kernel < 5.10.118;
5.11 <= linux_kernel < 5.15.42;
5.16 <= linux_kernel < 5.17.10",2025-06-04
Vim,文本编辑器,vim,CVE-2022-0261,vim是一个高度可配置的文本编辑器，用于有效地创建和更改任何类型的文本。它最初是为在Unix系统上的文本编辑而设计的，但现在在几乎所有操作系统上都可以使用，包括Windows、macOS和各种Linux发行版。智能网联汽车中可能使用该组件。vim组件中block_insert函数存在堆缓冲区溢出漏洞，此漏洞可能导致软件崩溃、修改内存内容，并可能实现远程代码执行。,待补充,https://github.com/vim/vim/commit/9f8c304c8a390ade133bac29963dc8e56ab14cbc,vim < 8.2.4120,2025-06-03
Linux_kernel,操作系统内核,linux_kernel,CVE-2022-0185,linux_kernel是美国Linux基金会发布的操作系统Linux所使用的内核。其内核也常用在汽车IVI、TBOX、网关、自动驾驶域控制器等零部件的开源操作系统中。智能网联汽车中可能使用该组件。linux_kernel组件中legacy_parse_param函数存在堆缓冲区溢出漏洞，攻击者可能利用此漏洞提升系统权限。,待补充,https://git.kernel.org/pub/scm/linux/kernel/git/torvalds/linux.git/commit/?id=722d94847de2,"5.1 <= linux_kernel < 5.4.173;
5.5 <= linux_kernel < 5.10.93;
5.11 <= linux_kernel < 5.15.16;
5.16 <= linux_kernel < 5.16.2",2025-06-03
某车型,车载系统,远程信息处理单元(TBOX),,某车型的tbox系统中/oemapp/bin/TeeMgrService程序中硬编码了解析MQTT认证私钥文件的aes解密密钥，并且给出了解析后密钥文件的位置，会导致MQTT的认证机制失效。,待补充,,TeeMgrService,2025-05-30
Vim,文本编辑器,vim,CVE-2022-0128,vim是一个高度可配置的文本编辑器，用于有效地创建和更改任何类型的文本。它最初是为在Unix系统上的文本编辑而设计的，但现在在几乎所有操作系统上都可以使用，包括Windows、macOS和各种Linux发行版。智能网联汽车中可能使用该组件。vim组件中compile_def_function等函数存在越界读取漏洞，可能导致系统拒绝服务。,待补充,https://github.com/vim/vim/commit/d3a117814d6acbf0dca3eff1a7626843b9b3734a,vim < 8.2.4009,2025-05-30
Linux_kernel,操作系统内核,linux_kernel,CVE-2022-1882,linux_kernel是美国Linux基金会发布的操作系统Linux所使用的内核。其内核也常用在汽车IVI、TBOX、网关、自动驾驶域控制器等零部件的开源操作系统中。智能网联汽车中经常使用该组件。linux_kernel组件中post_one_notification函数存在释放后使用漏洞，可能导致系统拒绝服务。,待补充,https://git.kernel.org/pub/scm/linux/kernel/git/torvalds/linux.git/commit/?id=353f7988dd8413c4,"5.10.106 <= linux_kernel < 5.10.134;
5.15.29 <= linux_kernel < 5.15.58;
5.16.15 <= linux_kernel < 5.18.15",2025-05-29
Vim,文本编辑器,vim,CVE-2022-1851,vim 是一个高度可配置的文本编辑器，用于有效地创建和更改任何类型的文本。它最初是为在 Unix 系统上的文本编辑而设计的，但现在几乎所有操作系统上都可以使用，包括 Windows、macOS 和各种 Linux 发行版。智能网联汽车中可能使用该组件。vim组件中op_format等函数存在越界读取漏洞，攻击者可能利用此漏洞修改内存以及实现远程执行（RCE），从而控制受影响的系统。,待补充,https://github.com/vim/vim/commit/78d52883e10d71f23ab72a3d8b9733b00da8c9ad,vim < 8.2.5013,2025-05-29
Vim,文本编辑器,vim,CVE-2022-1796,vim 是一个高度可配置的文本编辑器，用于有效地创建和更改任何类型的文本。它最初是为在 Unix 系统上的文本编辑而设计的，但现在几乎所有操作系统上都可以使用，包括 Windows、macOS 和各种 Linux 发行版。智能网联汽车中可能使用该组件。vim组件中的do_window等函数存在释放后使用漏洞，攻击者可能利用此漏洞，实现远程代码执行（RCE），从而控制受影响的系统。,待补充,https://github.com/vim/vim/commit/28d032cc688ccfda18c5bbcab8b50aba6e18cde5,vim < 8.2.4979,2025-05-28
Linux_kernel,操作系统内核,linux_kernel,CVE-2022-1786,linux_kernel是美国Linux基金会发布的操作系统Linux所使用的内核。其内核也常用在汽车IVI、TBOX、网关、自动驾驶域控制器等零部件的开源操作系统中。智能网联汽车中经常使用该组件。linux_kernel组件中io_uring存在释放后使用漏洞，可能导致系统拒绝服务。,待补充,https://git.kernel.org/pub/scm/linux/kernel/git/stable/linux.git/commit/?h=linux-5.10.y&id=29f077d070519a88a793fbc70f1e6484dc6d9e35,5.10 <= linux_kernel < 5.12,2025-05-28
Vim,文本编辑器,vim,CVE-2022-1785,vim 是一个高度可配置的文本编辑器，用于有效地创建和更改任何类型的文本。它最初是为在 Unix 系统上的文本编辑而设计的，但现在几乎所有操作系统上都可以使用，包括 Windows、macOS 和各种 Linux 发行版。智能网联汽车中可能使用该组件。vim组件中ex_substitute等函数存在越界写入漏洞，可能导致系统拒绝服务。,待补充,https://github.com/vim/vim/commit/e2bd8600b873d2cd1f9d667c28cba8b1dba18839,vim < 8.2.4977,2025-05-27
Linux_kernel,操作系统内核,linux_kernel,CVE-2022-1679,linux_kernel是美国Linux基金会发布的操作系统Linux所使用的内核。其内核也常用在汽车IVI、TBOX、网关、自动驾驶域控制器等零部件的开源操作系统中。智能网联汽车中经常使用该组件。linux_kernel组件中无线适配器驱动存在释放后使用漏洞，可能导致系统拒绝服务。,待补充,https://lore.kernel.org/lkml/87ilqc7jv9.fsf%40kernel.org/t/,"2.6.35 <= linux_kernel < 4.14.291;
4.15 <= linux_kernel < 4.19.256;
4.20 <= linux_kernel < 5.4.211;
5.5 <= linux_kernel < 5.10.137;
5.11 <= linux_kernel < 5.15.61;
5.16 <= linux_kernel < 5.18.18;
5.19 <= linux_kernel < 5.19.2",2025-05-27
Linux_kernel,操作系统内核,linux_kernel,CVE-2022-1671,linux_kernel是美国Linux基金会发布的操作系统Linux所使用的内核。其内核也常用在汽车IVI、TBOX、网关、自动驾驶域控制器等零部件的开源操作系统中。智能网联汽车中经常使用该组件。linux_kernel组件中rxrpc_preparse_s函数存在空指针解引用漏洞，可能导致系统拒绝服务。,待补充,https://git.kernel.org/pub/scm/linux/kernel/git/torvalds/linux.git/commit/?id=ff8376ade4f668130385839cef586a0990f8ef87,"5.11 <= linux_kernel < 5.15.33;
5.16 <= linux_kernel < 5.16.19;
5.17 <= linux_kernel < 5.17.2",2025-05-26
Linux_kernel,操作系统内核,linux_kernel,CVE-2022-1678,linux_kernel是美国Linux基金会发布的操作系统Linux所使用的内核。其内核也常用在汽车IVI、TBOX、网关、自动驾驶域控制器等零部件的开源操作系统中。智能网联汽车中经常使用该组件。linux_kernel组件中TCP pacing存在内存泄露漏洞，可能导致系统拒绝服务。,待补充,https://github.com/torvalds/linux/commit/0a70f118475e037732557796accd0878a00fc25a,4.18 <= linux_kernel <= 4.19,2025-05-26
Linux_kernel,操作系统内核,linux_kernel,CVE-2022-1652,linux_kernel是美国Linux基金会发布的操作系统Linux所使用的内核。其内核也常用在汽车IVI、TBOX、网关、自动驾驶域控制器等零部件的开源操作系统中。智能网联汽车中经常使用该组件。linux_kernel组件中bad_flp_intr函数存在释放后使用漏洞，攻击者利用该漏洞可在系统上执行任意代码或导致拒绝服务。,待补充,https://git.kernel.org/pub/scm/linux/kernel/git/torvalds/linux.git/commit?id=3ca44c16b0dcc764b641ee4ac226909f5c421aa3,"2.6.12 <= linux_kernel < 4.9.316;
4.10 <= linux_kernel < 4.14.281;
4.15 <= linux_kernel < 4.19.245;
4.20 <= linux_kernel < 5.4.196;
5.5 <= linux_kernel < 5.10.118;
5.11 <= linux_kernel < 5.15.42;
5.16 <= linux_kernel < 5.17.10",2025-05-23
Linux_kernel,操作系统内核,linux_kernel,CVE-2022-1651,linux_kernel是美国Linux基金会发布的操作系统Linux所使用的内核。其内核也常用在汽车IVI、TBOX、网关、自动驾驶域控制器等零部件的开源操作系统中。linux_kernel组件中acrn_dev_ioctl函数存在内存泄露漏洞，可能导致拒绝服务。,待补充,https://git.kernel.org/pub/scm/linux/kernel/git/torvalds/linux.git/commit/?id=ecd1735f14d6ac868ae5d8b7a2bf193fa11f388b,"5.12 <= linux_kernel < 5.15.33;
5.16 <= linux_kernel < 5.16.19;
5.17 <= linux_kernel < 5.17.2",2025-05-23
Linux_kernel,操作系统内核,linux_kernel,CVE-2022-1353,linux_kernel是美国Linux基金会发布的操作系统Linux所使用的内核。其内核也常用在汽车IVI、TBOX、网关、自动驾驶域控制器等零部件的开源操作系统中。智能网联汽车中可能使用该组件。linux_kernel组件中pfkey_register函数存在权限提升漏洞，攻击者可能利用此漏洞获取敏感的内核信息，甚至导致系统崩溃。,待补充,https://lore.kernel.org/all/20220321215240.490132-2-sashal@kernel.org/,"linux_kernel < 5.17;
linux_kernel = 5.17-rc1;
linux_kernel = 5.17-rc2;
linux_kernel = 5.17-rc3;
linux_kernel = 5.17-rc4;
linux_kernel = 5.17-rc5;
linux_kernel = 5.17-rc6;
linux_kernel = 5.17-rc7;
linux_kernel = 5.17-rc8",2025-05-22
Linux_kernel,操作系统内核,linux_kernel,CVE-2022-1199,linux_kernel是美国Linux基金会发布的操作系统Linux所使用的内核。其内核也常用在汽车IVI、TBOX、网关、自动驾驶域控制器等零部件的开源操作系统中。智能网联汽车中可能使用该组件。linux_kernel组件中ax25_kill_by_device等函数存在空指针解引用和释放后使用漏洞，可能导致系统拒绝服务。,待补充,https://github.com/torvalds/linux/commit/71171ac8eb34ce7fe6b3267dce27c313ab3cb3ac,"linux_kernel <= 5.17.14;
linux_kernel = 5.18;
linux_kernel = 5.18-rc1;
linux_kernel = 5.18-rc2;
linux_kernel = 5.18-rc3",2025-05-22
Vim,文本编辑器,vim,CVE-2022-1154,vim 是一个高度可配置的文本编辑器，用于有效地创建和更改任何类型的文本。它最初是为在 Unix 系统上的文本编辑而设计的，但现在几乎所有操作系统上都可以使用，包括 Windows、macOS 和各种 Linux 发行版。智能网联汽车可能使用该组件。vim 组件中utf_ptr2char函数存在释放后使用漏洞，可能导致系统拒绝服务。,待补充,https://github.com/vim/vim/commit/b55986c52d4cd88a22d0b0b0e8a79547ba13e1d5,vim < 8.2.4646,2025-05-21
Vim,文本编辑器,vim,CVE-2022-1160,vim 是一个高度可配置的文本编辑器，用于有效地创建和更改任何类型的文本。它最初是为在 Unix 系统上的文本编辑而设计的，但现在几乎所有操作系统上都可以使用，包括 Windows、macOS 和各种 Linux 发行版。智能网联汽车中可能使用该组件。vim组件中 get_one_sourceline 函数存在堆缓冲区溢出漏洞，攻击者可能利用此漏洞，使软件崩溃、绕过保护机制、修改内存，以及实现远程代码执行（RCE），从而控制受影响的系统。,待补充,https://github.com/vim/vim/commit/2bdad6126778f907c0b98002bfebf0e611a3f5db,vim < 8.2.4647,2025-05-21
Linux_kernel,操作系统内核,linux_kernel,CVE-2022-0998,linux_kernel是美国Linux基金会发布的操作系统Linux所使用的内核。其内核也常用在汽车IVI、TBOX、网关、自动驾驶域控制器等零部件的开源操作系统中。Linux内核的vhost_vdpa_config_validate函数存在整数溢出漏洞，可能导致系统拒绝服务。,待补充,https://lore.kernel.org/netdev/20220123001216.2460383-13-sashal@kernel.org/,"5.7 <= linux_kernel < 5.10.88;
5.11 <= linux_kernel < 5.15.11",2025-05-20
Linux_kernel,操作系统内核,linux_kernel,CVE-2022-1116,linux_kernel是美国Linux基金会发布的操作系统Linux所使用的内核。其内核也常用在汽车IVI、TBOX、网关、自动驾驶域控制器等零部件的开源操作系统中。智能网联汽车中经常使用该组件。linux_kernel的io_uring存在整数溢出或回绕漏洞，攻击者可能利用此漏洞通过内存破坏实现权限提升。,待补充,https://git.kernel.org/pub/scm/linux/kernel/git/stable/linux.git/commit/fs/io_uring.c?h=v5.4.189&id=1a623d361ffe5cecd4244a02f449528416360038,5.4.24 <= linux_kernel < 5.4.189,2025-05-20
Linux_kernel,操作系统内核,linux_kernel,CVE-2022-0995,linux_kernel是美国Linux基金会发布的操作系统Linux所使用的内核。其内核也常用在汽车IVI、TBOX、网关、自动驾驶域控制器等零部件的开源操作系统中。Linux内核的watch_queue函数中存在越界 (OOB) 内存写入漏洞。可能导致系统拒绝服务。,待补充,https://git.kernel.org/pub/scm/linux/kernel/git/torvalds/linux.git/commit/?id=93ce93587d36493f2f86921fa79921b3cba63fbb,"5.8 <= linux_kernel < 5.10.106;
5.11 <= linux_kernel < 5.15.29;
5.16 <= linux_kernel < 5.16.5;
linux_kernel = 5.17-rc1;
linux_kernel = 5.17-rc2;
linux_kernel = 5.17-rc3;
linux_kernel = 5.17-rc4;
linux_kernel = 5.17-rc5;
linux_kernel = 5.17-rc6;
linux_kernel = 5.17-rc7",2025-05-19
Vim,文本编辑器,vim,CVE-2022-0943,vim 是一个高度可配置的文本编辑器，用于有效地创建和更改任何类型的文本。它最初是为在 Unix 系统上的文本编辑而设计的，但现在几乎所有操作系统上都可以使用，包括 Windows、macOS 和各种 Linux 发行版。智能网联汽车中可能使用该组件。vim组件中spell_suggest等函数存在堆缓冲区溢出漏洞。攻击者可能利用此漏洞，实现远程代码执行（RCE），从而控制受影响的系统。,待补充,https://github.com/vim/vim/commit/5c68617d395f9d7b824f68475b24ce3e38d653a3,vim < 8.2.4563,2025-05-19
某车型,车载系统,车载系统,,某车型的IVI系统中，/system/app/IncallAirCondition/IncallAirConditioner.apk应用程序中，CarHavcManager类的setIntProperty方法未做调用身份认证和权限限制，导致可以在系统注入的攻击者能够调用该方法，控制车辆空调状态。,待补充,,B.2.2.5,2025-05-16
Linux_kernel,操作系统内核,linux_kernel,CVE-2022-0850,linux_kernel是美国Linux基金会发布的操作系统Linux所使用的内核。其内核也常用在汽车IVI、TBOX、网关、自动驾驶域控制器等零部件的开源操作系统中。智能网联汽车中经常使用该组件。Linux内核的ext4_extent_header函数存在信息泄漏漏洞，可能导致内核中的信息泄露。,待补充,https://git.kernel.org/pub/scm/linux/kernel/git/torvalds/linux.git/commit/?id=ce3aba43599f0b50adbebff133df8d08a3d5fffe,"linux_kernel < 4.4.276;
4.5 <= linux_kernel < 4.9.276;
4.10 <= linux_kernel < 4.14.240;
4.15 <= linux_kernel < 4.19.198;
4.20 <= linux_kernel < 5.4.132;
5.5.0 <= linux_kernel < 5.10.50;
5.11 <= linux_kernel < 5.12.17;
5.13 <= linux_kernel < 5.13.2",2025-05-16
Vim,文本编辑器,vim,CVE-2022-0554,vim是一个高度可配置的文本编辑器，用于有效地创建和更改任何类型的文本。它最初是为在 Unix 系统上的文本编辑而设计的，但现在在几乎所有操作系统上都可以使用，包括 Windows、macOS 和各种 Linux 发行版。智能网联汽车中可能使用该组件。vim组件中do_buffer_ext等函数存在越界访问漏洞，可能导致系统崩溃。,待补充,https://github.com/vim/vim/commit/e3537aec2f8d6470010547af28dcbd83d41461b8,vim < 8.2.4327,2025-05-15
Vim,文本编辑器,vim,CVE-2022-0572,vim是一个高度可配置的文本编辑器，用于有效地创建和更改任何类型的文本。它最初是为在 Unix 系统上的文本编辑而设计的，但现在在几乎所有操作系统上都可以使用，包括 Windows、macOS 和各种 Linux 发行版。智能网联汽车中可能使用该组件。vim组件中ex_retab等函数存在堆缓冲区溢出漏洞，攻击者可能利用此漏洞，实现远程代码执行（RCE），从而控制受影响的系统。,待补充,https://github.com/vim/vim/commit/6e28703a8e41f775f64e442c5d11ce1ff599aa3f,vim < 8.2.4359,2025-05-15
Linux_kernel,操作系统内核,linux_kernel,CVE-2022-0516,linux_kernel是美国Linux基金会发布的操作系统Linux所使用的内核。其内核也常用在汽车IVI、TBOX、网关、自动驾驶域控制器等零部件的开源操作系统中。智能网联汽车中可能使用该组件。linux_kernel组件中kvm_s390_guest_sida_op函数存在越权内存写入漏洞，攻击者可以利用此漏洞提升系统权限。,待补充,https://git.kernel.org/pub/scm/linux/kernel/git/torvalds/linux.git/commit/?id=09a93c1df3eafa43bcdfd7bf837c574911f12f55,"linux_kernel < 5.17;
linux_kernel = 5.17-rc1;
linux_kernel = 5.17-rc2;
linux_kernel = 5.17-rc3",2025-05-14
Redis,软件组件,redis,CVE-2022-0543,redis（Remote Dictionary Server）是一种开源的内存数据库和缓存系统，具有高性能和多功能性的特点广泛用于缓存、实时分析、消息队列、会话存储等各种场景。智能网联汽车中可能使用该组件。智能网联汽车中可能使用该组件。Redis组件由于打包问题，在Debian系统中存在特定的Lua沙盒逃逸漏洞，攻击者可能利用该漏洞实现远程代码执行。,待补充,https://bugs.debian.org/cgi-bin/bugreport.cgi?bug=1005787,所有版本,2025-05-14
Linux_kernel,操作系统内核,linux_kernel,CVE-2022-0500,linux_kernel是美国Linux基金会发布的操作系统Linux所使用的内核。其内核也常用在汽车IVI、TBOX、网关、自动驾驶域控制器等零部件的开源操作系统中。智能网联汽车中可能使用该组件。linux_kernel组件中 BPF_BTF_LOAD存在权限提升漏洞，攻击者可以利用此漏洞提升系统权限。,待补充,https://git.kernel.org/pub/scm/linux/kernel/git/torvalds/linux.git/commit/?id=20b2aff4bc15bda809f994761d5719827d66c0b4,"5.10 <= linux_kernel < 5.15.37;
5.16 <= linux_kernel < 5.16.11",2025-05-13
Linux_kernel,操作系统内核,linux_kernel,CVE-2022-0492,linux_kernel是美国Linux基金会发布的操作系统Linux所使用的内核。其内核也常用在汽车IVI、TBOX、网关、自动驾驶域控制器等零部件的开源操作系统中。智能网联汽车中可能使用该组件。linux_kernel组件中cgroup_release_agent_write函数存在权限提升漏洞，攻击者可能利用此漏洞提升权限。,待补充,https://git.kernel.org/pub/scm/linux/kernel/git/torvalds/linux.git/commit/?id=24f6008564183aa120d07c03d9289519c2fe02af,"2.6.24 <= linux_kernel < 4.9.301;
4.10 <= linux_kernel < 4.14.266; 
4.15 <= linux_kernel < 4.19.229;
4.20 <= linux_kernel < 5.4.177;
5.5 <= linux_kernel < 5.10.97;
5.11 <= linux_kernel < 5.15.20;
5.16 <= linux_kernel < 5.16.6;
linux_kernel = 5.17-rc1;
linux_kernel = 5.17-rc2",2025-05-13
Linux_kernel,操作系统内核,linux_kernel,CVE-2022-0435,linux_kernel是美国Linux基金会发布的操作系统Linux所使用的内核。其内核也常用在汽车IVI、TBOX、网关、自动驾驶域控制器等零部件的开源操作系统中。智能网联汽车中经常使用该组件。linux_kernel组件tipc_link_proto_rcv等函数存在堆栈溢出漏洞，可能导致系统拒绝服务。,待补充,https://github.com/torvalds/linux/commit/9aa422ad326634b76309e8ff342c246800621216,"4.8 <= linux_kernel < 4.9.301;
4.10 <= linux_kernel < 4.14.266;
4.15 <= linux_kernel < 4.19.229;
4.20 <= linux_kernel < 5.4.179;
5.5 <= linux_kernel < 5.10.100;
5.11 <= linux_kernel < 5.15.23;
5.16 <= linux_kernel < 5.16.9;
linux_kernel = 5.17;
linux_kernel = 5.17-rc1;
linux_kernel = 5.17-rc2;
linux_kernel = 5.17-rc3",2025-05-12
Vim,文本编辑器,vim,CVE-2022-0443,vim 是一个高度可配置的文本编辑器，用于有效地创建和更改任何类型的文本。它最初是为在 Unix 系统上的文本编辑而设计的，但现在几乎所有操作系统上都可以使用，包括 Windows、macOS 和各种 Linux 发行版。智能网联汽车中可能使用该组件。vim组件set_curbuf等函数存在释放后使用漏洞，攻击者可能利用此漏洞，实现远程代码执行（RCE），从而控制受影响的系统。,待补充,https://github.com/vim/vim/commit/9b4a80a66544f2782040b641498754bcb5b8d461,vim < 8.2.4281,2025-05-12
Vim,文本编辑器,vim,CVE-2022-0417,vim 是一个高度可配置的文本编辑器，用于有效地创建和更改任何类型的文本。它最初是为在 Unix 系统上的文本编辑而设计的，但现在几乎所有操作系统上都可以使用，包括 Windows、macOS 和各种 Linux 发行版。智能网联汽车中可能使用该组件。vim组件tabstop_set等函数存在堆缓冲区溢出漏洞，攻击者可能利用此漏洞，实现远程代码执行（RCE），从而控制受影响的系统。,待补充,https://github.com/vim/vim/commit/652dee448618589de5528a9e9a36995803f5557a,vim < 8.2.4245,2025-05-09
Vim,文本编辑器,vim,CVE-2022-0413,vim 是一个高度可配置的文本编辑器，用于有效地创建和更改任何类型的文本。它最初是为在 Unix 系统上的文本编辑而设计的，但现在几乎所有操作系统上都可以使用，包括 Windows、macOS 和各种 Linux 发行版。智能网联汽车中可能使用该组件。vim组件ex_substitute等函数存在释放后使用漏洞，可能导致系统拒绝服务。,待补充,https://github.com/vim/vim/commit/37f47958b8a2a44abc60614271d9537e7f14e51a,vim < 8.2.4253,2025-05-09
某车型,车载系统,车载信息娱乐系统(IVI),,某车型中IVI系统的adb pull功能未做访问认证，使得攻击者可以下载/system/bin/adbd程序，而adbd程序中StartSubprocess函数泄露了adbd程序的认证逻辑/system/bin/verify_sh。再次通过adb pull下载/system/bin/verify_sh，该程序中可被逆向出adb密码。,待补充,,adbd = 1.0.40,2025-05-08
Vim,文本编辑器,vim,CVE-2022-0408,vim 是一个高度可配置的文本编辑器，用于有效地创建和更改任何类型的文本。它最初是为在 Unix 系统上的文本编辑而设计的，但现在几乎所有操作系统上都可以使用，包括 Windows、macOS 和各种 Linux 发行版。智能网联汽车中可能使用该组件。vim组件suggest_try_change等函数存在栈缓冲区溢出漏洞，可能导致系统拒绝服务。,待补充,https://github.com/vim/vim/commit/06f15416bb8d5636200a10776f1752c4d6e49f31,vim < 8.2.4247,2025-05-08
某车型,车载系统,车载信息娱乐系统(IVI),,某车型IVI系统的内核中kernel/ptrace.c文件的 ptrace_link 函数存在漏洞，可能导致系统崩溃。,待补充,https://git.kernel.org/pub/scm/linux/kernel/git/torvalds/linux.git/commit/?id=6994eefb0053799d2e07cd140df6c2ea106c41ee,linux kernel < 5.1.17,2025-05-07
Vim,文本编辑器,vim,CVE-2022-0407,vim 是一个高度可配置的文本编辑器，用于有效地创建和更改任何类型的文本。它最初是为在 Unix 系统上的文本编辑而设计的，但现在几乎所有操作系统上都可以使用，包括 Windows、macOS 和各种 Linux 发行版。智能网联汽车中可能使用该组件。vim组件中yank_copy_line等函数存在堆缓冲区溢出漏洞，可能导致系统崩溃。,待补充,https://github.com/vim/vim/commit/44db8213d38c39877d2148eff6a72f4beccfb94e,vim < 8.2.4219,2025-05-07
Vim,文本编辑器,vim,CVE-2022-0392,vim 是一个高度可配置的文本编辑器，用于有效地创建和更改任何类型的文本。它最初是为在 Unix 系统上的文本编辑而设计的，但现在几乎所有操作系统上都可以使用，包括 Windows、macOS 和各种 Linux 发行版。智能网联汽车中可能使用该组件。vim组件中bracketed_paste等函数存在堆缓冲区溢出漏洞，攻击者可以利用此漏洞，实现远程代码执行（RCE），从而控制受影响的系统。,待补充,https://github.com/vim/vim/commit/806d037671e133bd28a7864248763f643967973a,vim < 8.2.4218,2025-05-06
Vim,文本编辑器,vim,CVE-2022-0393,vim 是一个高度可配置的文本编辑器，用于有效地创建和更改任何类型的文本。它最初是为在 Unix 系统上的文本编辑而设计的，但现在几乎所有操作系统上都可以使用，包括 Windows、macOS 和各种 Linux 发行版。智能网联汽车中可能使用该组件。vim组件中add_buff等函数存在越界读取漏洞，这会允许攻击者从其它内存位置读取敏感信息或导致服务崩溃。,待补充,https://github.com/vim/vim/commit/a4bc2dd7cccf5a4a9f78b58b6f35a45d17164323,vim < 8.2.4233,2025-05-06
Vim,文本编辑器,vim,CVE-2022-0368,vim 是一个高度可配置的文本编辑器，用于有效地创建和更改任何类型的文本。它最初是为在 Unix 系统上的文本编辑而设计的，但现在几乎所有操作系统上都可以使用，包括 Windows、macOS 和各种 Linux 发行版。智能网联汽车中可能使用该组件。vim组件中u_undo_end等函数存在越界访问漏洞，可能会导致系统崩溃。,待补充,https://github.com/vim/vim/commit/8d02ce1ed75d008c34a5c9aaa51b67cbb9d33baa,vim < 8.2.4217,2025-04-30
Android,软件组件,android,CVE-2022-20495,"android 是一个由 Google 主导开发的开源操作系统，主要用于移动设备，如智能手机和平板电脑。它基于 Linux 内核，采用开放式架构，允许开发者通过 Android 开源项目（AOSP, Android Open Source Project）自由获取、修改和分发其源代码。智能网联汽车中经常使用该组件。AccessibilityManager.java的getEnabledAccessibilityServiceList函数中存在权限提升漏洞，可能导致系统拒绝服务。",待补充,https://android.googlesource.com/platform/frameworks/base/+/2bc4d49c2b0265f5de1c62d1342b1426cc5e1377,"android = 10.0;
android = 11.0;
android = 12.0;
android = 12.1;
android = 13.0",2025-04-30
"Android，android = 10.0;
android = 11.0;
android = 12.0;
android = 12.1;
android = 13.0",软件组件,"android，android = 10.0;
android = 11.0;
android = 12.0;
android = 12.1;
android = 13.0",CVE-2022-20486,"android 是一个由 Google 主导开发的开源操作系统，主要用于移动设备，如智能手机和平板电脑。它基于 Linux 内核，采用开放式架构，允许开发者通过 android 开源项目（AOSP, Android Open Source Project）自由获取、修改和分发其源代码。智能网联汽车中经常使用该组件。NotificationChannel.java里的NotificationChannel函数存在权限提升漏洞，可能导致系统拒绝服务。",待补充,https://android.googlesource.com/platform/frameworks/base/+/3850857cb0e7f26702d5bd601731d7290390fa3b,"android，android = 10.0;
android = 11.0;
android = 12.0;
android = 12.1;
android = 13.0",2025-04-29
Vim,文本编辑器,vim,CVE-2022-2042,vim 是一个高度可配置的文本编辑器，用于有效地创建和更改任何类型的文本。它最初是为在 Unix 系统上的文本编辑而设计的，但现在几乎所有操作系统上都可以使用，包括 Windows、macOS 和各种 Linux 发行版。智能网联汽车中可能使用该组件。vim组件中spell_move_to等函数存在释放后重用（Use After Free）漏洞。攻击者可以利用此漏洞，实现远程代码执行（RCE），从而控制受影响的系统。,待补充,https://github.com/vim/vim/commit/2813f38e021c6e6581c0c88fcf107e41788bc835,vim < 8.2.5072,2025-04-29
App,软件组件,app,,某车型中IVI系统的/system/system/app/**apk文件的SmartChargeProvider类中query函数存在SQL注入漏洞，可能导致系统信息泄露。,待补充,,app,2025-04-28
Linux_kernel,操作系统内核,linux_kernel,,linux_kernel是美国Linux基金会发布的操作系统Linux所使用的内核。其内核也常用在汽车IVI、TBOX、网关、自动驾驶域控制器等零部件的开源操作系统中。智能网联汽车中经常使用该组件。Linux内核的copy_page_to_iter_pipe和push_pipe函数中存在权限提升漏洞，可能导致系统拒绝服务。,待补充,https://bugzilla.redhat.com/show_bug.cgi?id=2060795,"5.8 <= linux_kernel < 5.10.102;
5.15 <= linux_kernel < 5.15.25;
5.16 <= linux_kernel < 5.16.11",2025-04-28
App,软件组件,app,,某车型IVI系统的/system/system/app/**.apk文件中WallpaperIdContentProviders类中query函数存在SQL注入漏洞，可能导致系统信息泄露。,待补充,,app,2025-04-27
Tensorflow,软件组件,tensorflow,CVE-2022-41884,tensorflow是一个强大的开源机器学习框架，用于构建和训练各种复杂的神经网络模型，它广泛应用于图像识别、自然语言处理、语音识别等领域，特别在自动驾驶领域，tensorflow框架可以提供图像与传感器数据的处理，路径规划及决策等功能。智能网联汽车中可能使用该组件。tensorflow组件中tensorflow/python/lib/core/ndarray_tensor_bridge.cc文件的ArrayFromMemory函数存在检查缺陷漏洞，可能导致应用程序崩溃。,待补充,https://github.com/tensorflow/tensorflow/commit/2b56169c16e375c521a3bc8ea658811cc0793784,"tensorflow < 2.8.4;
2.9.0 <= tensorflow < 2.9.3;
 tensorflow = 2.10.0",2025-04-27
Tensorflow,软件组件,tensorflow,CVE-2022-41880,tensorflow是一个强大的开源机器学习框架，用于构建和训练各种复杂的神经网络模型，它广泛应用于图像识别、自然语言处理、语音识别等领域，特别在自动驾驶领域，tensorflow框架可以提供图像与传感器数据的处理，路径规划及决策等功能。智能网联汽车中可能使用该组件。tensorflow组件中tensorflow/core/kernels/candidate_sampler_ops.cc文件的BaseCandidateSamplerOp类存在堆越界读取漏洞，可能导致应用程序崩溃。,待补充,https://github.com/tensorflow/tensorflow/commit/b389f5c944cadfdfe599b3f1e4026e036f30d2d4,"tensorflow < 2.8.4; 
2.9.0 <= tensorflow < 2.9.3; 
tensorflow = 2.10.0",2025-04-25
Tensorflow,软件组件,tensorflow,CVE-2022-41883,tensorflow是一个强大的开源机器学习框架，用于构建和训练各种复杂的神经网络模型，它广泛应用于图像识别、自然语言处理、语音识别等领域，特别在自动驾驶领域，tensorflow框架可以提供图像与传感器数据的处理，路径规划及决策等功能。智能网联汽车中可能使用该组件。tensorflow组件中存在输入越界漏洞，可能导致应用程序崩溃。,待补充,https://github.com/tensorflow/tensorflow/commit/f5381e0e10b5a61344109c1b7c174c68110f7629,"tensorflow = 2.10.0; 
tensorflow = 2.10.0rc0; 
tensorflow = 2.10.0rc1;
tensorflow = 2.10.0rc2; 
tensorflow = 2.10.0rc3",2025-04-25
Openjdk,软件组件,openjdk,CVE-2022-34169,"openjdk（Open Java Development Kit）是一个免费、开源的 Java 平台标准版（Java SE）的实现，包含 Java 开发工具包（JDK）和 Java 运行时环境（JRE）。智能网联汽车中可能使用该组件。openjdk组件中处理XSLT表功能存在整数截断漏洞,可能导致应用系统崩溃。",待补充,https://github.com/apache/commons-bcel/commit/f3267cbcc900f80851d561bdd16b239d936947f5,"openjdk = 7; 
openjdk = 8; 
11 <= openjdk <= 11.0.15; 
13 <= openjdk <= 13.0.11; 
15 <= openjdk <= 15.0.7;
17 <= openjdk <= 17.0.3; 
openjdk = 18",2025-04-24
Tensorflow,软件组件,tensorflow,CVE-2022-36027,tensorflow是一个强大的开源机器学习框架，用于构建和训练各种复杂的神经网络模型， 它广泛应用于图像识别、自然语言处理、语音识别等领域，特别在自动驾驶领域， tensorflow框架可以提供图像与传感器数据的处理，路径规划及决策等功能。智能网联汽车中可能使用该组件。 tensorflow组件中卷积操作存在段错误漏洞，可能导致应用程序崩溃。,待补充,https://github.com/tensorflow/tensorflow/commit/aa0b852a4588cea4d36b74feb05d93055540b450,"tensorflow < 2.7.2;
2.8.0 <= tensorflow < 2.8.1;
2.9.0 <= tensorflow < 2.9.1; 
tensorflow = 2.10rc0;
tensorflow = 2.10rc1;
tensorflow = 2.10rc2;
tensorflow = 2.10rc3",2025-04-24
Pjsip,软件组件,pjsip,CVE-2022-21722,"pjsip是一个用C语言编写的免费开源多媒体通信库,实现基于标准的协议，如SIP、SDP、RTP、STUN、TURN和ICE，pjsip常用在汽车IVI、TBOX等零部件系统中使用。pjsip组件在pjmedia/src/pjmedia/rtcp.c、pjmedia/src/pjmedia/rtcp_fb.c、pjmedia/src/pjmedia/rtp.c文件中处理RTP/RTCP数据功能中存在堆越界访问漏洞，可能导致应用程序拒绝服务。",待补充,https://github.com/pjsip/pjproject/commit/22af44e68a0c7d190ac1e25075e1382f77e9397a,pjsip <= 2.11.1,2025-04-23
Pjsip,软件组件,pjsip,CVE-2022-21723,"pjsip是一个用C语言编写的免费开源多媒体通信库,实现基于标准的协议，如SIP、SDP、RTP、STUN、TURN和ICE，pjsip常用在汽车IVI、TBOX等零部件系统中使用。pjsip组件中pjlib-util/src/pjlib-util/scanner.c文件的pj_scan_get_n函数存在堆溢出漏洞，可能导致应用程序崩溃。",待补充,https://github.com/pjsip/pjproject/commit/077b465c33f0aec05a49cd2ca456f9a1b112e896,pjsip <= 2.11.1,2025-04-23
Openjpeg,软件组件,openjpeg,CVE-2022-1122,openjpeg 是一个开源的 C 语言库，专门用于处理 JPEG 2000（JP2）图像格式的编码和解码。它实现了 ISO/IEC 15444-1 标准（JPEG 2000 Part 1），提供高效的图像压缩和解压缩功能，广泛应用于需要高质量图像压缩的场景。智能网联汽车中可能使用该组件。openjpeg组件中src/bin/jp2/opj_decompress.c文件存在空指针引用漏洞，可能导致程序崩溃。,待补充,https://github.com/radiopaedia/openjpeg/commit/78401a9f612ff297ce0708544c0ceea6c80ca7e5,openjpeg = 2.4.0,2025-04-22
Pjsip,软件组件,pjsip,CVE-2021-43845,"pjsip是一个用C语言编写的免费开源多媒体通信库,实现基于标准的协议，如SIP、SDP、RTP、STUN、TURN和ICE，pjsip常用在汽车IVI、TBOX等零部件系统中使用。pjsip组件的pjmedia/src/pjmedia/rtcp_xr.c文件中pjmedia_rtcp_xr_rx_rtcp_xr函数存在堆溢出漏洞，可能导致应用程序拒绝服务。",待补充,https://github.com/pjsip/pjproject/commit/f74c1fc22b760d2a24369aa72c74c4a9ab985859,pjsip <= 2.11.1,2025-04-22
Pjsip,软件组件,pjsip,CVE-2021-43804,"pjsip是一个用C语言编写的免费开源多媒体通信库,实现基于标准的协议，如SIP、SDP、RTP、STUN、TURN和ICE，pjsip常用在汽车IVI、TBOX等零部件系统中使用。pjsip组件的pjmedia/src/pjmedia/rtcp.c文件中parse_rtcp_bye函数存在堆溢出漏洞，可能导致应用程序拒绝服务。",待补充,https://github.com/pjsip/pjproject/commit/8b621f192cae14456ee0b0ade52ce6c6f258af1e,pjsip <= 2.11.1,2025-04-21
Opensc,软件组件,opensc,CVE-2021-42780,opensc是一个开源库，支持智能卡和安全硬件设备的组件。它提供了与智能卡和安全硬件设备交互的工具和接口。智能网联汽车中可能使用该组件。opensc组件的src/libopensc/pkcs15-tcos.c文件中insert_pin函数存在检查缺陷漏洞，可能导致应用程序崩溃。,待补充,https://github.com/OpenSC/OpenSC/commit/5df913b7,opensc < 0.22.0,2025-04-21
Opensc,软件组件,opensc,CVE-2021-42779,opensc是一个开源库，支持智能卡和安全硬件设备的组件。它提供了与智能卡和安全硬件设备交互的工具和接口。智能网联汽车中可能使用该组件。opensc组件的src/libopensc/sc.c文件中sc_file_valid函数存在释放后重用漏洞，可能导致应用程序拒绝服务。,待补充,https://github.com/OpenSC/OpenSC/commit/1db88374#diff-a2a7ceb68a6f7f43f3bfeca559ca32721b3ff76425fed1c6667c1a8e37efc489R920,opensc < 0.22.0,2025-04-18
Opensc,软件组件,opensc,CVE-2021-42778,opensc是一个开源库，支持智能卡和安全硬件设备的组件。它提供了与智能卡和安全硬件设备交互的工具和接口。智能网联汽车中可能使用该组件。opensc组件的src/libopensc/pkcs15.c文件中sc_pkcs15_free_tokeninfo函数存在双重释放漏洞，可能导致应用程序拒绝服务。,待补充,https://github.com/OpenSC/OpenSC/commit/f015746d,opensc < 0.22.0,2025-04-18
Openjpeg,软件组件,openjpeg,CVE-2021-3575,openjpeg是一个开源的 C 语言库，专门用于处理 JPEG 2000（JP2）图像格式的编码和解码。它实现了 ISO/IEC 15444-1 标准（JPEG 2000 Part 1），提供高效的图像压缩和解压缩功能，广泛应用于需要高质量图像压缩的场景。智能网联汽车中可能使用该组件。openjpeg组件的src/bin/common/color.c文件中sycc420_to_rgb函数存在堆缓冲区溢出漏洞，可能导致程序崩溃。,待补充,https://github.com/uclouvain/openjpeg/commit/89bf51c782639d5799d1378d28470d8bef312eca,openjpeg <= 2.4.0,2025-04-17
Openjpeg,软件组件,openjpeg,CVE-2021-29338,openjpeg是一个开源的 C 语言库，专门用于处理 JPEG 2000（JP2）图像格式的编码和解码。它实现了 ISO/IEC 15444-1 标准（JPEG 2000 Part 1），提供高效的图像压缩和解压缩功能，广泛应用于需要高质量图像压缩的场景。智能网联汽车中可能使用该组件。openjpeg组件的src/bin/jp2/opj_compress.c文件中load_images函数存在整数溢出漏洞，可能导致程序崩溃。,待补充,https://github.com/uclouvain/openjpeg/commit/79c7d7af598b778c3cdcb455df23d50efc95eb3c,openjpeg = 2.4.0,2025-04-17
Pytorch,软件组件,pytorch,CVE-2022-45907,pytorch是一个开源机器学习框架，提供张量（tensor）计算、构建神经网络、训练神经网络、优化模型等功能。智能网联汽车中可能使用该组件。pytorch组件的torch/jit/annotations.py文件中parse_type_line函数存在代码执行漏洞，可能导致汽车状态被非法改动。,待补充,https://github.com/pytorch/pytorch/commit/767f6aa49fe20a2766b9843d01e3b7f7793df6a3,pytorch < 1.13.1,2025-04-16
Ostree,软件组件,ostree,CVE-2022-47085,ostree是一个用于管理linux操作系统更新和部署的开源软件，可通过内容寻址的对象存储和分支跟踪完整的文件系统，支持系统更新、远程分发等功能。智能网联汽车中可能使用该组件。ostree组件的repo_checkout_filter.rs文件中print_panic函数存在拒绝服务漏洞，可能导致系统拒绝服务。,待补充,https://github.com/ostreedev/ostree/commit/d9bb160a7c1e7f0a2308a7282622b91bc27d448c,ostree < 2022.7,2025-04-16
Tensorflow,软件组件,tensorflow,CVE-2022-41887,tensorflow是一个强大的开源机器学习框架，用于构建和训练各种复杂的神经网络模型，它广泛应用于图像识别、自然语言处理、语音识别等领域，特别在自动驾驶领域，tensorflow框架可以提供图像与传感器数据的处理，路径规划及决策等功能。智能网联汽车中可能使用该组件。tensorflow组件的tensorflow/python/keras/losses.py文件种tf.keras.losses.poisson函数存在检查缺陷漏洞，可能导致程序拒绝服务。,待补充,https://github.com/tensorflow/tensorflow/commit/c5b30379ba87cbe774b08ac50c1f6d36df4ebb7c,"2.9.0 <= tensorflow < 2.9.3;
tensorflow = 2.10.0",2025-04-15
Tensorflow,软件组件,tensorflow,CVE-2022-41886,tensorflow是一个强大的开源机器学习框架，用于构建和训练各种复杂的神经网络模型，它广泛应用于图像识别、自然语言处理、语音识别等领域，特别在自动驾驶领域，tensorflow框架可以提供图像与传感器数据的处理，路径规划及决策等功能。智能网联汽车中可能使用该组件。tensorflow组件的tensorflow/core/kernels/image/image_ops.cc文件中tf.raw_ops.ImageProjectiveTransformV2函数存在内存溢出漏洞，可能导致程序拒绝服务。,待补充,https://github.com/tensorflow/tensorflow/commit/8faa6ea692985dbe6ce10e1a3168e0bd60a723ba,"tensorflow < 2.8.4;
2.9.0 <= tensorflow < 2.9.3; 
tensorflow = 2.10.0",2025-04-15
某车型,车载系统,车载信息娱乐系统(IVI),,某车型的IVI系统中，/bin/catbox程序中硬编码了系统redis数据库的密码，攻击者可以通过此密码访问redis服务程序并执行系统命令，破坏系统的完整性。,待补充,,catbox,2025-04-14
WT_IncallAirConditioner.app,软件组件,WT_IncallAirConditioner.app,,某品牌汽车IVI中位于/system/app/WT_IncallAirConditioner.app中的CaSdkManager类存在权限校验缺陷漏洞，可能被攻击者控制并执行恶意操作，会影响汽车空调状态。,待补充,,WT_IncallAirConditioner.app = 1.0,2025-04-14
Tensorflow,软件组件,tensorflow,CVE-2022-41885,tensorflow是一个强大的开源机器学习框架，用于构建和训练各种复杂的神经网络模型，它广泛应用于图像识别、自然语言处理、语音识别等领域，特别在自动驾驶领域，tensorflow框架可以提供图像与传感器数据的处理，路径规划及决策等功能。智能网联汽车中可能使用该组件。tensorflow组件的tensorflow\core\kernels\conv_ops_fused_image_transform.cc文件中tf.raw_ops.FusedResizeAndPadConv2D函数存在内存溢出漏洞，可能导致程序拒绝服务。,待补充,https://github.com/tensorflow/tensorflow/commit/d66e1d568275e6a2947de97dca7a102a211e01ce,"tensorflow < 2.7.4;
2.8.0 <= tensorflow < 2.8.1; 
2.9.0 <= tensorflow < 2.9.1；
tensorflow = 2.10.0-rc0;
tensorflow = 2.10.0-rc1;
tensorflow = 2.10.0-rc2;
tensorflow = 2.10.0-rc3",2025-04-11
Pjsip,软件组件,pjsip,CVE-2022-31031,"pjsip是一个用C语言编写的免费开源多媒体通信库,实现基于标准的协议，如SIP、SDP、RTP、STUN、TURN和ICE，pjsip常用在汽车IVI、TBOX等零部件系统中使用。pjsip组件的pjlib-util/src/pjlib-util/stun_simple.c文件中pjstun_parse_msg函数存在缓冲区溢出漏洞，可能导致程序拒绝服务。",待补充,https://github.com/pjsip/pjproject/commit/450baca94f475345542c6953832650c390889202,Pjsip <= 2.12.1,2025-04-11
Pjsip,软件组件,pjsip,CVE-2022-24764,"pjsip是一个用C语言编写的免费开源多媒体通信库,实现基于标准的协议，如SIP、SDP、RTP、STUN、TURN和ICE，pjsip常用在汽车IVI、TBOX等零部件系统中使用。pjsip组件的pjmedia/src/pjmedia/sdp.c文件中print_media_desc函数存在栈溢出漏洞，可能导致系统拒绝服务。",待补充,https://github.com/pjsip/pjproject/commit/560a1346f87aabe126509bb24930106dea292b00,pjsip <= 2.12,2025-04-10
Pjsip,软件组件,pjsip,CVE-2022-23547,"pjsip是一个用C语言编写的免费开源多媒体通信库,实现基于标准的协议，如SIP、SDP、RTP、STUN、TURN和ICE，pjsip常用在汽车IVI、TBOX等零部件系统中使用。pjsip组件的pjnath/src/pjnath/stun_msg.c文件中decode_uint_attr函数存在缓冲区溢出漏洞，可能导致程序拒绝服务。",待补充,https://github.com/pjsip/pjproject/commit/bc4812d31a67d5e2f973fbfaf950d6118226cf36,pjsip < 2.13.1,2025-04-10
Pjsip,软件组件,pjsip,CVE-2022-23537,"pjsip是一个用C语言编写的免费开源多媒体通信库,实现基于标准的协议，如SIP、SDP、RTP、STUN、TURN和ICE，pjsip常用在汽车IVI、TBOX等零部件系统中使用。pjsip组件的pjnath/src/pjnath/stun_msg.c文件中pj_stun_msg_decode函数存在缓冲区溢出漏洞，可能导致程序拒绝服务。",待补充,https://github.com/pjsip/pjproject/commit/d8440f4d711a654b511f50f79c0445b26f9dd1e1,pjsip < 2.13.1,2025-04-09
Opensc,软件组件,opensc,CVE-2021-42782,opensc是一个开源库，支持智能卡和安全硬件设备的使用。它提供了与智能卡和安全硬件设备交互的工具和接口。智能网联汽车中可能使用该组件。opensc组件中存在多处缓冲区溢出漏洞，可能导致程序崩溃。,待补充,https://github.com/OpenSC/OpenSC/commit/78cdab94,opensc < 0.22.0,2025-04-09
Opensc,软件组件,opensc,CVE-2021-42781,opensc是一个开源库，支持智能卡和安全硬件设备的使用。它提供了与智能卡和安全硬件设备交互的工具和接口。智能网联汽车中可能使用该组件。opensc组件中存在多个堆溢出漏洞，可能导致程序拒绝服务。,待补充,https://github.com/OpenSC/OpenSC/commit/17d8980c,opensc < 0.22.0,2025-04-08
Openldap,软件组件,openldap,CVE-2021-27212,openldap是一个开源的Lightweight Directory Access Protocol (LDAP) 实现，它提供了一个高效、灵活的目录服务框架，用于存储和检索与网络资源、用户和其他实体相关的组织信息。智能网联汽车中可能使用该组件。Openldap组件的servers/slapd/schema_init.c文件中issuerAndThisUpdateCheck函数存在检查缺陷漏洞，可能导致程序拒绝服务。,待补充,https://git.openldap.org/openldap/openldap/-/commit/3539fc33212b528c56b716584f2c2994af7c30b0,"openldap <= 2.4.57;
openldap = 2.5.0;
openldap = 2.5.1",2025-04-08
Tensorflow,软件组件,tensorflow,CVE-2022-41890,tensorflow是一个强大的开源机器学习框架，用于构建和训练各种复杂的神经网络模型，它广泛应用于图像识别、自然语言处理、语音识别等领域，特别在自动驾驶领域，tensorflow框架可以提供图像与传感器数据的处理，路径规划及决策等功能。智能网联汽车中可能使用该组件。tensorflow组件的tensorflow/core/util/bcast.h文件中BCast::ToShape函数存在整数溢出漏洞，可能导致程序拒绝服务。,待补充,https://github.com/tensorflow/tensorflow/commit/8310bf8dd188ff780e7fc53245058215a05bdbe5#diff-541219f77d37224c88b842285c9cfa06ea3e2900c3ba751141e4393802c41a24,"tensorflow < 2.8.4; 
2.9.0 <= tensorflow < 2.9.3; 
2.10.0 <= tensorflow < 2.10.1",2025-04-07
Postgresql,软件组件,postgresql,CVE-2021-20229,postgresql 是一个强大的关系型数据库管理系统（RDBMS），具有 ACID（原子性、一致性、隔离性、持久性）属性，支持事务管理、数据完整性约束和复杂查询功能。它能够管理大规模的数据并支持 SQL 查询。智能网联汽车中可能使用该组件。postgresql组件中/src/backend/parser/parse_relation.c文件中 scanNSItemForColumn函数、expandNSItemAttrs 函数和 ExpandSingleTable函数存在权限检查漏洞，可能导致汽车系统信息泄露。,待补充,https://git.postgresql.org/gitweb/?p=postgresql.git&a=commitdiff&h=c028faf2a,13.0 <= postgresql < 13.2,2025-04-07
Tensorflow,软件组件,tensorflow,CVE-2022-41888,tensorflow是一个强大的开源机器学习框架，用于构建和训练各种复杂的神经网络模型，它广泛应用于图像识别、自然语言处理、语音识别等领域，特别在自动驾驶领域，tensorflow框架可以提供图像与传感器数据的处理，路径规划及决策等功能。智能网联汽车中可能使用该组件。tensorflow组件的tensorflow/python/ops/image_ops_impl.py文件中generate_bounding_box_proposals函数存在参数检查缺陷漏洞，可能导致程序拒绝服务。,待补充,https://github.com/tensorflow/tensorflow/commit/cf35502463a88ca7185a99daa7031df60b3c1c98,"tensorflow < 2.8.4; 
2.9.0 <= tensorflow < 2.9.3; 
2.10.0 <= tensorflow < 2.10.1",2025-04-03
Tensorflow,软件组件,tensorflow,CVE-2022-41889,tensorflow是一个强大的开源机器学习框架，用于构建和训练各种复杂的神经网络模型，它广泛应用于图像识别、自然语言处理、语音识别等领域，特别在自动驾驶领域，tensorflow框架可以提供图像与传感器数据的处理，路径规划及决策等功能。智能网联汽车中可能使用该组件。tensorflow组件中pywrap机制存在返回值异常漏洞，可能导致程序运算结果错误，进而影响车辆运行状态。,待补充,https://github.com/tensorflow/tensorflow/commit/e9e95553e5411834d215e6770c81a83a3d0866ce,"tensorflow < 2.8.4;
2.9.0 <= tensorflow < 2.9.3; 
2.10.0 <= tensorflow < 2.10.1",2025-04-03
Samba,软件组件,samba,CVE-2023-3347,samba 是适用于 Linux 和 Unix 的标准 Windows 互操作性程序套件，使得不同操作系统的设备能够共享资源并相互认证，并且为所有使用 SMB/CIFS 协议的客户端提供安全、稳定、快速的文件和打印服务。智能网联汽车中可能使用该组件。samba组件中SMB2数据签名机制存在校验缺陷漏洞，可能导致数据被篡改。,待补充,https://www.samba.org/samba/history/security.html,"4.17.0 <= samba < 4.17.10; 
4.18.0 <= samba < 4.18.5",2025-04-02
Samba,软件组件,samba,CVE-2022-1615,samba 是适用于 Linux 和 Unix 的标准 Windows 互操作性程序套件，使得不同操作系统的设备能够共享资源并相互认证，并且为所有使用 SMB/CIFS 协议的客户端提供安全、稳定、快速的文件和打印服务。智能网联汽车中可能使用该组件。samba组件中gnutls_rnd函数存在随机数失效漏洞，可能导致数据机密性被破坏。,待补充,https://gitlab.com/samba-team/samba/-/commit/9849e7440e30853c61a80ce1f11b7b244ed766fe,samba <= 4.1.0,2025-04-02
Tensorflow,软件组件,tensorflow,CVE-2022-41894,tensorflow是一个强大的开源机器学习框架，用于构建和训练各种复杂的神经网络模型，它广泛应用于图像识别、自然语言处理、语音识别等领域，特别在自动驾驶领域，tensorflow框架可以提供图像与传感器数据的处理，路径规划及决策等功能。智能网联汽车中可能使用该组件。tensorflow组件中tensorflow/lite/kernels/internal/reference/conv3d_transpose.h文件中Conv3DTranspose函数存在缓冲区溢出漏洞，可能导致程序拒绝服务。,待补充,https://github.com/tensorflow/tensorflow/commit/72c0bdcb25305b0b36842d746cc61d72658d2941,"tensorflow < 2.8.4; 
2.9.0 <= tensorflow < 2.9.3; 
2.10.0 <= tensorflow < 2.10.1",2025-04-01
Tensorflow,软件组件,tensorflow,CVE-2022-41893,tensorflow是一个强大的开源机器学习框架，用于构建和训练各种复杂的神经网络模型，它广泛应用于图像识别、自然语言处理、语音识别等领域，特别在自动驾驶领域，tensorflow框架可以提供图像与传感器数据的处理，路径规划及决策等功能。智能网联汽车中可能使用该组件。Tensorflow组件中tensorflow/core/kernels/list_kernels.cc文件的TensorListResize类存在拒绝服务漏洞，可能导致程序崩溃。,待补充,https://github.com/tensorflow/tensorflow/commit/888e34b49009a4e734c27ab0c43b0b5102682c56,"tensorflow < 2.8.4; 
2.9.0 <= tensorflow < 2.9.3; 
2.10.0 <= tensorflow < 2.10.1",2025-04-01
Ota,软件组件,ota,,某品牌OBU产品，版本为baseversion 200903，其中factoryTestd文件具有OTA升级功能。升级函数中，并未对升级文件做校验，接收数据后便会重新启动系统。攻击者可利用此启动逻辑不断发送虚假数据包，使得OBU不断重新启动，以此达到拒绝服务攻击。,待补充,,ota,2025-03-31
Ckbd_monitor,软件组件,ckbd_monitor,,某品牌OBU固件中，位于/opt/shbin/ckbd_monitor程序存在命令执行漏洞。该程序在0.0.0.0的IPv4地址上开启了TCP服务，攻击者可以构造特殊数据攻击OBU系统，可进行远程命令执行攻击。 该漏洞可实现OBU远程代码执行，并控制OBU系统。,待补充,,ckbd_monitor,2025-03-31
Pjsip,软件组件,pjsip,CVE-2022-39244,"pjsip是一个用C语言编写的免费开源多媒体通信库,实现基于标准的协议，如SIP、SDP、RTP、STUN、TURN和ICE，pjsip常用在汽车IVI、TBOX等零部件系统中使用。pjsip组件中PJSIP解析器、PJMEDIA RTP解码器和PJMEDIA SDP解析器存在缓冲区溢出漏洞可能导致系统拒绝服务。",待补充,https://github.com/pjsip/pjproject/commit/c4d34984ec92b3d5252a7d5cddd85a1d3a8001ae,pjsip < 2.13,2025-03-28
Tensorflow,软件组件,tensorflow,CVE-2022-41891,tensorflow是一个强大的开源机器学习框架，用于构建和训练各种复杂的神经网络模型，它广泛应用于图像识别、自然语言处理、语音识别等领域，特别在自动驾驶领域，tensorflow框架可以提供图像与传感器数据的处理，路径规划及决策等功能。智能网联汽车中可能使用该组件。tensorflow组件中tensorflow/core/kernels/list_kernels.h文件的TensorListConcat类存在拒绝服务漏洞，可能导致程序崩溃。,待补充,https://github.com/tensorflow/tensorflow/commit/fc33f3dc4c14051a83eec6535b608abe1d355fde,"2.8.4 < tensorflow; 
2.9.0 <= tensorflow < 2.9.3; 
2.10.0 <= tensorflow < 2.10.1",2025-03-28
Samba,软件组件,samba,CVE-2022-32742,samba 是适用于 Linux 和 Unix 的标准 Windows 互操作性程序套件，使得不同操作系统的设备能够共享资源并相互认证，并且为所有使用 SMB/CIFS 协议的客户端提供安全、稳定、快速的文件和打印服务。智能网联汽车中可能使用该组件。samba组件中SMB1协议的写请求存在范围检查缺陷漏洞，可能导致内存数据异常进而出现系统拒绝服务。,待补充,https://www.samba.org/samba/history/security.html,"samba < 4.14.14; 
4.15.0 <= samba < 4.15.9; 
4.16.0 <= samba < 4.16.4",2025-03-27
Samba,软件组件,samba,CVE-2022-3592,samba 是适用于 Linux 和 Unix 的标准 Windows 互操作性程序套件，使得不同操作系统的设备能够共享资源并相互认证，并且为所有使用 SMB/CIFS 协议的客户端提供安全、稳定、快速的文件和打印服务。智能网联汽车中可能使用该组件。samba组件中smbd服务存在符号链接跟随漏洞，可能导致信息泄露。,待补充,https://www.samba.org/samba/history/security.html,4.17.0 <= samba < 4.17.2,2025-03-27
Postgrespl,软件组件,postgrespl,CVE-2021-32027,postgresql 是一个强大的关系型数据库管理系统（RDBMS），具有 ACID（原子性、一致性、隔离性、持久性）属性，支持事务管理、数据完整性约束和复杂查询功能。它能够管理大规模的数据并支持 SQL 查询。智能网联汽车中可能使用该组件。postgrespl组件中SQL数组修改功能存在边界检查漏洞，可能导致非法数据写入到数据库。,待补充,https://git.postgresql.org/gitweb/?p=postgresql.git;a=commitdiff;h=467395bfdf33f1ccf67ca388ffdcc927271544cb;hp=4c7ba553bad0254aaaf525668cc1cdb2eb8fcc92,"9.6.0 <= postgrespl <9.6.22; 
10.0 <= postgrespl < 10.17; 
11.0 <= postgrespl < 11.12; 
12.0 <= postgrespl < 12.7; 
13.0 <= postgrespl < 13.3",2025-03-26
Postgresql,软件组件,postgresql,CVE-2021-23222,postgresql 是一个强大的关系型数据库管理系统（RDBMS），具有 ACID（原子性、一致性、隔离性、持久性）属性，支持事务管理、数据完整性约束和复杂查询功能。它能够管理大规模的数据并支持 SQL 查询。智能网联汽车中可能使用该组件。postgresql组件中存在中间人攻击漏洞，可能导致信息泄露。,待补充,https://github.com/postgres/postgres/commit/160c0258802d10b0600d7671b1bbea55d8e17d45,"9.6 <= postgresql < 9.6.24;
10.0 <= postgresql < 10.19;
11.0 <= postgresql < 11.14;
12.0 <= postgresql < 12.9;
13.0 <= postgresql < 13.5",2025-03-26
Linux_kernel,操作系统内核,linux_kernel,CVE-2024-42082,linux_kernel是美国Linux基金会发布的操作系统Linux所使用的内核。其内核也常用在汽车IVI、TBOX、网关、自动驾驶域控制器等零部件的开源操作系统中。linux_kernel组件中__xdp_reg_mem_model函数存在检查缺陷漏洞，可能导致系统崩溃。,待补充,https://web.git.kernel.org/pub/scm/linux/kernel/git/stable/linux.git/commit/?id=1095b8efbb13a6a5fa583ed373ee1ccab29da2d0,"linux_kernel < 4.18; 
4.19 <= linux_kernel < 5.10.221; 
5.11 <= linux_kernel < 5.15.162; 
5.16 <= linux_kernel < 6.1.97; 
6.2 <= linux_kernel < 6.6.37; 
6.7 <= linux_kernel < 6.9.8",2025-03-25
Postgresql,软件组件,postgresql,CVE-2021-23214,postgresql 是一个强大的关系型数据库管理系统（RDBMS），具有 ACID（原子性、一致性、隔离性、持久性）属性，支持事务管理、数据完整性约束和复杂查询功能。它能够管理大规模的数据并支持 SQL 查询。智能网联汽车中可能使用该组件。postgresql组件中存在SQL注入漏洞，可能导致信息泄露。,待补充,https://github.com/postgres/postgres/commit/28e24125541545483093819efae9bca603441951,"postgresql < 9.6.24;
10.0 <= postgresql < 10.19;
11.0 <= postgresql < 11.14;
12.0 <= postgresql < 12.9;
13.0 <= postgresql < 13.5",2025-03-25
Mqtt,软件组件,mqtt,,某品牌OBU，系统版本为20190610073434的系统中，位于commv2x-L4/def/config路径下的mqtt_client_mng.cfg 配置文件中，明文存储了mqtt客户端配置信息包括了客户端ID、用户名及密码等。攻击者可能获取该用户敏感信息，监听OBU与RSU之间传输的mqtt数据。,待补充,,mqtt,2025-03-24
Hostapd.conf,软件组件,Hostapd.conf,,某品牌OBU，系统版本为20190610073434的系统中，位于/etc/systemd/system/cidi-wifiap.service 路径下的服务文件、/etc/hostapd.conf 配置文件和/etc/wifiap_start.sh脚本文件中，明文存储了obu的WiFi账户信息。攻击者可能获取该WiFi敏感信息并连接obu网络。,待补充,,Hostapd.conf,2025-03-24
Qt,软件组件,qt,CVE-2023-32573,qt是一个跨平台的C++应用程序开发框架，提供了丰富的工具和库，可用于开发图形用户界面（GUI）、嵌入式系统、网络应用等各种类型的应用程序。qt组件中QSvgFont类存在初始化缺陷漏洞，可能导致系统拒绝服务。,待补充,https://codereview.qt-project.org/c/qt/qtsvg/+/474093,"qt < 5.15.14; 
6.0.0 <= qt < 6.2.9; 
6.3.0 <= qt <6.5.1",2025-03-21
Samba,软件组件,samba,CVE-2023-34966,samba 是适用于 Linux 和 Unix 的标准 Windows 互操作性程序套件，使得不同操作系统的设备能够共享资源并相互认证，并且为所有使用 SMB/CIFS 协议的客户端提供安全、稳定、快速的文件和打印服务。智能网联汽车中可能使用该组件。samba组件中sl_unpack_loop函数存在拒绝服务漏洞，可能导致系统拒绝服务。,待补充,https://www.samba.org/samba/history/security.html,"samba <= 4.16.11;
4.17.0 <= samba < 4.17.10; 
4.18.0 <= samba < 4.18.5",2025-03-21
Pjsip,软件组件,pjsip,CVE-2023-27585,"pjsip是一个用C语言编写的免费开源多媒体通信库,实现基于标准的协议，如SIP、SDP、RTP、STUN、TURN和ICE，pjsip常用在汽车IVI、TBOX等零部件系统中使用。pjsip组件中parse_query函数存在缓冲区溢出漏洞，可能导致程序崩溃。",待补充,https://github.com/pjsip/pjproject/commit/d1c5e4da5bae7f220bc30719888bb389c905c0c5,pjsip < 2.13,2025-03-20
Tensorflow,软件组件,tensorflow,CVE-2022-41896,"tensorflow是一个强大的开源机器学习框架，用于构建和训练各种复杂的神经网络模型，它广泛应用于图像识别、自然语言处理、语音识别等领域，特别在自动驾驶领域，tensorflow框架可以提供图像与传感器数据的处理，路径规划及决策等功能。智能网联汽车中可能使用该组件。tensorflow组件中ThreadUnsafeUnigramCandidateSampler函数存在检查缺陷漏洞,可能导致程序崩溃。",待补充,https://github.com/tensorflow/tensorflow/commit/39ec7eaf1428e90c37787e5b3fbd68ebd3c48860,"tensorflow < 2.8.4; 
2.9.0 <= tensorflow < 2.9.3; 
2.10.0 <= tensorflow < 2.10.1",2025-03-20
Tensorflow,软件组件,tensorflow,CVE-2022-41895,tensorflow是一个强大的开源机器学习框架，用于构建和训练各种复杂的神经网络模型，它广泛应用于图像识别、自然语言处理、语音识别等领域，特别在自动驾驶领域，tensorflow框架可以提供图像与传感器数据的处理，路径规划及决策等功能。智能网联汽车中可能使用该组件。tensorflow组件中MirrorPadGrad函数存在堆溢出漏洞，可能导致系统拒绝服务。,待补充,https://github.com/tensorflow/tensorflow/commit/717ca98d8c3bba348ff62281fdf38dcb5ea1ec92,"tensorflow < 2.8.4;
2.9.0 <= tensorflow < 2.9.3; 
2.10.0 <= tensorflow < 2.10.1",2025-03-19
Pjsip,软件组件,pjsip,CVE-2022-39269,"pjsip是一个用C语言编写的免费开源多媒体通信库,实现基于标准的协议，如SIP、SDP、RTP、STUN、TURN和ICE，pjsip常用在汽车IVI、TBOX等零部件系统中使用。pjsip组件中pjmedia/src/pjmedia/transport_srtp文件的srtp_rtp_cb函数存在传输协议切换漏洞，可能导致信息泄露。",待补充,https://github.com/pjsip/pjproject/commit/d2acb9af4e27b5ba75d658690406cec9c274c5cc,2.11 <= pjsip < 2.13,2025-03-19
Protobuf-c,软件组件,protobuf-c,CVE-2022-33070,protobufc是protobuf组件支持C语言版本的实现。支持谷歌开发的数据交换格式的序列化结构化组件，可用于通信协议、数据存储等。可能在智能网联汽车中使用以支持数据交互功能。组件在智能网联车中可能用于实现高效、跨平台的数据通信，支持车辆间、车辆与基础设施及云端之间的实时数据交换。protobuf-c组件中parse_tag_and_wiretype函数存在拒绝服务漏洞，可能导致系统拒绝服务。,待补充,https://github.com/protobuf-c/protobuf-c/commit/fc9b2b2ea99839ecdd52a0b3a6386a3ae266588c,protobuf-c= 1.4.0,2025-03-18
Qt,软件组件,qt,CVE-2021-28025,qt是一个跨平台的C++应用程序开发框架，提供了丰富的工具和库，可用于开发图形用户界面（GUI）、嵌入式系统、网络应用等各种类型的应用程序。qt组件中qsvghandler.cpp文件存在整数溢出漏洞，可能导致系统拒绝服务。,待补充,,"qt = 5.15.1;
qt = 6.0.0;
qt = 6.0.2;
qt = 6.2",2025-03-18
V2x,软件组件,v2x,,某品牌OBU，系统版本为20190610073434的系统中，位于/home/v2x/config路径下的findM_pro.conf配置文件中，明文存储了系统用户名与密码。攻击者可能获取该用户敏感信息。,待补充,,v2x,2025-03-17
某车型,车载系统,车载信息娱乐系统(IVI),,某车型IVI的开发测试工具中以硬编码方式保存了口令信息，并且该apk文件没有使用加壳、混淆等安全防护技术。攻击者可以使用反编译工具得到该口令信息，进而发动对系统的攻击。,待补充,,DevelopmentTools.apk,2025-03-17
Samba,软件组件,samba,CVE-2023-34967,samba 是适用于 Linux 和 Unix 的标准 Windows 互操作性程序套件，使得不同操作系统的设备能够共享资源并相互认证，并且为所有使用 SMB/CIFS 协议的客户端提供安全、稳定、快速的文件和打印服务。智能网联汽车中可能使用该组件。samba组件在source3/rpc_server/mdssvc/dalloc.c文件中dalloc_value_for_key函数存在检查缺陷漏洞，可能导致程序崩溃。,待补充,https://www.samba.org/samba/history/security.html,"samba < 4.16.11;
4.17.0 <= samba < 4.17.10;
4.18.0 <= samba < 4.18.5",2025-03-14
Samba,软件组件,samba,CVE-2023-34968,"samba 是适用于 Linux 和 Unix 的标准 Windows 互操作性程序套件，使得不同操作系统的设备能够共享资源并相互认证，并且为所有使用 SMB/CIFS 协议的客户端提供安全、稳定、快速的文件和打印服务。智能网联汽车中可能使用该组件。samba组件中存在路径泄露漏洞,可能导致系统信息泄露。",待补充,https://download.samba.org/pub/samba/patches/security/samba-4.18.5-security-2023-07-19.patch,"samba < 4.16.11;
4.17.0 <= samba < 4.17.10;
4.18.0 <= samba < 4.18.5",2025-03-14
Samba,软件组件,samba,CVE-2023-3961,samba 是适用于 Linux 和 Unix 的标准 Windows 互操作性程序套件，使得不同操作系统的设备能够共享资源并相互认证，并且为所有使用 SMB/CIFS 协议的客户端提供安全、稳定、快速的文件和打印服务。智能网联汽车中可能使用该组件。samba组件的处理Unix套接字功能中存在路径遍历漏洞，可能导致未授权访问数据。,待补充,https://attachments.samba.org/attachment.cgi?id=18151,"samba < 4.17.12;
4.18.0 <= samba < 4.18.8;
4.19.0 <= samba < 4.19.1",2025-03-13
Qt,软件组件,qt,CVE-2023-34410,qt是一个跨平台的C++应用程序开发框架，提供了丰富的工具和库，可用于开发图形用户界面（GUI）、嵌入式系统、网络应用等各种类型的应用程序。qt组件中tls证书校验功能存在校验缺陷，可能导致访问控制失效，数据泄露。,待补充,https://codereview.qt-project.org/c/qt/qtbase/+/477560,"qt < 5.15.15;
6.0.0 <= qt < 6.2.9;
6.3.0 <= qt < 6.5.2",2025-03-13
Tensorflow,软件组件,tensorflow,CVE-2022-41899,tensorflow是一个强大的开源机器学习框架，用于构建和训练各种复杂的神经网络模型，它广泛应用于图像识别、自然语言处理、语音识别等领域，特别在自动驾驶领域，tensorflow框架可以提供图像与传感器数据的处理，路径规划及决策等功能。智能网联汽车中可能使用该组件。tensorflow组件中SdcaOptimizer优化器存在检查缺陷漏洞，可能导致程序拒绝服务。,待补充,https://github.com/tensorflow/tensorflow/commit/80ff197d03db2a70c6a111f97dcdacad1b0babfa,"tensorflow < 2.8.4;
2.9.0 <= tensorflow < 2.9.3;
tensorflow = 2.10.0",2025-03-12
Tensorflow,软件组件,tensorflow,CVE-2022-41898,tensorflow是一个强大的开源机器学习框架，用于构建和训练各种复杂的神经网络模型，它广泛应用于图像识别、自然语言处理、语音识别等领域，特别在自动驾驶领域，tensorflow框架可以提供图像与传感器数据的处理，路径规划及决策等功能。智能网联汽车中可能使用该组件。tensorflow组件中SparseFillEmptyRowsGrad对象存在检查缺陷漏洞，可能导致程序拒绝服务。,待补充,https://github.com/tensorflow/tensorflow/commit/af4a6a3c8b95022c351edae94560acc61253a1b8,"tensorflow < 2.8.4;
2.9.0 <= tensorflow < 2.9.3;
2.10.0 <= tensorflow < 2.10.1",2025-03-12
Tensorflow,软件组件,tensorflow,CVE-2022-41897,tensorflow是一个强大的开源机器学习框架，用于构建和训练各种复杂的神经网络模型，它广泛应用于图像识别、自然语言处理、语音识别等领域，特别在自动驾驶领域，tensorflow框架可以提供图像与传感器数据的处理，路径规划及决策等功能。智能网联汽车中可能使用该组件。tensorflow组件中FractionMaxPoolGrad对象存在内存溢出漏洞，可能导致程序拒绝服务。,待补充,https://github.com/tensorflow/tensorflow/commit/d71090c3e5ca325bdf4b02eb236cfb3ee823e927,"tensorflow < 2.8.4;
2.9.0 <= tensorflow < 2.9.3; 
2.10.0 <= tensorflow < 2.10.1",2025-03-11
Ruby,软件组件,ruby,CVE-2022-28739,"ruby 是一种高层次、动态类型的编程语言，由ruby解释器执行。智能网联汽车领域可能使用该组件。ruby组件中字符串转换浮点数功能中存在缓冲区溢出漏洞,可能导致系统拒绝服务。",待补充,https://github.com/ruby/ruby/commit/69f9992ed41920389d4185141a14f02f89a4d306,"ruby < 2.6.10;
2.7.0 <= ruby < 2.7.6;
3.0.0 <= ruby < 3.0.4;
3.1.0 <= ruby < 3.1.2",2025-03-11
Ruby,软件组件,ruby,CVE-2022-28738,"ruby 是一种高层次、动态类型的编程语言，由ruby解释器执行。智能网联汽车领域可能使用该组件。ruby组件中正则表达式编译器中存在双重释放漏洞,可能导致程序拒绝服务。",待补充,https://github.com/ruby/ruby/commit/052ec6d2585c3ace95671013d336f5543624ef3d,"3.0.0 <= ruby < 3.0.4;
3.1.0 <= ruby < 3.1.2",2025-03-10
Sqlcipher,软件组件,sqlcipher,CVE-2021-3119,sqlcipher是一个开源的数据库，是SQLite的一个独立分支，增加了对数据库文件进行加密、篡改检测、内存清理、密钥派生等功能。智能网联汽车中可能使用该组件。sqlcipher组件的src/crypto.c文件中sqlcipher_export函数存在空指针引用漏洞，可能导致程序崩溃。,待补充,https://github.com/sqlcipher/sqlcipher/commit/cb71f53e8cea4802509f182fa5bead0ac6ab0e7f#  diff-9305215a9a0ea69300281fc4af90bc7f3437e34a0e1745d030213152993ddae4,4.0 <= sqlcipher < 4.4.3,2025-03-10
Tensorflow,软件组件,tensorflow,CVE-2022-41907,tensorflow是一个强大的开源机器学习框架，用于构建和训练各种复杂的神经网络模型，它广泛应用于图像识别、自然语言处理、语音识别等领域，特别在自动驾驶领域，tensorflow框架可以提供图像与传感器数据的处理，路径规划及决策等功能。智能网联汽车中可能使用该组件。tensorflow组件在2.8.4版本之前、2.9.0至2.9.3版本之间、2.10.0至2.10.1版本之间的tensorflow/core/kernels/image/resize_nearest_neighbor_op.cc文件中ResizeNearestNeighborOpGrad : public OpKernel类存在内存溢出漏洞，可能导致程序奔溃。,待补充,https://github.com/tensorflow/tensorflow/commit/00c821af032ba9e5f5fa3fe14690c8d28a657624,"tensorflow < 2.8.4; 
2.9.0 <= tensorflow < 2.9.3; 
2.10.0 <= tensorflow < 2.10.1",2025-03-07
Tensorflow,软件组件,tensorflow,CVE-2022-41902,tensorflow是一个强大的开源机器学习框架，用于构建和训练各种复杂的神经网络模型，它广泛应用于图像识别、自然语言处理、语音识别等领域，特别在自动驾驶领域，tensorflow框架可以提供图像与传感器数据的处理，路径规划及决策等功能。智能网联汽车中可能使用该组件。tensorflow组件在2.8.4版本之前、2.9.0到2.9.3版本之间、2.10.0版本中的tensorflow/core/grappler/utils/functions.cc文件中MakeGrapplerFunctionItem函数存在内存溢出漏洞，可能导致程序崩溃。,待补充,https://github.com/tensorflow/tensorflow/commit/a65411a1d69edfb16b25907ffb8f73556ce36bb7,"tensorflow < 2.8.4; 
2.9.0 <= tensorflow < 2.9.3;
 tensorflow = 2.10.0",2025-03-07
Tensorflow,软件组件,tensorflow,CVE-2022-41900,tensorflow是一个强大的开源机器学习框架，用于构建和训练各种复杂的神经网络模型，它广泛应用于图像识别、自然语言处理、语音识别等领域，特别在自动驾驶领域，tensorflow框架可以提供图像与传感器数据的处理，路径规划及决策等功能。智能网联汽车中可能使用该组件。tensorflow组件在2.8.4版本之前、2.9.0到2.9.3版本之间、 2.10.0版本中的池化操作存在读溢出漏洞，可能导致程序崩溃。,待补充,https://github.com/tensorflow/tensorflow/commit/216525144ee7c910296f5b05d214ca1327c9ce48,"tensorflow < 2.8.4;
2.9.0 <= tensorflow < 2.9.3;
 tensorflow = 2.10.0",2025-03-06
Tensorflow,软件组件,tensorflow,CVE-2022-41901,tensorflow是一个强大的开源机器学习框架，用于构建和训练各种复杂的神经网络模型，它广泛应用于图像识别、自然语言处理、语音识别等领域，特别在自动驾驶领域，tensorflow框架可以提供图像与传感器数据的处理，路径规划及决策等功能。智能网联汽车中可能使用该组件。tensorflow组件在2.8.4版本之前、2.9.0至2.9.3版本之间、 2.10.0至2.10.1版本之间的tensorflow/core/kernels/sparse/sparse_matrix.h文件中ExtractVariantFromInput函数存在检查缺陷漏洞，可能导致系统崩溃。,待补充,https://github.com/tensorflow/tensorflow/commit/f856d02e5322821aad155dad9b3acab1e9f5d693,"tensorflow < 2.8.4; 
2.9.0 <= tensorflow < 2.9.3; 
2.10.0 <= tensorflow < 2.10.1",2025-03-06
Syslog-ng、syslog-ng premium、syslog-ng_store_box,软件组件,syslog-ng、syslog-ng premium、syslog-ng_store_box,CVE-2022-38725,syslog-ng是一个开源的日志管理组件，广泛用于收集、处理和分发系统日志。智能网联汽车中可能使用该组件。syslog-ng组件在3.38.1版本之前、syslog-ng premium组件在7.0.32版本之前的RFC3164 解析器存在整数溢出漏洞，可能导致程序崩溃。,待补充,,"syslog-ng < 3.38.1;
syslog-ng premium < 7.0.32;
syslog-ng_store_box < 6.05;
syslog-ng_store_box lts < 7.0",2025-03-05
Tar,软件组件,tar,CVE-2021-32804,GNU tar 是一个归档程序，其主要用途是存储、备份和传输。它用于创建和操作归档文件，为用户提供了一种有组织、有系统的方法来控制大量数据。智能网联汽车中可能使用该组件。tar组件在3.2.2版本之前、4.0.0 到4.4.14版本之间、5.0.0到5.0.6版本之间、6.0.0到6.1.1版本之间存在任意文件覆盖漏洞，可能导致汽车数据被篡改。,待补充,https://github.com/isaacs/node-tar/commit/1f036ca23f64a547bdd6c79c1a44bc62e8115da4,"tar < 3.2.2; 
4.0.0 <= tar < 4.4.14; 
5.0.0 <= tar < 5.0.6; 
6.0.0 <= tar <6.1.1",2025-03-05
Tar,软件组件,tar,CVE-2021-32803,GNU tar 是一个归档程序，其主要用途是存储、备份和传输。它用于创建和操作归档文件，为用户提供了一种有组织、有系统的方法来控制大量数据。智能网联汽车中可能使用该组件。tar组件在3.2.3版本之前、4.0.0至4.4.15版本之间、5.0.0至5.0.7版本之间、6.0.0至6.1.2版本之间的unpack类存在文件覆盖漏洞，可能导致汽车数据被篡改。,待补充,https://github.com/isaacs/node-tar/commit/9dbdeb6df8e9dbd96fa9e84341b9d74734be6c20,"tar < 3.2.3; 
4.0.0 <= tar < 4.4.15; 
5.0.0 <= tar <5.0.7; 
6.0.0 <= tar < 6.1.2",2025-03-04
Tar,软件组件,tar,CVE-2021-20193,GNU tar 是一个归档程序，其主要用途是存储、备份和传输。它用于创建和操作归档文件，为用户提供了一种有组织、有系统的方法来控制大量数据。智能网联汽车中可能使用该组件。tar组件在1.33版本之前的src/list.c文件中read_header函数存在内存泄漏漏洞，可能导致系统拒绝服务。,待补充,https://git.savannah.gnu.org/cgit/tar.git/commit/?id=d9d4435692150fa8ff68e1b1a473d187cc3fd777,tar <= 1.33,2025-03-04
Linux kernel,操作系统内核,Linux kernel,CVE-2024-43866,Linux kernel是美国Linux基金会发布的操作系统Linux所使用的内核。其内核也常用在汽车IVI、TBOX、网关、自动驾驶域控制器等零部件的开源操作系统中。Linux kernel组件在4.13.16 到6.1.113版本之间、 6.2到6.6.45版本之间、 6.7到6.10.4版本之间的net/mlx5存在健康队列状态错误缺陷，可能导致系统崩溃。,待补充,https://git.kernel.org/pub/scm/linux/kernel/git/torvalds/linux.git/commit/?id=1b75da22ed1e6171e261bc9265370162553d5393,"4.13.16 <= Linux kernel < 6.1.113;
6.2 <= Linux kernel < 6.6.45; 
6.7 <= Linux kernel < 6.10.4",2025-03-03
Linux kernel,操作系统内核,Linux kernel,CVE-2021-47599,Linux kernel是美国Linux基金会发布的操作系统Linux所使用的内核。其内核也常用在汽车IVI、TBOX、网关、自动驾驶域控制器等零部件的开源操作系统中。Linux kernel组件在5.15.11版本之前的fs/btrfs/super.c b/fs/btrfs/super.c文件中btrfs_show_devname函数存在设备读取失效缺陷，可能导致程序拒绝服务。,待补充,https://git.kernel.org/pub/scm/linux/kernel/git/torvalds/linux.git/commit/?id=6605fd2f394bba0a0059df2b6cfc87b0b6d393a2,Linux kernel < 5.15.11,2025-03-03
Bluez,软件组件,Bluez,,在车载信息娱乐系统中，系统使用BlueZ蓝牙协议栈且未正确配置访问变量值，可导致未授权用户能够建立蓝牙连接，攻击者通过该漏洞可以在没有认证授权情况下，与车载信息娱乐系统进行蓝牙通信或发送恶意控制指令。,待补充,http://https://android.googlesource.com/platform/packages/modules/Bluetooth/+/25a7d9aaceea0f7d6cb4ae3da5aa66efb0bc7db8,BlueZ <= 5.70,2025-01-24
Linux kernel,操作系统内核,Linux kernel,CVE-2021-46987,Linux kernel是美国Linux基金会发布的操作系统Linux所使用的内核。其内核也常用在汽车IVI、TBOX、网关、自动驾驶域控制器等零部件的开源操作系统中。Linux kernel在5.9到5.11.22版本之间、5.12到5.12.5版本之间的 btrfs 模块存在死锁问题，可能导致系统拒绝服务。,待补充,https://git.kernel.org/pub/scm/linux/kernel/git/torvalds/linux.git/commit/?id=f9baa501b4fd6962257853d46ddffbc21f27e344,5.9 <= Linux kernel < 5.11.22、 5.12 <= Linux kernel < 5.12.5,2025-01-06
Linux kernel,操作系统内核,Linux kernel,CVE-2021-47212,Linux kernel是美国Linux基金会发布的操作系统Linux所使用的内核。其内核也常用在汽车IVI、TBOX、网关、自动驾驶域控制器等零部件的开源操作系统中。Linux kernel在5.2版本的Mellanox mlx5 网络驱动（net/mlx5）存在信息泄露漏洞，在快速卸载流程中，设备进入内部错误状态并开始销毁过程，但销毁命令 MLX5_CMD_OP_DESTROY_UCTX 和 MLX5_CMD_OP_DESTROY_UMEM 返回了 EIO（输入/输出错误），导致 umem 释放过程中出现调用跟踪，泄露了系统内部的堆栈信息。,待补充,https://git.kernel.org/pub/scm/linux/kernel/git/torvalds/linux.git/commit/?id=ba50cd9451f6c49cf0841c0a4a146ff6a2822699,linux_kernel = 5.2,2025-01-03
Linux kernel,操作系统内核,Linux kernel,CVE-2021-47247,Linux kernel是美国Linux基金会发布的操作系统Linux所使用的内核。其内核也常用在汽车IVI、TBOX、网关、自动驾驶域控制器等零部件的开源操作系统中。Linux kernel组件在5.4到5.12.13版本之间的/drivers/net/ethernet/mellanox/mlx5/core/en/rep/neigh.c文件中mlx5e_rep_neigh_update函数存在错误逻辑处理漏洞，可能导致系统崩溃。,待补充,https://git.kernel.org/pub/scm/linux/kernel/git/torvalds/linux.git/commit/?id=fb1a3132ee1ac968316e45d21a48703a6db0b6c3,5.4 <= linux kernel < 5.12.13,2025-01-03
GLib,软件组件,GLib,CVE-2023-32665,Glib库是linux平台下常见的C语言函数库，具有移植性好，实用性强的特点。Glib能提供队列、链表、树、线程同步、信号、对象等复杂类型。是智能网联汽车常用的组件。Glib组件在2.74.4版本之前的 GVariant 反序列化功能存在拒绝服务漏洞，可能导致系统拒绝服务。,待补充,https://gitlab.gnome.org/GNOME/glib/-/merge_requests/3126/diffs#07d0da30c7f180d7cb0be185e882e78691732bb2,Glib < 2.74.4,2025-01-02
Glib,软件组件,Glib,CVE-2023-32611,Glib库是linux平台下常见的C语言函数库，具有移植性好，实用性强的特点。Glib能提供队列、链表、树、线程同步、信号、对象等复杂类型，是智能网联汽车常用的组件。Glib组件在2.74.2版本之前的glib/gvariant.c文件中g_variant_byteswap函数存在拒绝服务漏洞，可能导致系统拒绝服务。,待补充,https://gitlab.gnome.org/GNOME/glib/-/issues/2797,Glib < 2.74.2,2025-01-02
Redis,软件组件,Redis,CVE-2024-31449,Redis（Remote Dictionary Server）是一种开源的内存数据库和缓存系统，具有高性能和多功能性的特点，广泛用于缓存、实时分析、消息队列、会话存储等各种场景。智能网联汽车中可能使用该组件。Redis组件在deps/lua/src/lua_bit.c文件中bit_tohex函数存在栈缓冲区溢出漏洞，可能导致系统拒绝服务。,待补充,https://github.com/redis/redis/commit/1f7c148be2cbacf7d50aa461c58b871e87cc5ed9,"2.6 <=Redis  < 6.2.16;
7.0.0 <= Redis < 7.2.6;
7.3.0 <= Redis < 7.4.1",2024-12-31
Glib,软件组件,Glib,CVE-2024-34397,Glib库是linux平台下常见的C语言函数库，具有移植性好，实用性强的特点。Glib能提供队列、链表、树、线程同步、信号、对象等复杂类型。是智能网联汽车常用的组件。Glib组件在2.78.5版本之前、2.78.0到2.80.1版本之间的GDBus信号订阅机制存在检查缺陷漏洞，可能导致恶意程序执行。,待补充,https://gitlab.gnome.org/GNOME/glib/-/commit/d4b65376512b40ed602119f7492e5eb27a423cbc,Glib < 2.78.5、2.80.0 <= Glib <2.80.1,2024-12-31
Glib,软件组件,Glib,CVE-2024-52533,Glib库是linux平台下常见的C语言函数库，具有移植性好，实用性强的特点。Glib能提供队列、链表、树、线程同步、信号、对象等复杂类型，是智能网联汽车常用的组件。Glib组件在2.28.1版本之前的gio/gsocks4aproxy.c文件中g_socks4a_proxy_init函数存在缓冲区溢出漏洞，可能导致系统崩溃。,待补充,https://gitlab.gnome.org/GNOME/glib/-/commit/25833cefda24c60af913d6f2d532b5afd608b821,Glib < 2.28.1,2024-12-30
Redis,软件组件,Redis,CVE-2024-46981,Redis（Remote Dictionary Server）是一种开源的内存数据库和缓存系统，具有高性能和多功能性的特点，广泛用于缓存、实时分析、消息队列、会话存储等各种场景。智能网联汽车中可能使用该组件。Redis组件在7.4.0-7.4.2版本、7.2.0到7.2.7版本之间、 6.2.17版本之前的src/eval.c文件中scriptingRelease函数存在检查缺陷漏洞，可能导致恶意代码执行。,待补充,https://github.com/redis/redis/commit/e344b2b5879aa52870e6838212dfb78b7968fcbf,"7.4.0 <= Redis < 7.4.2;
7.2.0 <= Redis < 7.2.7;
Redis < 6.2.17",2024-12-30
Avahi,软件组件,Avahi,CVE-2024-52616,Avahi是一套自由的零配置网络解决方案，包含一套多播DNS/DNS-SD服务发现系统，Avahi使应用程序能够公布或发现局域网上运行的服务和主机。智能网联汽车中可能使用该组件。Avahi组件在0.9版本之前的DNS 事务ID存在可预测漏洞，可能导致零部件遭受DNS欺骗攻击。,待补充,https://github.com/avahi/avahi/pull/659/files,Avahi < 0.9,2024-12-27
Tcpdump,软件组件,tcpdump,CVE-2023-1801,tcpdump是一个在linux系统中用于捕获网络数据包的开源工具。智能网联汽车中可能使用该组件。tcpdump组件在4.99.3版本中SMB协议解码器存在内存溢出漏洞，可能导致应用程序拒绝服务。,待补充,https://github.com/the-tcpdump-group/tcpdump/commit/03c037bbd75588beba3ee09f26d17783d21e30bc,tcpdump = 4.99.3,2024-12-27
Tensorflow,软件组件,tensorflow,CVE-2022-41910,tensorflow是一个强大的开源机器学习框架，用于构建和训练各种复杂的神经网络模型，它广泛应用于图像识别、自然语言处理、语音识别等领域，特别在自动驾驶领域，tensorflow框架可以提供图像与传感器数据的处理，路径规划及决策等功能。智能网联汽车中可能使用该组件。tensorflow组件在2.8.4版本之前、2.9.0到2.9.3、2.10.0版本之间的tensorflow/core/grappler/utils/functions.cc文件中MakeGrapplerFunctionItem函数存在内存溢出漏洞，可能导致应用程序拒绝服务。,待补充,https://github.com/tensorflow/tensorflow/commit/a65411a1d69edfb16b25907ffb8f73556ce36bb7,"tensorflow < 2.8.4;
2.9.0 <= tensorflow <2.9.3;
tensorflow =2.10.0",2024-12-26
Tensorflow,软件组件,tensorflow,CVE-2022-41909,tensorflow是一个强大的开源机器学习框架，用于构建和训练各种复杂的神经网络模型，它广泛应用于图像识别、自然语言处理、语音识别等领域，特别在自动驾驶领域，tensorflow框架可以提供图像与传感器数据的处理，路径规划及决策等功能。智能网联汽车中可能使用该组件。tensorflow组件在2.8.4版本之前、2.9.0到2.9.3、2.10.0版本之间的tensorflow/core/kernels/composite_tensor_ops.cc文件中CompositeTensorVariantToComponents类中存在拒绝服务漏洞，可能导致应用程序拒绝服务。,待补充,https://github.com/tensorflow/tensorflow/commit/bf594d08d377dc6a3354d9fdb494b32d45f91971,"tensorflow < 2.8.4;
2.9.0 <= tensorflow < 2.9.3;
tensorflow =2.10.0",2024-12-26
Tensorflow,软件组件,tensorflow,CVE-2022-41908,tensorflow是一个强大的开源机器学习框架，用于构建和训练各种复杂的神经网络模型，它广泛应用于图像识别、自然语言处理、语音识别等领域，特别在自动驾驶领域，tensorflow框架可以提供图像与传感器数据的处理，路径规划及决策等功能。智能网联汽车中可能使用该组件。tensorflow组件在2.8.4版本之前、2.9.0到2.9.3、2.10.0版本的tf.raw_ops.PyFunc操作中存在检查缺陷漏洞，可能导致应用程序拒绝服务。,待补充,https://github.com/tensorflow/tensorflow/commit/9f03a9d3bafe902c1e6beb105b2f24172f238645,"tensorflow < 2.8.4;
2.9.0 <=  tensorflow < 2.9.3;
tensorflow =2.10.0",2024-12-25
Tesseract,软件组件,tesseract,CVE-2021-36081,"tesseract是一个开源的光学字符识别（OCR）引擎，能够将图像中的文字转换为可编辑的文本格式，支持高精度的文字识别、图像转换等。智能网联汽车设备中可能使用该组件。tesseract组件在5.0.0-alpha-20201231版本中src\ccmain\reject.cpp文件中tesseract::one_ell_conflict函数存在释放后重用漏洞,可能导致系统拒绝服务。",待补充,https://github.com/tesseract-ocr/tesseract/commit/e6f15621c2ab2ecbfabf656942d8ef66f03b2d55,tesseract = 5.0.0-alpha-20201231,2024-12-25
Redis,软件组件,Redis,CVE-2022-24736,Redis（Remote Dictionary Server）是一种开源的内存数据库和缓存系统，具有高性能和多功能性的特点，广泛用于缓存、实时分析、消息队列、会话存储等各种场景。智能网联汽车中可能使用该组件。Redis 组件在6.2.7版本之前、在7.0.0版本中的lua脚本处理功能存在空指针引用漏洞，可能导致系统拒绝服务。,待补充,https://github.com/redis/redis/pull/10651/files#diff-3f6891fec05432f415cfd49150db67e2bc72d20e0a94a4e3ac762f7ff55f9921,Redis < 6.2.7、Redis = 7.0.0,2024-12-24
Thrift,软件组件,thrift,CVE-2021-24028,facebook thrift是一个开源的跨语言远程过程调用（RPC）框架，被用于实现不同模块或服务之间的高效通信。智能网联汽车中可能使用该组件。thrift组件在2021.02.22.00版本之前的序列化功能存在内存释放漏洞，可能导致系统拒绝服务。,待补充,https://github.com/facebook/fbthrift/commit/bfda1efa547dce11a38592820916db01b05b9339,thrift < 2021.02.22.00,2024-12-24
Libxml2,软件组件,libxml2,CVE-2024-34459,libxml2是智能网联汽车中常用库之一，是一个用于解析和操作XML文档的库。libxml2提供了丰富的API，支持XML的解析、生成、操作和转换。libxml2组件在libxml2 < 2.11.8、2.12.0 <= libxml2 < 2.12.7版本的xmllint.c文件中xmlHTMLPrintFileContext函数存在堆溢出漏洞，可能导致系统拒绝服务。,待补充,https://gitlab.gnome.org/GNOME/libxml2/-/commit/8ddc7f13337c9fe7c6b6e616f404b0fffb8a5145,"libxml2 < 2.11.8;
2.12.0 <= libxml2 < 2.12.7",2024-12-23
Gdkpixbuf,软件组件,gdkpixbuf,CVE-2022-48622,gdkpixbuf是GNOME项目中的一个开源库，用于加载和操作图像数据，支持多种图像格式的解码，包括位图、JPEG、PNG、TIFF等。智能网联汽车中可能使用该组件。gdkpixbuf组件在2.42.10版本之前的 gdk-pixbuf.c文件中 gdk_pixbuf_set_option()函数存在堆溢出漏洞，可能导致系统拒绝服务。,待补充,https://gitlab.gnome.org/GNOME/gdk-pixbuf/-/commit/00c071dd11f723ca608608eef45cb1aa98da89cc,gdkpixbuf < = 2.42.10,2024-12-23
Mosquitto,软件组件,Mosquitto,CVE-2024-10525,Mosquitto是一个开源的消息代理服务器，实现了MQTT（Message Queuing Telemetry Transport）协议。它允许设备和应用程序通过发布/订阅模式进行通信，是物联网（IoT）领域常用的消息传递组件之一，适用在低功耗传感器、嵌入式设备、微型控制器等领域。智能网联汽车中可能使用该组件。Mosquitto组件在1.3.2（包含） 到 2.0.19(不包含)版本之间的lib/handle_suback.c文件中handle__suback函数存在检查缺陷漏洞，可能导致系统拒绝服务。,待补充,https://github.com/eclipse-mosquitto/mosquitto/commit/8ab20b4ba4204fdcdec78cb4d9f03c944a6e0e1c,1.3.2 <= Mosquitto < 2.0.19,2024-12-20
BlueZ,软件组件,BlueZ,CVE-2023-27349,BlueZ是Linux系统中的官方蓝牙协议栈，它提供了一套完整的蓝牙支持，包括硬件抽象层、协议层、配置文件和用户空间工具，使得Linux设备能够实现蓝牙设备的发现、配对、连接和数据传输等功能。智能网联汽车中可能使用该组件。BlueZ组件在5.66版本之前的profiles/audio/avrcp.c文件中avrcp_handle_event函数存在检查缺陷漏洞，可能导致系统崩溃。,待补充,https://git.kernel.org/pub/scm/bluetooth/bluez.git/commit/?id=f54299a850676d92c3dafd83e9174fcfe420ccc9,BlueZ <= 5.66,2024-12-20
OpenVPN,软件组件,OpenVPN,CVE-2022-0547,OpenVPN 是一个开源的虚拟专用网络（VPN）解决方案，它为点对点或站点到站点的加密连接提供安全的网络通信。OpenVPN 使用 SSL/TLS 协议来确保数据加密、身份验证和数据完整性，它不仅支持传统的基于证书的认证方式，还支持用户名/密码、双因素认证等多种认证方式。智能网联汽车中可能使用该组件。OpenVPN组件在 2.1 至 2.4.12版本、2.5.0到2.5.6版本之间在使用外部认证插件过程中存在认证绕过漏洞。OpenVPN在允许使用外部插件进行用户认证过程中，外部插件如果使用延迟认证，当多个插件同时使用延迟认证回复时，可能导致认证机制绕过。,待补充,https://github.com/OpenVPN/openvpn/commit/58ec3bb4aac77131118dbbc39a65181e7847adee,2.1.0 <= OpenVPN ＜ 2.4.12、2.5.0 <= OpenVPN <2.5.6,2024-12-19
Rsync,软件组件,rsync,CVE-2022-29154,rsync是一款开源的文件复制工具。它可以在系统本地复制文件，也可以远程复制文件。在智能网联汽车中可能使用该组件。rsync组件在3.2.5版本之前的远程传输功能存在文件名校验漏洞，可能导致攻击者向客户端目标目录及其子目录中写入任意文件。,待补充,https://git.samba.org/?p=rsync.git;a=commitdiff;h=b7231c7d02cfb65d291af74ff66e7d8c507ee871;hp=15c34f0a8c76e250f5487997849ab31e40e556e9,rsync＜3.2.5,2024-12-19
BlueZ,软件组件,BlueZ,CVE-2021-3658,BlueZ是Linux系统中的官方蓝牙协议栈，它提供了一套完整的蓝牙支持，包括硬件抽象层、协议层、配置文件和用户空间工具，使得Linux设备能够实现蓝牙设备的发现、配对、连接和数据传输等功能。智能网联汽车中可能使用该组件。BlueZ组件在5.61版本之前的设备发现功能存在检查缺陷漏洞，可能导致设备被未授权的攻击者发现与连接。,待补充,https://git.kernel.org/pub/scm/bluetooth/bluez.git/commit/?id=b497b5942a8beb8f89ca1c359c54ad67ec843055,BlueZ < 5.61,2024-12-18
Colord,软件组件,colord,CVE-2021-42523,colord是一个用于管理、安装和生成颜色配置文件的系统服务，支持配置数据保存、会话级别的系统设置，实现对输入和输出设备进行精确的颜色管理。智能网联汽车中可能使用该组件。colord组件在1.4.4和1.4.5版本的src/cd-device-db.c文件中cd_device_db_load函数存在内存泄漏漏洞，可能导致colord组件调用sqlite3的sqlite3_exec函数时出现内存泄露，进而导致系统崩溃。,待补充,https://github.com/hughsie/colord/commit/adf41f36cf7214d7d6fa8d528b74eba47c377405,colord = 1.4.4、colord = 1.4.5,2024-12-18
postgreSQL,软件组件,postgreSQL,CVE-2024-0985,postgreSQL 是一个强大的关系型数据库管理系统（RDBMS），具有 ACID（原子性、一致性、隔离性、持久性）属性，支持事务管理、数据完整性约束和复杂查询功能。它能够管理大规模的数据并支持 SQL 查询。智能网联汽车中可能使用该组件。postgreSQL组件在12.0到12.18、13.0到13.14、14.0到14.11、15.0到15.6版本中存在延时权限降级漏洞，可能导致恶意命令运行。,待补充,,12.0 <= postgreSQL < 12.18、 13.0 <= postgreSQL < 13.14、 14.0 <= postgreSQL < 14.11、 15.0 <= postgreSQL < 15.6,2024-12-17
Tinyproxy,软件组件,tinyproxy,CVE-2023-49606,tinyproxy是一个面向posix系统开发的轻量级开源http/https代理守护进程，适合嵌入式场景。智能网联汽车中可能使用该组件。tinyproxy组件在1.10.0和1.11.1版本中的src/reqs.c文件中remove_connection_headers函数存在释放后重用漏洞，可能导致系统崩溃。,待补充,https://github.com/tinyproxy/tinyproxy/commit/12a8484265f7b00591293da492bb3c9987001956,"tinyproxy = 1.11.1, tinyproxy = 1.10.0",2024-12-17
Tensorflow,软件组件,tensorflow,CVE-2023-25662,"tensorFlow是一个强大的开源机器学习框架，用于构建和训练各种复杂的神经网络模型，它广泛应用于图像识别、自然语言处理、语音识别等领域，特别在自动驾驶领域，tensorflow框架可以提供图像与传感器数据的处理，路径规划及决策等功能。智能网联汽车中可能使用该组件。tensorflow组件在2.12.0版本之前的tensorflow/core/ops/array_ops.cc文件中宏定义的编辑距离操作 REGISTER_OP(""EditDistance"")中存在整数溢出漏洞，可能导致程序拒绝服务或执行结果异常。",待补充,https://github.com/tensorflow/tensorflow/commit/08b8e18643d6dcde00890733b270ff8d9960c56c#diff-b66fb13cef30f4e05f1551ba813bd2c1024bf8269809a0ff2c62676c6d4331a6R1079,tensorflow < 2.12.0,2024-12-16
Tensorflow,软件组件,tensorflow,CVE-2023-25663,tensorflow是一个强大的开源机器学习框架，用于构建和训练各种复杂的神经网络模型，它广泛应用于图像识别、自然语言处理、语音识别等领域，特别在自动驾驶领域，tensorflow框架可以提供图像与传感器数据的处理，路径规划及决策等功能。智能网联汽车中可能使用该组件。tensorflow组件在2.12.0版本之前的tensorflow/core/kernels/tensor_array_ops.cc文件中GetTensorArray函数存在空指针引用漏洞，可能导致系统拒绝服务或自动驾驶业务流执行异常。,待补充,https://github.com/tensorflow/tensorflow/commit/239139d2ae6a81ae9ba499ad78b56d9b2931538a,tensorflow < 2.12.0,2024-12-16
Tensorflow,软件组件,tensorflow,CVE-2023-25660,tensorFlow是一个强大的开源机器学习框架，用于构建和训练各种复杂的神经网络模型，它广泛应用于图像识别、自然语言处理、语音识别等领域，特别在自动驾驶领域，tensorflow框架可以提供图像与传感器数据的处理，路径规划及决策等功能。智能网联汽车中可能使用该组件。tensorflow组件在2.12.0版本之前的tensorflow/core/framework/tensor.cc文件中 SummarizeArray<bool>函数存在空指针引用漏洞，可能导致可能导致系统拒绝服务或自动驾驶业务流执行异常。,待补充,https://github.com/tensorflow/tensorflow/commit/6d423b8bcc9aa9f5554dc988c1c16d038b508df1#diff-1b3c5df98d36d56bc20f9126c0bdd1880c6588afcbc68ef0cda15120c2b3842fR1297,tensorflow < 2.12.0,2024-12-13
Tensorflow,软件组件,tensorflow,CVE-2023-25661,"tensorFlow是一个强大的开源机器学习框架，用于构建和训练各种复杂的神经网络模型，它广泛应用于图像识别、自然语言处理、语音识别等领域，特别在自动驾驶领域，tensorflow框架可以提供图像与传感器数据的处理，路径规划及决策等功能。智能网联汽车中可能使用该组件。tensorflow组件在2.11.1版本之前的tensorflow/core/kernels/conv_grad_ops_3d.cc文件中Conv3DBackpropInputOp<GPUDevice, T>::Compute函数存在检查缺陷漏洞，可能导致系统拒绝服务。",待补充,https://github.com/tensorflow/tensorflow/commit/948fe6369a5711d4b4568ea9bbf6015c6dfb77e2#diff-93b8786067db115368567f1db78fbdec65aa8775844527958fc5faa44f6dd70eR1300,tensorflow < 2.11.1,2024-12-13
Tensorflow,软件组件,tensorflow,CVE-2023-25658,tensorFlow是一个强大的开源机器学习框架，用于构建和训练各种复杂的神经网络模型，它广泛应用于图像识别、自然语言处理、语音识别等领域，特别在自动驾驶领域，tensorflow框架可以提供图像与传感器数据的处理，路径规划及决策等功能。智能网联汽车中可能使用该组件。tensorflow组件在2.12.0版本之前的tensorflow/core/kernels/gru_ops.cc文件中GRUBlockCellGrad函数存在越界读取漏洞，可能导致系统崩溃。,待补充,https://github.com/tensorflow/tensorflow/commit/ff459137c2716a2a60f7d441b855fcb466d778cb,tensorflow < 2.12.0,2024-12-12
Tensorflow,软件组件,tensorflow,CVE-2023-25659,tensorFlow是一个强大的开源机器学习框架，用于构建和训练各种复杂的神经网络模型，它广泛应用于图像识别、自然语言处理、语音识别等领域，特别在自动驾驶领域，tensorflow框架可以提供图像与传感器数据的处理，路径规划及决策等功能。智能网联汽车中可能使用该组件。tensorflow组件在2.12.0版本之前的tensorflow/core/kernels/dynamic_stitch_op.cc文件中DynamicStitchOpImplBase::CheckArgsAndAllocateResult函数存在检查缺陷漏洞，可能导致系统拒绝服务。,待补充,https://github.com/tensorflow/tensorflow/commit/ee004b18b976eeb5a758020af8880236cd707d05#diff-75ab64865741c331dec76e293ff6606be45d97b690b8d1656b8ce09e85b728daR75,tensorflow < 2.12.0,2024-12-12
Openssh,软件组件,openssh,CVE-2023-25136,openssh（Open Secure Shell）是一个用于实现安全的远程登录和安全网络服务的开源组件。openssh通过加密所有传输的数据，确保数据的机密性和完整性，并且还支持多种认证方式，包括密码、公共密钥、GSSAPI等。它还支持端口转发（也称为隧道），可以通过SSH隧道将其他协议的数据流通过安全的SSH连接传输，从而增加其他协议的安全性。在智能网联汽车中可能使用该组件。openssh组件在9.1版本的ssh/compat.c文件中compat_kex_proposal函数存在双重释放漏洞，可能导致系统拒绝服务。,待补充,https://ftp.openbsd.org/pub/OpenBSD/patches/7.2/common/017_sshd.patch.sig,openssh = 9.1,2024-12-11
Poppler,软件组件,poppler,CVE-2022-38349,poppler是一个用于处理PDF文档的开源库，提供了包括页面提取、文本提取、PDF转换和注释等功能。智能网联汽车可能使用该组件。poppler组件在22.08.0版本的poppler/PDFDoc.cc文件中PDFDoc::replacePageDict函数存在检查缺陷漏洞，可能导致系统拒绝服务。,待补充,https://gitlab.freedesktop.org/poppler/poppler/-/commit/4564a002bcb6094cc460bc0d5ddff9423fe6dd28,poppler = 22.08.0,2024-12-11
Poppler,软件组件,poppler,CVE-2022-37050,poppler是一个用于处理PDF文档的开源库，提供了包括页面提取、文本提取、PDF转换和注释等功能。智能网联汽车可能使用该组件。poppler组件在22.07.0版本的poppler/PDFDoc.cc文件中PDFDoc::savePageAs函数存在拒绝服务漏洞，可能导致系统崩溃。,待补充,https://gitlab.freedesktop.org/poppler/poppler/-/commit/dcd5bd8238ea448addd102ff045badd0aca1b990,poppler = 22.07.0,2024-12-10
Poppler,软件组件,poppler,CVE-2022-37051,poppler是一个用于处理PDF文档的开源库，提供了包括页面提取、文本提取、PDF转换和注释等功能。智能网联汽车可能使用该组件。poppler组件在22.07.0版本的utils/pdfunite.cc文件中main函数存在检查缺陷漏洞，在处理嵌入文件时可能导致系统拒绝服务。,待补充,https://gitlab.freedesktop.org/poppler/poppler/-/commit/4631115647c1e4f0482ffe0491c2f38d2231337b,poppler = 22.07.0,2024-12-10
Poppler,软件组件,poppler,CVE-2022-27337,poppler是一个用于处理PDF文档的开源库，提供了包括页面提取、文本提取、PDF转换和注释等功能。智能网联汽车可能使用该组件。poppler组件在22.03.0版本的poppler/Hints.cc文件中Hints::Hints函数存在拒绝服务漏洞，可能导致系统拒绝服务。,待补充,https://gitlab.freedesktop.org/poppler/poppler/-/commit/81044c64b9ed9a10ae82a28bac753060bdfdac74#,poppler = 22.03.0,2024-12-09
Openssl,软件组件,openssl,CVE-2022-4203,openssl是一个开源的能够实现安全套接层（SSL）和安全传输层（TLS）协议的通用加密库，常用于车云通信中对传输协议的加解密。该组件支持多种加密算法，包括对称密码、哈希算法、安全散列算法等。智能网联汽车中使用该组件。openssl组件在3.0.0到3.0.8版本之间的证书验证功能存在缓冲区溢出漏洞，可能导致系统崩溃。,待补充,https://github.com/openssl/openssl/commit/c927a3492698c254637da836762f9b1f86cffabc,3.0.0 <= openssl < 3.0.8,2024-12-09
Netty,软件组件,Netty,CVE-2023-34462,Netty是一个高性能、异步事件驱动的Java网络编程框架，它提供了易于使用的API来快速开发稳定且可扩展的网络服务器和客户端，支持多种协议，广泛应用于需要高吞吐量和低延迟的网络通信场景。智能网联汽车中可能使用该组件。Netty组件低于4.1.94版本的handler/src/main/java/io/netty/handler/ssl/SniHandler.java 文件中SniHandler函数存在内存溢出漏洞，可能导致拒绝服务。,待补充,https://github.com/netty/netty/commit/535da17e45201ae4278c0479e6162bb4127d4c32,Netty < 4.1.94,2024-12-06
postgreSQL,软件组件,postgreSQL,CVE-2022-1552,postgreSQL 是一个强大的关系型数据库管理系统（RDBMS），具有 ACID（原子性、一致性、隔离性、持久性）属性，支持事务管理、数据完整性约束和复杂查询功能。它能够管理大规模的数据并支持 SQL 查询。智能网联汽车中可能使用该组件。postgrepSQL组件在10.0到10.21、11.0到11.16、12.0到12.11、13.0到13.7、14.0到14.3版本之间存在权限切换漏洞，可能导致攻击者创建未授权用户来维持对系统的攻击权限。,待补充,https://git.postgresql.org/gitweb/?p=postgresql.git;a=commitdiff;h=0abc1a059e27c5a71a1a186c97d9c0af407469cc,10.0 <= postgreSQL < 10.21、11.0 <= postgreSQL < 11.16、 12.0 <= postgreSQL < 12.11、 13.0 <= postgreSQL < 13.7、 14.0 <= postgreSQL < 14.3,2024-12-06
openVPN,软件组件,openVPN,CVE-2021-3547,openVPN 是一个开源的虚拟专用网络（VPN）解决方案，它为点对点或站点到站点的加密连接提供安全的网络通信。openVPN 使用 SSL/TLS 协议来确保数据加密、身份验证和数据完整性，它不仅支持传统的基于证书的认证方式，还支持用户名/密码、双因素认证等多种认证方式。智能网联汽车中可能使用该组件。openVPN组件在3.6版本和3.6.1版本中存在证书绕过漏洞，可能导致非授权访问。,待补充,https://github.com/OpenVPN/openvpn3/commit/11f964076d1c8c394f679b00a0242424a98b88d8,openVPN = 3.6、 openVPN = 3.6.1,2024-12-06
postgreSQL,软件组件,postgreSQL,CVE-2021-3393,postgreSQL 是一个强大的关系型数据库管理系统（RDBMS），具有 ACID（原子性、一致性、隔离性、持久性）属性，支持事务管理、数据完整性约束和复杂查询功能。它能够管理大规模的数据并支持 SQL 查询。智能网联汽车中可能使用该组件。postgreSQL组件在11.11版本之前、12.0到12.6版本之间、13.0到13.2版本之间的src/backend/executor/execMain.c文件中ExecBuildSlotValueDescription函数和ExecUpdateLockMode函数存在处理列表数据异常错误，导致postgreSQL组件中存在信息泄露漏洞，可能导致敏感信息泄露。,待补充,https://git.postgresql.org/gitweb/?p=postgresql.git;a=commitdiff;h=6214e2b2280462cbc3aa1986e350e167651b3905,postgreSQL < 11.11、 12.0 <= postgreSQL < 12.6、 13.0 <= postgreSQL <13.2,2024-12-06
Tinyxml,软件组件,tinyxml,CVE-2021-42260,tinyxml是一个开源的解析xml文件的库，通过解析xml文件在内存中生成DOM模型，可方便遍历XML结构。智能网联汽车中可能使用该组件。tinyxml组件在2.3.0-beta、2.3.1-beta、2.3.2到2.6.2版本中的tinyxmlparser.cpp文件中TiXmlBase::SkipWhiteSpace函数存在拒绝服务漏洞，可能导致应用程序拒绝服务。,待补充,,"tinyxml = 2.3.0-beta;
tinyxml = 2.3.1-beta;
2.3.2 <= tinyxml <= 2.6.2",2024-12-06
MariaDB,软件组件,MariaDB,CVE-2022-32081,MariaDB是一个高性能、开源的数据库管理系统，它是MySQL的一个分支，与MySQL高度兼容的同时，引入了新的存储引擎、查询优化和安全功能，旨在提供更好的性能、可靠性和灵活性，适用于各种规模的应用，从小型应用到大型企业级解决方案。智能网联汽车中可能使用该组件。MariaDB组件在10.4.0（含）到10.4.26版本、10.5.0（含）到10.5.17版本、10.6.0（含）到10.6.9版本、10.7.0（含）到10.7.5版本、10.8.0（含）到10.8.4版本、10.9.0（含）到10.9.2版本的/storage/innobase/handler/handler0alter.cc文件中prepare_inplace_add_virtual函数存在释放后使用漏洞，可能造成程序崩溃。,待补充,,10.4.0 <= MariaDB<10.4.26、10.5.0 <= MariaDB<10.5.17、10.6.0 <= MariaDB<10.6.9、10.7.0 <= MariaDB<10.7.5、10.8.0 <= MariaDB<10.8.4、10.9.0 <= MariaDB<10.9.2,2024-12-05
MariaDB,软件组件,MariaDB,CVE-2022-47015,MariaDB是一个高性能、开源的数据库管理系统，它是MySQL的一个分支，与MySQL高度兼容的同时，引入了新的存储引擎、查询优化和安全功能，旨在提供更好的性能、可靠性和灵活性，适用于各种规模的应用，从小型应用到大型企业级解决方案。智能网联汽车中可能使用该组件。MariaDB组件在10.3.0（含）至10.3.39版本、10.4.0（含）至10.4.29版本、10.5.0（含）至10.5.20版本、10.6.0（含）至10.6.13版本、10.8.0（含）至10.8.8版本、10.9.0（含）至10.9.6版本、10.10.0（含）至10.10.4版本、10.11.0（含）至10.11.3版本的storage/spider/spd_db_mysql.cc文件中spider_db_mbase::print_warnings函数存在空指针解引用漏洞，可能导致拒绝服务。,待补充,https://github.com/MariaDB/server/commit/be0a46b3d52b58956fd0d47d040b9f4514406954,10.3.0 <= MariaDB<10.3.39、10.4.0 <= MariaDB<10.4.29、10.5.0 <= MariaDB<10.5.20、10.6.0 <= MariaDB<10.6.13、10.8.0 <= MariaDB<10.8.8、10.9.0 <= MariaDB<10.9.6、10.10.0 <= MariaDB<10.10.4、10.11.0 <= MariaDB<10.11.3,2024-12-05
MariaDB,软件组件,MariaDB,CVE-2022-32091,MariaDB是一个高性能、开源的数据库管理系统，它是MySQL的一个分支，与MySQL高度兼容的同时，引入了新的存储引擎、查询优化和安全功能，旨在提供更好的性能、可靠性和灵活性，适用于各种规模的应用，从小型应用到大型企业级解决方案。智能网联汽车中可能使用该组件。MariaDB组件在10.3.0（含）到10.3.36版本、10.4.0（含）到10.4.26版本、10.5.0（含）到10.5.17版本、10.6.0（含）到10.6.9版本、10.7.0（含）到10.7.5版本、10.8.0（含）到10.8.4版本、10.9.0（含）到10.9.2版本的/libsanitizer/sanitizer_common/sanitizer_common_interceptors.inc文件中 __interceptor_memset函数存在释放后使用漏洞，可能导致程序崩溃。,待补充,,10.3.0 <= MariaDB<10.3.36、10.4.0 <= MariaDB<10.4.26、10.5.0 <= MariaDB<10.5.17、10.6.0 <= MariaDB<10.6.9、10.7.0 <= MariaDB<10.7.5、10.8.0 <= MariaDB<10.8.4、10.9.0 <= MariaDB<10.9.2,2024-12-05
Netty,软件组件,Netty,CVE-2022-41915,Netty是一个高性能、异步事件驱动的Java网络编程框架，它提供了易于使用的API来快速开发稳定且可扩展的网络服务器和客户端，支持多种协议，广泛应用于需要高吞吐量和低延迟的网络通信场景。智能网联汽车中可能使用该组件。Netty组件在4.1.83（含）到4.1.86版本的/codec-http/src/main/java/io/netty/handler/codec/http/DefaultHttpHeaders.java文件中DefaultHttpHeaders.set函数存在解析冲突漏洞，可能导致恶意注入。,待补充,https://github.com/netty/netty/commit/fe18adff1c2b333acb135ab779a3b9ba3295a1c4,4.1.83 <= Netty<4.1.86,2024-12-05
MariaDB,软件组件,MariaDB,CVE-2022-27456,MariaDB是一个高性能、开源的数据库管理系统，它是MySQL的一个分支，与MySQL高度兼容的同时，引入了新的存储引擎、查询优化和安全功能，旨在提供更好的性能、可靠性和灵活性，适用于各种规模的应用，从小型应用到大型企业级解决方案。智能网联汽车中可能使用该组件。MariaDB组件在10.3.0（含）到10.3.35、10.4.0（含）到10.4.25、10.5.0（含）到10.5.16、10.6.0（含）到10.6.8、10.7.0（含）到10.7.4版本的/strings/ctype-latin1.c文件中my_mb_wc_latin1模块存在释放后使用漏洞，可能导致程序崩溃。,待补充,,"10.3.0<=MariaDB<10.3.35;
10.4.0<=MariaDB<10.4.25;
10.5.0<=MariaDB<10.5.16;
10.6.0<=MariaDB<10.6.8;
10.7.0<=MariaDB<10.7.4",2024-12-04
MariaDB,软件组件,MariaDB,CVE-2022-31621,MariaDB是一个高性能、开源的数据库管理系统，它是MySQL的一个分支，与MySQL高度兼容的同时，引入了新的存储引擎、查询优化和安全功能，旨在提供更好的性能、可靠性和灵活性，适用于各种规模的应用，从小型应用到大型企业级解决方案。智能网联汽车中可能使用该组件。MariaDB组件在低于10.2.41、10.3.0（含）到10.3.32、10.4.0（含）到10.4.22、10.5.0（含）到10.5.13、10.6.0（含）到10.6.5版本的extra/mariabackup/ds_xbstream.cc文件中xbstream_open函数存在不正确的锁定漏洞，可能导致拒绝服务。,待补充,https://github.com/MariaDB/server/commit/b1351c15946349f9daa7e5297fb2ac6f3139e4a8,MariaDB<10.2.41、10.3.0<=MariaDB<10.3.32、10.4.0<=MariaDB<10.4.22、10.5.0<=MariaDB<10.5.13、10.6.0<=MariaDB<10.6.5,2024-12-04
MariaDB,软件组件,MariaDB,CVE-2022-31624,MariaDB是一个高性能、开源的数据库管理系统，它是MySQL的一个分支，提供了与MySQL高度兼容的同时，引入了新的存储引擎、查询优化和安全功能，旨在提供更好的性能、可靠性和灵活性，适用于各种规模的应用，从小型应用到大型企业级解决方案。智能网联汽车中可能使用该组件。MariaDB组件在低于10.2.41、10.3.0（含）到10.3.32、10.4.0（含）到10.4.22、10.5.0（含）到10.5.13、10.6.0（含）到10.6.5版本的plugin/server_audit/server_audit.c文件中log_statement_ex函数存在不正确的锁定漏洞，可能导致拒绝服务。,待补充,https://github.com/MariaDB/server/commit/d627d00b13ab2f2c0954ea7b77202470cb102944,MariaDB<10.2.41、10.3.0<=MariaDB<10.3.32、10.4.0<=MariaDB<10.4.22、10.5.0<=MariaDB<10.5.13、10.6.0<=MariaDB<10.6.5,2024-12-04
MariaDB,软件组件,MariaDB,CVE-2022-31623,MariaDB是一个高性能、开源的数据库管理系统，它是MySQL的一个分支，提供了与MySQL高度兼容的同时，引入了新的存储引擎、查询优化和安全功能，旨在提供更好的性能、可靠性和灵活性，适用于各种规模的应用，从小型应用到大型企业级解决方案。智能网联汽车中可能使用该组件。MariaDB组件在低于10.2.42、10.3.0（含）到10.3.33、10.4.0（含）到10.4.23、10.5.0（含）到10.5.14、10.6.0（含）到10.6.6、10.7.0（含）到10.7.2版本的extra/mariabackup/ds_compress.cc文件中create_worker_threads函数存在不正确的锁定漏洞，可能导致拒绝服务。,待补充,https://github.com/MariaDB/server/commit/7c30bc38a588b22b01f11130cfe99e7f36accf94,MariaDB<10.2.42、10.3.0<=MariaDB<10.3.33、10.4.0<=MariaDB<10.4.23、10.5.0<=MariaDB<10.5.14、10.6.0<=MariaDB<10.6.6、10.7.0<=MariaDB<10.7.2,2024-12-04
MariaDB,软件组件,MariaDB,CVE-2022-27447,MariaDB是一个高性能、开源的数据库管理系统，它是MySQL的一个分支，与MySQL高度兼容的同时，引入了新的存储引擎、查询优化和安全功能，旨在提供更好的性能、可靠性和灵活性，适用于各种规模的应用，从小型应用到大型企业级解决方案。智能网联汽车中可能使用该组件。MariaDB组件在10.3.0（含）到10.3.35、10.4.0（含）到10.4.25、10.5.0（含）到10.5.16、10.6.0（含）到10.6.8、10.7.0（含）到10.7.4版本的/sql/sql_string.h文件中Binary_string::free_buffer函数存在释放后使用漏洞，可能导致拒绝服务。,待补充,,10.3.0<=MariaDB<10.3.35、10.4.0<=MariaDB<10.4.25、10.5.0<=MariaDB<10.5.16、10.6.0<=MariaDB<10.6.8、10.7.0<=MariaDB<10.7.4,2024-12-03
MariaDB,软件组件,MariaDB,CVE-2022-27455,MariaDB是一个高性能、开源的数据库管理系统，它是MySQL的一个分支，与MySQL高度兼容的同时，引入了新的存储引擎、查询优化和安全功能，旨在提供更好的性能、可靠性和灵活性，适用于各种规模的应用，从小型应用到大型企业级解决方案。智能网联汽车中可能使用该组件。MariaDB组件在10.4.0（含）到10.4.25、10.5.0（含）到10.5.16、10.6.0（含）到10.6.8、10.7.0（含）到10.7.4版本的/strings/ctype-simple.c文件中my_wildcmp_8bit_impl模块存在释放后使用漏洞，可能导致拒绝服务。,待补充,,10.4.0<=MariaDB<10.4.25、10.5.0<=MariaDB<10.5.16、10.6.0<=MariaDB<10.6.8、10.7.0<=MariaDB<10.7.4,2024-12-03
Netty,软件组件,Netty,CVE-2022-24823,Netty是一个高性能、异步事件驱动的Java网络编程框架，它提供了易于使用的API来快速开发稳定且可扩展的网络服务器和客户端，支持多种协议，广泛应用于需要高吞吐量和低延迟的网络通信场景。智能网联汽车中可能使用该组件。Netty组件在低于4.1.77版本的common/src/main/java/io/netty/util/internal/PlatformDependent.java文件中createTempFile函数存在将资源暴露于错误范围的漏洞，可能造成信息泄露。,待补充,https://github.com/netty/netty/commit/185f8b2756a36aaa4f973f1a2a025e7d981823f1,Netty < 4.1.77,2024-12-03
Netty,软件组件,Netty,CVE-2021-21409,Netty是一个高性能、异步事件驱动的Java网络编程框架，它提供了易于使用的API来快速开发稳定且可扩展的网络服务器和客户端，支持多种协议，广泛应用于需要高吞吐量和低延迟的网络通信场景。智能网联汽车中可能使用该组件。Netty组件在低于4.1.61版本的codec-http2/src/main/java/io/netty/handler/codec/http2/DefaultHttp2ConnectionDecoder.java文件中onHeadersRead函数存在请求走私漏洞，可能导致敏感数据泄露。,待补充,https://github.com/netty/netty/commit/b0fa4d5aab4215f3c22ce6123dd8dd5f38dc0432,Netty < 4.1.61,2024-12-03
Shadow,软件组件,shadow,CVE-2023-4641,shadow 是一个开源项目，最初的目标是增强 Linux 系统的用户身份验证安全性。它引入了 shadow password（影子密码）机制，将用户的密码散列（加密后的密码）从 /etc/passwd 文件分离出来，并存储在更安全的 /etc/shadow 文件中。而shadow-utils 是一个软件包，包含了管理 Linux 用户和组的实用工具。它通常是 Shadow 项目的具体实现或发行版中的工具集合。shadow-utils 是 Linux 发行版（如 Debian、Ubuntu、RHEL、CentOS 等）中实际安装的组件包。智能网联汽车中可能使用该组件。shadow-utils组件在4.14.0版本之前的src/gpasswd.c文件中change_passwd函数存在缓冲区清理不当漏洞。当要求输入新密码时，shadow-utils 会询问两次密码。如果密码在第二次尝试时失败，shadow-utils 不能清理用于存储第一次输入的缓冲区。这可能导致拥有足够访问权限的攻击者从内存中检索密码，造成敏感信息泄露。,待补充,https://github.com/shadow-maint/shadow/commit/65c88a43a23c2391dcc90c0abda3e839e9c57904,shadow-utills < 4.14.0,2024-12-02
Exfatprogs,软件组件,exfatprogs,CVE-2023-45897,exfatprogs是一个开源的exFAT文件系统管理工具集。通过 exfatprogs可实现exFAT文件系统的格式化、检查和管理。智能网联汽车中可能使用该组件。exfatprogs组件在1.2.2版本之前的fsck/fsck.c文件中handle_dot_dotdot_filename和exfat2img/exfat2img.c文件中read_file_dentry_set函数存在越界内存访问漏洞，可能导致系统崩溃。,待补充,https://github.com/exfatprogs/exfatprogs/commit/22d0e43e8d24119cbfc6efafabb0dec6517a86c4,exfatprogs < 1.2.2,2024-12-02
ConnMan,软件组件,ConnMan,CVE-2022-23097,ConnMan（Connection Manager）是一个开源的网络连接管理器，旨在简化和管理Linux设备上的网络连接。它主要用于嵌入式设备、物联网设备以及其他资源受限的环境中。智能网联汽车中可能使用该组件。ConnMan组件在1.40版本之前的src/dnsproxy.c文件中 forward_dns_reply函数存在越界读取漏洞，可能导致系统拒绝服务。,待补充,https://git.kernel.org/pub/scm/network/connman/connman.git/commit/?id=e5a313736e13c90d19085e953a26256a198e4950,ConnMan <= 1.40,2024-12-02
Netty,软件组件,Netty,CVE-2021-21290,Netty是一个高性能、异步事件驱动的Java网络编程框架，它提供了易于使用的API来快速开发稳定且可扩展的网络服务器和客户端，支持多种协议，广泛应用于需要高吞吐量和低延迟的网络通信场景。智能网联汽车中可能使用该组件。Netty组件在低于4.1.59版本的netty/codec-http/src/main/java/io/netty/handler/codec/http/multipart/AbstractDiskHttpData.java文件中tempFile函数存在将资源暴露于错误范围漏洞，可能造成信息泄露。,待补充,https://github.com/netty/netty/commit/c735357bf29d07856ad171c6611a2e1a0e0000ec,Netty < 4.1.59,2024-12-02
Samba,软件组件,Samba,CVE-2023-42669,Samba 是适用于 Linux 和 Unix 的标准 Windows 互操作性程序套件，使得不同操作系统的设备能够共享资源并相互认证，并且为所有使用 SMB/CIFS 协议的客户端提供安全、稳定、快速的文件和打印服务。智能网联汽车中可能使用该组件。在4.0.0到4.17.12，4.18.0到4.18.8，4.19.0到4.19.1版本的Samba组件中，rpc_echo.c文件的dcesrv_echo_TestSleep函数存在不受控制的资源消耗漏洞，可能导致拒绝服务。,待补充,https://attachments.samba.org/attachment.cgi?id=18121,"4.0.0 <= Samba < 4.17.12, 4.18.0 <= Samba < 4.18.8, 4.19.0 <= Samba < 4.19.1",2024-11-29
ConnMan,软件组件,ConnMan,CVE-2021-33833,ConnMan（Connection Manager）是一个开源的网络连接管理器，旨在简化和管理Linux设备上的网络连接。它主要用于嵌入式设备、物联网设备以及其他资源受限的环境中。智能网联汽车中可能使用该组件。ConnMan组件在1.30至1.39版本中dnsproxy.c文件的uncompress函数存在一个基于栈的缓冲区溢出漏洞，可能导致系统崩溃或恶意代码执行。,待补充,https://git.kernel.org/pub/scm/network/connman/connman.git/commit/?id=eceb2e8d2341c041df55a5e2f047d9a8c491463c,1.30 <= ConnMan <= 1.39,2024-11-29
ConnMan,软件组件,ConnMan,CVE-2021-26675,ConnMan（Connection Manager）是一个开源的网络连接管理器，旨在简化和管理Linux设备上的网络连接。它主要用于嵌入式设备、物联网设备以及其他资源受限的环境中。智能网联汽车中可能使用该组件。 ConnMan组件在1.39版本之前的src/dnsproxy.c文件中uncompress函数存在栈缓冲区溢出漏洞，可能导致系统崩溃或恶意代码执行。,待补充,https://git.kernel.org/pub/scm/network/connman/connman.git/commit/?id=e4079a20f617a4b076af503f6e4e8b0304c9f2cb,ConnMan＜1.39,2024-11-29
Dropbear,软件组件,Dropbear,CVE-2021-36369,Dropbear 是一个轻量级的开源 SSH 服务器和客户端的实现，专为资源受限的嵌入式系统设计，例如路由器、IoT 设备和其他低性能设备。它支持 SSH（Secure Shell）协议，用于安全的远程访问和文件传输。智能网联汽车中可能使用该组件。Dropbear组件在2020.81版本之前存在身份验证检查缺陷漏洞，由于客户端 SSH 代码中对可用身份验证方法的检查不符合 RFC 标准，可能导致绕过 FIDO2 令牌或 SSH-Askpass 等额外的安全措施，进而造成非授权访问。,待补充,https://github.com/mkj/dropbear/commit/210a9833496ed2a93b8da93924874938127ce0b5,Dropbear <= 2020.81,2024-11-29
Libjpeg,软件组件,libjpeg,CVE-2023-37837,libjpeg库是一个开源的图像压缩解压缩库，被广泛应用于图像处理和图像压缩领域。智能网联汽车中可能使用该组件。在1.66版本前的libjpeg组件中，linebitmaprequester.cpp 文件的LineBitmapRequester::EncodeRegion存在堆缓冲区溢出漏洞，可能导致拒绝服务。,待补充,https://github.com/thorfdbg/libjpeg/commit/9e0cea29d7ba7a2c1e763865391bc94b336da25e,libjpeg < 1.66,2024-11-28
Libjpeg,软件组件,libjpeg,CVE-2023-37836,libjpeg库是一个开源的图像压缩解压缩库，被广泛应用于图像处理和图像压缩领域。智能网联汽车中可能使用该组件。在1.66版本前的libjpeg组件中，bitmaphook.cpp文件的BitMapHook::BitMapHook存在可达断言漏洞，可能导致拒绝服务。,待补充,https://github.com/thorfdbg/libjpeg/commit/9e0cea29d7ba7a2c1e763865391bc94b336da25e,libjpeg < 1.66,2024-11-28
Samba,软件组件,Samba,CVE-2023-5568,Samba 是适用于 Linux 和 Unix 的标准 Windows 互操作性程序套件，使得不同操作系统的设备能够共享资源并相互认证，并且为所有使用 SMB/CIFS 协议的客户端提供安全、稳定、快速的文件和打印服务。智能网联汽车中可能使用该组件。在4.19.2版本前的Samba组件中，pkinit.c文件的_kdc_pk_rd_padata函数存在堆缓冲区溢出漏洞，可能导致拒绝服务。,待补充,https://attachments.samba.org/attachment.cgi?id=18158,Samba < 4.19.2,2024-11-28
Assimp,软件组件,Assimp,CVE-2022-45748,Assimap(Open Asset Import Library)是一个将各种 3D 文件格式加载到共享的内存中即时格式的库。它支持 40 多种文件格式的导入和不断增加的文件格式的导出选择。智能网联汽车中可能使用该组件。在5.1.4版本的Assimp组件中，ColladaParser.cpp文件的ColladaParser::ExtractDataObjectFromChannel函数存在释放后使用漏洞，可能导致程序崩溃。,待补充,https://github.com/BRL-CAD/assimp/commit/df40ed4937e4c9a58894237b2f67a142b2c006ad,Assimp = 5.1.4,2024-11-28
Libjpeg,软件组件,libjpeg,CVE-2022-32978,libjpeg库是一个开源的图像压缩解压缩库，被广泛应用于图像处理和图像压缩领域。智能网联汽车中可能使用该组件。在1.64版本前的libjpeg组件中，singlecomponentlsscan.cpp文件的SingleComponentLSScan::ParseMCU 存在可达断言漏洞，可能导致拒绝服务。,待补充,https://github.com/thorfdbg/libjpeg/commit/4746b577931e926a49e50de9720a4946de3069a7,libjpeg < 1.64,2024-11-27
Assimp,软件组件,Assimp,CVE-2022-38528,Assimap(Open Asset Import Library)是一个将各种 3D 文件格式加载到共享的内存中即时格式的库。它支持 40 多种文件格式的导入和不断增加的文件格式的导出选择。智能网联汽车中可能使用该组件。在5.2.5版本的Assimp组件中，XFileImporter.cpp文件的XFileImporter::CreateMeshes函数存在越界读取漏洞，可能导致程序崩溃。,待补充,,Assimp = 5.2.5,2024-11-27
Libjpeg,软件组件,libjpeg,CVE-2022-32202,libjpeg库是一个开源的图像压缩解压缩库，被广泛应用于图像处理和图像压缩领域。智能网联汽车中可能使用该组件。在1.63版本的libjpeg组件中，linebuffer.cpp文件的LineBuffer::FetchRegion存在空指针解引用漏洞，可能导致拒绝服务。,待补充,https://github.com/thorfdbg/libjpeg/commit/51c3241b6da39df30f016b63f43f31c4011222c7,libjpeg = 1.63,2024-11-27
Bento4,软件组件,Bento4,CVE-2022-35165,"Bento4 是一个 C++ 类库和工具，用于读写 ISO-MP4 文件,支持 H.264 和 H.265 基本流的解析和多路复用、将 ISO-MP4 转换为 MPEG2-TS、打包 HLS 和 MPEG-DASH、CMAF、内容加密和解密等。智能网联汽车中可能使用该组件。在1.6.0-639版本的Bento4组件中，AP4SgpdAtom.cpp文件的AP4_SgpdAtom::AP4_SgpdAtom函数存在无限循环漏洞，可能导致拒绝服务。",待补充,,Bento4 = 1.6.0-639,2024-11-27
Bento4,软件组件,Bento4,CVE-2022-3667,"Bento4 是一个 C++ 类库和工具，用于读写 ISO-MP4 文件,支持 H.264 和 H.265 基本流的解析和多路复用、将 ISO-MP4 转换为 MPEG2-TS、打包 HLS 和 MPEG-DASH、CMAF、内容加密和解密等。智能网联汽车中可能使用该组件。在1.6.0-639版本的Bento4组件中，Ap4ByteStream.cpp文件的AP4_MemoryByteStream::WritePartial 函数存在堆缓冲区溢出漏洞，可能导致内存损坏。",待补充,,Bento4 = 1.6.0-639,2024-11-26
Libjpeg,软件组件,libjpeg,CVE-2022-32201,libjpeg库是一个开源的图像压缩解压缩库，被广泛应用于图像处理和图像压缩领域。智能网联汽车中可能使用该组件。在1.63版本的libjpeg组件中，component.hpp文件的Component::SubXOf存在空指针解引用漏洞，可能导致拒绝服务。,待补充,https://github.com/thorfdbg/libjpeg/commit/ea6315164b1649ff932a396b7600eac4bffcfaba,libjpeg = 1.63,2024-11-26
Bento4,软件组件,Bento4,CVE-2022-3666,"Bento4 是一个 C++ 类库和工具，用于读写 ISO-MP4 文件,支持 H.264 和 H.265 基本流的解析和多路复用、将 ISO-MP4 转换为 MPEG2-TS、打包 HLS 和 MPEG-DASH、CMAF、内容加密和解密等。智能网联汽车中可能使用该组件。在1.6.0-639版本的Bento4组件中，Ap4LinearReader.cpp文件的AP4_LinearReader::Advance函数存在释放后使用漏洞，可能导致执行任意代码。",待补充,,Bento4 = 1.6.0-639,2024-11-26
Libjpeg,软件组件,libjpeg,CVE-2022-31620,libjpeg库是一个开源的图像压缩解压缩库，被广泛应用于图像处理和图像压缩领域。智能网联汽车中可能使用该组件。在1.64版本前的libjpeg组件中，bitstream.hpp文件的BitStream<false>::Get存在可达断言漏洞，可能导致拒绝服务。,待补充,https://github.com/thorfdbg/libjpeg/commit/ef4a29a62ab48b8dc235f4af52cfd6319eda9a6a,libjpeg < 1.64,2024-11-26
Bento4,软件组件,Bento4,CVE-2022-3663,"Bento4 是一个 C++ 类库和工具，用于读写 ISO-MP4 文件,支持 H.264 和 H.265 基本流的解析和多路复用、将 ISO-MP4 转换为 MPEG2-TS、打包 HLS 和 MPEG-DASH、CMAF、内容加密和解密等。智能网联汽车中可能使用该组件。在1.6.0-639版本的Bento4组件中，Ap4StsdAtom.cpp文件的AP4_StsdAtom::AP4_StsdAtom函数存在空指针解引用漏洞，可能导致拒绝服务。",待补充,,Bento4 = 1.6.0-639,2024-11-25
Bento4,软件组件,Bento4,CVE-2022-3662,"Bento4 是一个 C++ 类库和工具，用于读写 ISO-MP4 文件,支持 H.264 和 H.265 基本流的解析和多路复用、将 ISO-MP4 转换为 MPEG2-TS、打包 HLS 和 MPEG-DASH、CMAF、内容加密和解密等。智能网联汽车中可能使用该组件。在1.6.0-639版本的Bento4组件中，Ap4Sample.h文件的AP4_Sample::GetOffset 函数存在堆释放后使用漏洞，可能导致拒绝服务。",待补充,,Bento4 = 1.6.0-639,2024-11-25
Bento4,软件组件,Bento4,CVE-2022-3664,"Bento4 是一个 C++ 类库和工具，用于读写 ISO-MP4 文件,支持 H.264 和 H.265 基本流的解析和多路复用、将 ISO-MP4 转换为 MPEG2-TS、打包 HLS 和 MPEG-DASH、CMAF、内容加密和解密等。智能网联汽车中可能使用该组件。在1.6.0-639版本的Bento4组件中，Ap4BitStream.cpp 文件的AP4_BitStream::WriteBytes函数存在堆缓冲区溢出漏洞，可能导致内存损坏。",待补充,,Bento4 = 1.6.0-639,2024-11-25
Assimp,软件组件,Assimp,CVE-2021-45948,Assimap(Open Asset Import Library)是一个将各种 3D 文件格式加载到共享的内存中即时格式的库。它支持 40 多种文件格式的导入和不断增加的文件格式的导出选择。智能网联汽车中可能使用该组件。在5.1.0和5.1.1版本的Assimp组件中，m3d.h文件的_m3d_safestr函数存在越界写入漏洞，可能导致程序崩溃。,待补充,https://github.com/assimp/assimp/commit/30f17aa2064b86c0096f0ec701b9e8ea9312fef2,Assimp = 5.1.0、5.1.1,2024-11-25
Perl,软件组件,Perl,CVE-2023-47100,Perl是一种功能强大的、多用途的脚本语言，以其卓越的文本处理能力和灵活的正则表达式支持而闻名，适用于系统管理、网络编程、Web开发等多种编程任务，同时拥有一个庞大的模块库CPAN，使得开发者能够快速扩展其功能。智能网联汽车中可能使用该组件。Perl组件在5.30.0（含）到5.38.2版本的regcomp.c文件中S_parse_uniprop_string函数存在越界写入漏洞，可能导致程序崩溃。,待补充,https://github.com/Perl/perl5/commit/ff1f9f59360afeebd6f75ca1502f5c3ebf077da3,5.30.0<= Perl <5.38.2,2024-11-22
Binutils,软件组件,binutils,CVE-2021-32256,binutils是一组二进制开发工具的集合，包括连接器，汇编器和其他用于目标文件和档案的工具。智能网联汽车中可能使用该组件。在2.36版本的binutils组件中，rust-demangle.c文件的demangle_type函数存在栈溢出漏洞，可能导致拒绝服务。,待补充,,binutils = 2.36,2024-11-22
Binutils,软件组件,binutils,CVE-2021-20284,binutils是一组二进制开发工具的集合，包括连接器，汇编器和其他用于目标文件和档案的工具。智能网联汽车中可能使用该组件。在2.35.1版本的binutils组件中，elf.c文件的_bfd_elf_slurp_secondary_reloc_section函数存在堆缓冲区溢出漏洞，可能导致拒绝服务。,待补充,https://sourceware.org/git/?p=binutils-gdb.git;a=patch;h=f60742b2a1988d276c77d5c1011143f320d9b4cb,binutils = 2.35.1,2024-11-22
APR,软件组件,APR,CVE-2021-35940,APR是Apache Web 服务器的支持库。它提供了一组映射到底层操作系统 (OS)的API 。如果操作系统不支持某个特定功能，APR 将提供模拟。因此，程序员可以使用 APR 使程序真正实现跨平台移植。智能网联汽车可能使用该组件。在1.7.0版本的APR组件中，time.c文件的apr_time_exp_get函数存在越界读取漏洞，可能导致内存损坏。,待补充,https://dist.apache.org/repos/dist/release/apr/patches/apr-1.7.0-CVE-2021-35940.patch,APR = 1.7.0,2024-11-22
BusyBox,软件组件,BusyBox,CVE-2023-42366,BusyBox是一个集成了多个轻量级 Unix 工具的软件。它通常用于嵌入式系统和移动设备。它提供了一整套基本的命令行工具，BusyBox 的设计目标是提供最小的占用空间，同时保持功能强大和高效的性能。智能网联汽车中经常使用该组件。BusyBox组件在1.36.1版本的awk.c文件中next_token函数存在堆缓冲区溢出漏洞，可能导致拒绝服务。,待补充,https://bugs.busybox.net/attachment.cgi?id=9697,BusyBox=1.36.1,2024-11-21
Perl,软件组件,Perl,CVE-2023-47038,Perl是一种功能强大的、多用途的脚本语言，以其卓越的文本处理能力和灵活的正则表达式支持而闻名，适用于系统管理、网络编程、Web开发等多种编程任务，同时拥有一个庞大的模块库CPAN，使得开发者能够快速扩展其功能。智能网联汽车中可能使用该组件。Perl组件在 5.34.0 版本的regcomp.c文件中S_parse_uniprop_string函数存在缓冲区溢出漏洞，可能导致拒绝服务。,待补充,https://bugs.debian.org/cgi-bin/bugreport.cgi?bug=1056746,Perl = 5.34.0,2024-11-21
BusyBox,软件组件,BusyBox,CVE-2023-42365,BusyBox是一个集成了多个轻量级 Unix 工具的软件。它通常用于嵌入式系统和移动设备。它提供了一整套基本的命令行工具，BusyBox的设计目标是提供最小的占用空间，同时保持功能强大和高效的性能。智能网联汽车中经常使用该组件。在BusyBox版本1.36.1中，awk.c文件的copyvar函数存在释放后重用漏洞，可能导致拒绝服务。,待补充,https://bugs.busybox.net/attachment.cgi?id=9811,BusyBox=1.36.1,2024-11-21
BusyBox,软件组件,BusyBox,CVE-2023-42364,BusyBox是一个集成了多个轻量级 Unix 工具的软件。它通常用于嵌入式系统和移动设备。它提供了一整套基本的命令行工具，BusyBox 的设计目标是提供最小的占用空间，同时保持功能强大和高效的性能。智能网联汽车中经常使用该组件。BusyBox组件在1.36.1版本的awk.c文件中evaluate函数存在释放后重用漏洞，可能导致拒绝服务。,待补充,https://bugs.busybox.net/attachment.cgi?id=9811,BusyBox=1.36.1,2024-11-21
BusyBox,软件组件,BusyBox,CVE-2023-42363,BusyBox是一个集成了多个轻量级 Unix 工具的软件。它通常用于嵌入式系统和移动设备。它提供了一整套基本的命令行工具，BusyBox 的设计目标是提供最小的占用空间，同时保持功能强大和高效的性能。智能网联汽车中经常使用该组件。BusyBox组件在1.36.1版本的xfuncs_printf.c文件中xasprintf函数存在释放后重用漏洞，可能导致拒绝服务。,待补充,,BusyBox=1.36.1,2024-11-20
TensorFlow,软件组件,TensorFlow,CVE-2023-33976,TensorFlow是一个强大的开源机器学习框架，用于构建和训练各种复杂的神经网络模型，以解决广泛的数据科学和机器学习问题。它支持多种编程语言，包括Python、C++、Java等，其中Python是最常用的接口。它广泛应用于图像识别、自然语言处理、语音识别等领域。智能网联汽车中可能使用该组件。TensorFlow组件在低于2.13.0版本的处理输入张量时文件中存在整数溢出或环绕漏洞，可能导致程序崩溃。,待补充,https://github.com/tensorflow/tensorflow/commit/6fa05df43b00038b048f4f0e51ef522da6532fec,TensorFlow<2.13.0,2024-11-20
Perl,软件组件,Perl,CVE-2023-31484,Perl是一种功能强大的、多用途的脚本语言，以其卓越的文本处理能力和灵活的正则表达式支持而闻名，适用于系统管理、网络编程、Web开发等多种编程任务，同时拥有一个庞大的模块库CPAN，使得开发者能够快速扩展其功能。智能网联汽车中可能使用该组件。Perl组件在低于5.38.0版本的lib/CPAN/HTTP/Client.pm文件中mirror函数存在不恰当的证书验证漏洞，可能导致敏感信息泄露。,待补充,https://github.com/andk/cpanpm/pull/175/files,Perl<5.38.0,2024-11-20
Perl,软件组件,Perl,CVE-2023-31486,Perl是一种功能强大的、多用途的脚本语言，以其卓越的文本处理能力和灵活的正则表达式支持而闻名，适用于系统管理、网络编程、Web开发等多种编程任务，同时拥有一个庞大的模块库CPAN，使得开发者能够快速扩展其功能。智能网联汽车中可能使用该组件。Perl组件在低于5.38.0版本的HTTP::Tiny模块中存在不恰当的证书验证漏洞，可能导致敏感信息泄露。,待补充,https://github.com/chansen/p5-http-tiny/pull/153/files,Perl < 5.38.0,2024-11-20
Systemd,软件组件,Systemd,CVE-2023-31439,Systemd是一个 Linux 系统基础组件的集合，提供一个系统和服务的管理器。智能网联汽车中，经常使用该组件。Systemd组件在253版本/src/libsystemd/sd-journal/journal-verify.c文件journal_file_verify函数中存在完整性校验值验证不当漏洞，可能导致被恶意篡改的日志文件难以被发现。,待补充,https://github.com/kastel-security/Journald/blob/main/CVE-2023-31439.patch,Systemd=253,2024-11-19
Systemd,软件组件,Systemd,CVE-2023-31437,Systemd是一个 Linux 系统基础组件的集合，提供一个系统和服务的管理器。智能网联汽车中，经常使用该组件。Systemd组件在253版本/src/libsystemd/sd-journal/journal-verify.c文件verify_data函数中存在完整性校验值验证不当漏洞，可能导致被恶意篡改的日志文件难以被发现。,待补充,https://github.com/kastel-security/Journald/blob/main/CVE-2023-31437.patch,Systemd=253,2024-11-19
Systemd,软件组件,Systemd,CVE-2023-31438,Systemd是一个 Linux 系统基础组件的集合，提供一个系统和服务的管理器。智能网联汽车中，经常使用该组件。Systemd组件在253版本进行epoch 校验时存在完整性校验值验证不当漏洞，可能导致被恶意篡改的日志文件难以被发现。,待补充,https://github.com/kastel-security/Journald/blob/main/CVE-2023-31438-incomplete.patch,Systemd=253,2024-11-19
TensorFlow,软件组件,TensorFlow,CVE-2023-27579,TensorFlow是一个强大的开源机器学习框架，用于构建和训练各种复杂的神经网络模型，以解决广泛的数据科学和机器学习问题。它支持多种编程语言，包括Python、C++、Java等，其中Python是最常用的接口。它广泛应用于图像识别、自然语言处理、语音识别等领域。智能网联汽车中可能使用该组件。TensorFlow组件在低于2.12.0版本（不包含2.11.1）的tensorflow/lite/kernels/conv.cc文件中Prepare函数存在浮点异常漏洞，可能导致程序崩溃。,待补充,https://github.com/tensorflow/tensorflow/commit/34f8368c535253f5c9cb3a303297743b62442aaa,"TensorFlow<2.12.0, Tensorflow ≠ 2.11.1",2024-11-19
TensorFlow,软件组件,TensorFlow,CVE-2023-25674,TensorFlow是一个强大的开源机器学习框架，用于构建和训练各种复杂的神经网络模型，以解决广泛的数据科学和机器学习问题。它支持多种编程语言，包括Python、C++、Java等，其中Python是最常用的接口。它广泛应用于图像识别、自然语言处理、语音识别等领域。智能网联汽车中可能使用该组件。TensorFlow组件在低于2.12.0版本（不包含2.11.1）中RandomShuffle操作存在空指针解引用漏洞，可能导致拒绝服务。,待补充,https://github.com/tensorflow/tensorflow/commit/728113a3be690facad6ce436660a0bc1858017fa,"TensorFlow<2.12.0, Tensorflow ≠ 2.11.1",2024-11-18
TensorFlow,软件组件,TensorFlow,CVE-2023-25673,TensorFlow是一个强大的开源机器学习框架，用于构建和训练各种复杂的神经网络模型，以解决广泛的数据科学和机器学习问题。它支持多种编程语言，包括Python、C++、Java等，其中Python是最常用的接口。它广泛应用于图像识别、自然语言处理、语音识别等领域。智能网联汽车中可能使用该组件。TensorFlow组件在低于2.12.0版本（不包含2.11.1）的tensorflow/compiler/tf2xla/kernels/tensor_list_ops.cc文件中TensorListSplitOp 类中存在浮点数异常漏洞，可能导致拒绝服务。,待补充,https://github.com/tensorflow/tensorflow/commit/728113a3be690facad6ce436660a0bc1858017fa,"TensorFlow<2.12.0, Tensorflow ≠ 2.11.1",2024-11-18
TensorFlow,软件组件,TensorFlow,CVE-2023-25670,TensorFlow是一个强大的开源机器学习框架，用于构建和训练各种复杂的神经网络模型，以解决广泛的数据科学和机器学习问题。它支持多种编程语言，包括Python、C++、Java等，其中Python是最常用的接口。它广泛应用于图像识别、自然语言处理、语音识别等领域。智能网联汽车中可能使用该组件。TensorFlow组件在低于2.12.0版本（不包含2.11.1）中QuantizedMatMulWithBiasAndDequantize操作存在空指针解引用漏洞，可能导致拒绝服务。,待补充,https://github.com/tensorflow/tensorflow/commit/8a47a39d9697969206d23a523c977238717e8727,"TensorFlow<2.12.0, Tensorflow ≠ 2.11.1",2024-11-18
TensorFlow,软件组件,TensorFlow,CVE-2023-25671,TensorFlow是一个强大的开源机器学习框架，用于构建和训练各种复杂的神经网络模型，以解决广泛的数据科学和机器学习问题。它支持多种编程语言，包括Python、C++、Java等，其中Python是最常用的接口。它广泛应用于图像识别、自然语言处理、语音识别等领域。智能网联汽车中可能使用该组件。TensorFlow组件在低于2.12.0版本（不包含2.11.1）的tensorflow/core/ir/importexport/tfg-translate.cc文件中mlir_to_graphdef函数存在越界写入漏洞，可能导致程序崩溃。,待补充,https://github.com/tensorflow/tensorflow/commit/2eedc8f676d2c3b8be9492e547b2bc814c10b367,"TensorFlow<2.12.0, Tensorflow ≠ 2.11.1",2024-11-18
TensorFlow,软件组件,TensorFlow,CVE-2023-25666,TensorFlow是一个强大的开源机器学习框架，用于构建和训练各种复杂的神经网络模型，以解决广泛的数据科学和机器学习问题。它支持多种编程语言，包括Python、C++、Java等，其中Python是最常用的接口。它广泛应用于图像识别、自然语言处理、语音识别等领域。智能网联汽车中可能使用该组件。TensorFlow组件在低于2.12.0版本（不包含2.11.1）中，AudioSpectrogram操作存在浮点数异常漏洞，可能导致拒绝服务。,待补充,https://github.com/tensorflow/tensorflow/commit/d0d4e779da0d0f56499c6fa5ba09f0a576cc6b14,"TensorFlow<2.12.0, Tensorflow ≠ 2.11.1",2024-11-15
TensorFlow,软件组件,TensorFlow,CVE-2023-25665,TensorFlow是一个强大的开源机器学习框架，用于构建和训练各种复杂的神经网络模型，以解决广泛的数据科学和机器学习问题。它支持多种编程语言，包括Python、C++、Java等，其中Python是最常用的接口。它广泛应用于图像识别、自然语言处理、语音识别等领域。智能网联汽车中可能使用该组件。TensorFlow组件在低于2.12.0版本（不包含2.11.1）的tensorflow/core/kernels/sparse_sparse_binary_op_shared.cc 文件中SparseSparseBinaryOpShared 类中存在空指针解引用漏洞，可能导致拒绝服务。,待补充,https://github.com/tensorflow/tensorflow/commit/5e0ecfb42f5f65629fd7a4edd6c4afe7ff0feb04,"TensorFlow<2.12.0, Tensorflow ≠ 2.11.1",2024-11-15
TensorFlow,软件组件,TensorFlow,CVE-2023-25668,TensorFlow是一个强大的开源机器学习框架，用于构建和训练各种复杂的神经网络模型，以解决广泛的数据科学和机器学习问题。它支持多种编程语言，包括Python、C++、Java等，其中Python是最常用的接口。它广泛应用于图像识别、自然语言处理、语音识别等领域。智能网联汽车中可能使用该组件。TensorFlow组件在低于2.12.0版本（不包含2.11.1）的tensorflow/core/ops/array_ops.cc文件QuantizeAndDequantize操作中存在堆缓冲区溢出漏洞，可能导致程序崩溃或远程代码执行。,待补充,https://github.com/tensorflow/tensorflow/commit/7b174a0f2e40ff3f3aa957aecddfd5aaae35eccb,"TensorFlow<2.12.0, Tensorflow ≠ 2.11.1",2024-11-15
TensorFlow,软件组件,TensorFlow,CVE-2023-25664,TensorFlow是一个强大的开源机器学习框架，用于构建和训练各种复杂的神经网络模型，以解决广泛的数据科学和机器学习问题。它支持多种编程语言，包括Python、C++、Java等，其中Python是最常用的接口。它广泛应用于图像识别、自然语言处理、语音识别等领域。智能网联汽车中可能使用该组件。TensorFlow组件在低于2.12.0版本（不包含2.11.1）AvgPoolGrad操作中存在堆缓冲区溢出漏洞，可能导致拒绝服务。,待补充,https://github.com/tensorflow/tensorflow/commit/ddaac2bdd099bec5d7923dea45276a7558217e5b,"TensorFlow < 2.12.0, Tensorflow ≠ 2.11.1",2024-11-15
Systemd,软件组件,Systemd,CVE-2023-7008,Systemd是一个 Linux 系统基础组件的集合，提供一个系统和服务的管理器。智能网联汽车中，经常使用该组件。Systemd组件在25版本中，当处理DNSSEC签名域记录时存在非端点可访问通道漏洞， 可能导致中间人攻击及敏感信息泄露。,待补充,,Systemd=25,2024-11-14
Perl,软件组件,Perl,CVE-2022-48522,Perl是一种功能强大的、多用途的脚本语言，以其卓越的文本处理能力和灵活的正则表达式支持而闻名，适用于系统管理、网络编程、Web开发等多种编程任务，同时拥有一个庞大的模块库CPAN，使得开发者能够快速扩展其功能。智能网联汽车中可能使用该组件。Perl组件在5.34.0版本的sv.c文件中S_find_uninit_var函数存在越界写入漏洞，这可能导致远程代码执行或本地权限提升。,待补充,https://github.com/Perl/perl5/blob/79a7b254d85a10b65126ad99bf10e70480569d68/sv.c#L16336-L16345,Perl=5.34.0,2024-11-14
BlueZ,软件组件,BlueZ,CVE-2022-3563,BlueZ是Linux系统中的官方蓝牙协议栈，它提供了一套完整的蓝牙支持，包括硬件抽象层、协议层、配置文件和用户空间工具，使得Linux设备能够实现蓝牙设备的发现、配对、连接和数据传输等功能。智能网联汽车中可能使用该组件。BlueZ组件在5.65版本前的tools/mgmt-tester.c文件中read_50_controller_cap_complete函数存在空指针解引用漏洞，可能导致拒绝服务。,待补充,https://git.kernel.org/pub/scm/bluetooth/bluez.git/commit/?id=e3c92f1f786f0b55440bd908b55894d0c792cf0e,BlueZ < 5.65,2024-11-14
BlueZ,软件组件,BlueZ,CVE-2022-3637,BlueZ是Linux系统中的官方蓝牙协议栈，它提供了一套完整的蓝牙支持，包括硬件抽象层、协议层、配置文件和用户空间工具，使得Linux设备能够实现蓝牙设备的发现、配对、连接和数据传输等功能。智能网联汽车中可能使用该组件。BlueZ组件在5.65版本前的monitor/jlink.c文件的jlink_init函数中存在不当的资源关闭或释放漏洞，可能导致拒绝服务（DoS）。,待补充,https://git.kernel.org/pub/scm/bluetooth/bluez.git/commit/?id=1d6cfb8e625a944010956714c1802bc1e1fc6c4f,BlueZ < 5.65,2024-11-14
Perl,软件组件,Perl,CVE-2021-36770,Perl是一种功能强大的、多用途的脚本语言，以其卓越的文本处理能力和灵活的正则表达式支持而闻名，适用于系统管理、网络编程、Web开发等多种编程任务，同时拥有一个庞大的模块库CPAN，使得开发者能够快速扩展其功能。智能网联汽车中可能使用该组件。Perl组件在5.34.0 及之前版本的Encode.pm 模块存在不受控的搜索路径元素漏洞，可能导致权限提升。,待补充,https://github.com/Perl/perl5/commit/c1a937fef07c061600a0078f4cb53fe9c2136bb9,Perl<=5.34.0,2024-11-13
FFmpeg,软件组件,FFmpeg,CVE-2021-38114,FFmpeg是一套开源的多媒体框架，支持音频、视频的录制、转换和流化。FFmpeg几乎支持所有常见的数据封装格式、多媒体传输协议以及音视频编解码器。智能网联汽车中常用该组件。FFmpeg组件在4.4版本的libavcodec/dnxhddec.c文件中dnxhd_init_vlc函数存在未检查返回值漏洞，可能导致程序崩溃。,待补充,https://github.com/FFmpeg/FFmpeg/commit/7150f9575671f898382c370acae35f9087a30ba1,FFmpeg=4.4,2024-11-13
BlueZ,软件组件,BlueZ,CVE-2021-41229,BlueZ是Linux系统中的官方蓝牙协议栈，它提供了一套完整的蓝牙支持，包括硬件抽象层、协议层、配置文件和用户空间工具，使得Linux设备能够实现蓝牙设备的发现、配对、连接和数据传输等功能。智能网联汽车中可能使用该组件。BlueZ组件在5.58版本的sdpd-request.c文件中sdp_cstate_alloc_buf函数存在内存泄露漏洞，这可能会导致拒绝服务。,待补充,,BlueZ=5.58,2024-11-13
FFmpeg,软件组件,FFmpeg,CVE-2021-28429,FFmpeg是一套开源的多媒体框架，支持音频、视频的录制、转换和流化。FFmpeg几乎支持所有常见的数据封装格式、多媒体传输协议以及音视频编解码器。智能网联汽车中常用该组件。FFmpeg组件在4.3.2版本的libavutil/timecode.c文件中av_timecode_make_string函数存在整数溢出漏洞，这允许本地攻击者通过精心构造的.mov文件导致拒绝服务（DoS）。,待补充,https://git.ffmpeg.org/gitweb/ffmpeg.git/commitdiff/c94875471e3ba3dc396c6919ff3ec9b14539cd71,FFmpeg = 4.3.2,2024-11-13
Vim,文本编辑器,vim,CVE-2024-45306,vim 是一个高度可配置的文本编辑器，用于有效地创建和更改任何类型的文本。它最初是为在 Unix 系统上的文本编辑而设计的，但现在在几乎所有操作系统上都可以使用，包括 Windows、macOS 和各种 Linux 发行版。智能网联汽车可能使用该组件。在9.1.0038到9.1.0707版本的vim组件中，charset.c文件的getvcol函数存在缓冲区溢出漏洞，可能导致程序崩溃。,待补充,https://github.com/vim/vim/commit/396fd1ec2956307755392a1,9.1.0038 <= vim < 9.1.0707,2024-11-12
Vim,文本编辑器,vim,CVE-2024-43790,vim 是一个高度可配置的文本编辑器，用于有效地创建和更改任何类型的文本。它最初是为在 Unix 系统上的文本编辑而设计的，但现在在几乎所有操作系统上都可以使用，包括 Windows、macOS 和各种 Linux 发行版。智能网联汽车可能使用该组件。在9.1.0425到9.1.0689版本的vim组件中，search.c文件的do_search函数存在堆缓冲区溢出漏洞，可能导致程序崩溃。,待补充,https://github.com/vim/vim/commit/cacb6693c10bb19f28a50eca47bc,9.1.0425 < vim < 9.1.0689,2024-11-12
Vim,文本编辑器,vim,CVE-2024-43374,vim 是一个高度可配置的文本编辑器，用于有效地创建和更改任何类型的文本。它最初是为在 Unix 系统上的文本编辑而设计的，但现在在几乎所有操作系统上都可以使用，包括 Windows、macOS 和各种 Linux 发行版。智能网联汽车可能使用该组件。在9.1.0678版本前的vim组件中，arglist.c文件的alist_add函数存在释放后重用漏洞，可能导致程序崩溃。,待补充,https://github.com/vim/vim/commit/0a6e57b09bc8c76691b367a5babfb79b31b770e8,vim < 9.1.0678,2024-11-12
Vim,文本编辑器,vim,CVE-2024-41957,vim 是一个高度可配置的文本编辑器，用于有效地创建和更改任何类型的文本。它最初是为在 Unix 系统上的文本编辑而设计的，但现在在几乎所有操作系统上都可以使用，包括 Windows、macOS 和各种 Linux 发行版。智能网联汽车可能使用该组件。在9.1.0647版本前的vim组件中，window.c文件的tagstack_clear_entry函数存在双重释放漏洞，可能导致程序崩溃。,待补充,https://github.com/vim/vim/commit/8a0bbe7b8aad6f8da28dee218c01bc8a0185a,vim < 9.1.0647,2024-11-12
Vim,文本编辑器,vim,CVE-2024-22667,vim 是一个高度可配置的文本编辑器，用于有效地创建和更改任何类型的文本。它最初是为在 Unix 系统上的文本编辑而设计的，但现在在几乎所有操作系统上都可以使用，包括 Windows、macOS 和各种 Linux 发行版。智能网联汽车可能使用该组件。在9.0.2142版本前的vim组件中，map.c文件的did_set_langmap函数存在堆缓冲区溢出漏洞，可能导致程序崩溃。,待补充,https://github.com/vim/vim/commit/b39b240c386a5a29241415541f1c99e2e6b8ce47,vim < 9.0.2142,2024-11-12
Vim,文本编辑器,vim,CVE-2024-41965,vim 是一个高度可配置的文本编辑器，用于有效地创建和更改任何类型的文本。它最初是为在 Unix 系统上的文本编辑而设计的，但现在在几乎所有操作系统上都可以使用，包括 Windows、macOS 和各种 Linux 发行版。智能网联汽车可能使用该组件。在9.1.0648版本前的vim组件中，ex_cmds2.c文件的dialog_changed函数存在双重释放漏洞，可能导致程序崩溃。,待补充,https://github.com/vim/vim/commit/b29f4abcd4b3382fa746edd1d0562b7b48c,vim < 9.1.0648,2024-11-12
Xorg-server,软件组件,xorg-server,CVE-2023-6377,xorg-server是X Window System（X11）显示服务器的免费和开源实现，提供窗口管理、图形渲染以及输入输出设备管理等功能。智能网联汽车可能使用该组件。在21.1.10版本之前的xorg-server组件中，查询或更改 XKB 按钮操作时存在越界读取漏洞，可能导致系统拒绝服务。,待补充,https://gitlab.freedesktop.org/xorg/xserver/-/commit/0c1a93d319558fe3ab2d94f51d174b4f93810afd,xorg-server < 21.1.10,2024-11-12
Vim,文本编辑器,vim,CVE-2023-48235,vim 是一个高度可配置的文本编辑器，用于有效地创建和更改任何类型的文本。它最初是为在 Unix 系统上的文本编辑而设计的，但现在在几乎所有操作系统上都可以使用，包括 Windows、macOS 和各种 Linux 发行版。智能网联汽车可能使用该组件。在9.0.2110版本前的vim组件中，ex_docmd.c文件的get_address函数存在整数溢出漏洞，可能导致程序崩溃。,待补充,https://github.com/vim/vim/commit/060623e4a3bc72b011e7cd92bedb3bfb64e06200,vim < 9.0.2110,2024-11-12
Vlc,软件组件,vlc,CVE-2023-47360,vlc是一款自由、开源的跨平台多媒体播放器及框架，可播放大多数多媒体文件，支持 DVD、音频 CD、VCD 及各类流媒体协议。智能网联汽车中可能使用该组件。在3.0.20版本前的vlc组件中，mmsh.c文件的GetPacket函数存在整数溢出漏洞，可能程序拒绝服务。,待补充,,vlc < 3.0.20,2024-11-12
Vim,文本编辑器,vim,CVE-2023-48231,vim 是一个高度可配置的文本编辑器，用于有效地创建和更改任何类型的文本。它最初是为在 Unix 系统上的文本编辑而设计的，但现在在几乎所有操作系统上都可以使用，包括 Windows、macOS 和各种 Linux 发行版。智能网联汽车可能使用该组件。在9.0.2106版本前的vim组件中，window.c文件的win_close函数存在释放后重用漏洞，可能导致程序崩溃。,待补充,https://github.com/vim/vim/commit/25aabc2b8ee1e19ced6f4da9d866cf9378fc4c5a,vim < 9.0.2106,2024-11-12
Vim,文本编辑器,vim,CVE-2023-48233,vim 是一个高度可配置的文本编辑器，用于有效地创建和更改任何类型的文本。它最初是为在 Unix 系统上的文本编辑而设计的，但现在在几乎所有操作系统上都可以使用，包括 Windows、macOS 和各种 Linux 发行版。智能网联汽车可能使用该组件。在9.0.2108版本之前的vim组件中，ex_cmds.c文件的ex_substitute函数存在整数溢出漏洞，可能导致程序崩溃。,待补充,https://github.com/vim/vim/commit/ac63787734fda2e294e477af52b3bd601517fa78,vim < 9.0.2108,2024-11-12
Vim,文本编辑器,vim,CVE-2023-48234,vim 是一个高度可配置的文本编辑器，用于有效地创建和更改任何类型的文本。它最初是为在 Unix 系统上的文本编辑而设计的，但现在在几乎所有操作系统上都可以使用，包括 Windows、macOS 和各种 Linux 发行版。智能网联汽车可能使用该组件。在9.0.2109版本之前的vim组件中，normal.c文件的nv_z_get_count函数存在整数溢出漏洞，可能导致程序崩溃。,待补充,https://github.com/vim/vim/commit/58f9befca1fa172068effad7f2ea5a9d6a7b0cca,vim < 9.0.2109,2024-11-12
Vim,文本编辑器,vim,CVE-2023-5535,vim 是一个高度可配置的文本编辑器，用于有效地创建和更改任何类型的文本。它最初是为在 Unix 系统上的文本编辑而设计的，但现在在几乎所有操作系统上都可以使用，包括 Windows、macOS 和各种 Linux 发行版。智能网联汽车可能使用该组件。在9.0.2010版本前的vim组件中，buffer.c文件的buf_contents_changed函数存在释放后重用漏洞，可能导致程序崩溃。,待补充,https://github.com/vim/vim/commit/41e6f7d6ba67b61d911f9b1d76325cd79224753d,vim < 9.0.2010,2024-11-12
Xorg-server,软件组件,xorg-server,CVE-2023-6478,xorg-server是X Window System（X11）显示服务器的免费和开源实现，提供窗口管理、图形渲染以及输入输出设备管理等功能。智能网联汽车可能使用该组件。在21.1.10版本之前的xorg-server组件中，更改输入及输出设备参数时存在整数溢出漏洞，可能导致敏感信息泄露。,待补充,https://gitlab.freedesktop.org/xorg/xserver/-/commit/14f480010a93ff962fef66a16412fafff81ad632,xorg-server < 21.1.10,2024-11-12
Vlc,软件组件,vlc,CVE-2023-47359,vlc是一款自由、开源的跨平台多媒体播放器及框架，可播放大多数多媒体文件，支持 DVD、音频 CD、VCD 及各类流媒体协议。智能网联汽车中可能使用该组件。在3.0.20版本前的vlc组件中，mmsh.c文件的GetPacket函数存在堆缓冲区溢出漏洞，可能导致系统拒绝服务。,待补充,,vlc < 3.0.20,2024-11-12
Vim,文本编辑器,vim,CVE-2023-48232,vim 是一个高度可配置的文本编辑器，用于有效地创建和更改任何类型的文本。它最初是为在 Unix 系统上的文本编辑而设计的，但现在在几乎所有操作系统上都可以使用，包括 Windows、macOS 和各种 Linux 发行版。智能网联汽车可能使用该组件。在9.0.2107版本前的vim组件中，move.c文件的adjust_plines_for_skipcol函数存在浮点异常漏洞，可能导致程序崩溃。,待补充,https://github.com/vim/vim/commit/cb0b99f0672d8446585d26e998343dceca17d1ce,vim < 9.0.2107,2024-11-12
Vim,文本编辑器,vim,CVE-2023-48236,vim 是一个高度可配置的文本编辑器，用于有效地创建和更改任何类型的文本。它最初是为在 Unix 系统上的文本编辑而设计的，但现在在几乎所有操作系统上都可以使用，包括 Windows、macOS 和各种 Linux 发行版。智能网联汽车可能使用该组件。在9.0.2111版本前的vim组件中，misc1.c文件的get_number函数存在整数溢出漏洞，可能导致程序崩溃。,待补充,https://github.com/vim/vim/commit/73b2d3790cad5694fc0ed0db2926e4220c48d968,vim < 9.0.2111,2024-11-12
Vim,文本编辑器,vim,CVE-2023-48706,vim 是一个高度可配置的文本编辑器，用于有效地创建和更改任何类型的文本。它最初是为在 Unix 系统上的文本编辑而设计的，但现在在几乎所有操作系统上都可以使用，包括 Windows、macOS 和各种 Linux 发行版。智能网联汽车可能使用该组件。在9.0.2121版本前的vim组件中，ex_cmds.c文件的ex_substitute函数存在释放后重用漏洞，可能导致程序崩溃。,待补充,https://github.com/vim/vim/commit/26c11c56888d01e298cd8044caf860f3c26f57bb,vim < 9.0.2121,2024-11-12
Vim,文本编辑器,vim,CVE-2023-48237,vim 是一个高度可配置的文本编辑器，用于有效地创建和更改任何类型的文本。它最初是为在 Unix 系统上的文本编辑而设计的，但现在在几乎所有操作系统上都可以使用，包括 Windows、macOS 和各种 Linux 发行版。智能网联汽车可能使用该组件。在9.0.2112版本前的vim组件中，ops.c文件的shift_line函数存在整数溢出漏洞，可能导致程序崩溃。,待补充,https://github.com/vim/vim/commit/6bf131888a3d1de62bbfa8a7ea03c0ddccfd496e,vim < 9.0.2112,2024-11-12
FFmpeg,软件组件,FFmpeg,CVE-2021-3566,FFmpeg是一套开源的多媒体框架，支持音频、视频的录制、转换和流化。FFmpeg几乎支持所有常见的数据封装格式、多媒体传输协议以及音视频编解码器。智能网联汽车中常用该组件。FFmpeg组件在低于4.3版本的libavformat/tty.c文件tty模块中存在漏洞，可能导致信息泄露。,待补充,https://github.com/FFmpeg/FFmpeg/commit/3bce9e9b3ea35c54bacccc793d7da99ea5157532#diff-74f6b92a0541378ad15de9c29c0a2b0c69881ad9ffc71abe568b88b535e00a7f,FFmpeg < 4.3,2024-11-12
Vim,文本编辑器,vim,CVE-2023-5441,vim 是一个高度可配置的文本编辑器，用于有效地创建和更改任何类型的文本。它最初是为在 Unix 系统上的文本编辑而设计的，但现在在几乎所有操作系统上都可以使用，包括 Windows、macOS 和各种 Linux 发行版。智能网联汽车可能使用该组件。在9.0.1994版本前的vim组件中，screen.c文件的screen_line函数存在空指针解引用漏洞，可能导致程序崩溃。,待补充,https://github.com/vim/vim/commit/20d161ace307e28690229b68584f2d84556f8960,vim < 9.0.1994,2024-11-11
Xorg-server,软件组件,xorg-server,CVE-2023-1393,xorg-server是X Window System（X11）显示服务器的免费和开源实现，提供窗口管理、图形渲染以及输入输出设备管理等功能。智能网联汽车可能使用该组件。在21.1.8版本之前的xorg-server组件中，compwindow.c文件的compDestroyWindow函数存在释放后重用漏洞，可能系统拒绝服务。,待补充,https://gitlab.freedesktop.org/xorg/xserver/-/commit/26ef545b3502f61ca722a7a3373507e88ef64110,xorg-server < 21.1.8,2024-11-11
Xpdf,软件组件,Xpdf,CVE-2023-2664,Xpdf 是一款免费的 PDF 查看器和工具包，包括文本提取器、图像转换器、HTML 转换器等。智能网联汽车可能使用该组件。在4.04版本之前的Xpdf 组件中，Catalog.cc文件的Catalog::readEmbeddedFileTree函数存在栈溢出漏洞，可能导致程序拒绝服务。,待补充,,Xpdf <= 4.04,2024-11-11
Xorg-server,软件组件,xorg-server,CVE-2023-0494,xorg-server是X Window System（X11）显示服务器的免费和开源实现，提供窗口管理、图形渲染以及输入输出设备管理等功能。智能网联汽车可能使用该组件。在21.1.7版本之前的xorg-server组件中，exevents.c文件的DeepCopyPointerClasses函数存在释放后重用漏洞，可能导致应用程序崩溃。,待补充,https://gitlab.freedesktop.org/xorg/xserver/-/commit/0ba6d8c37071131a49790243cac55392ecf71ec,xorg-server < 21.1.7,2024-11-11
Vim,文本编辑器,vim,CVE-2023-4781,vim 是一个高度可配置的文本编辑器，用于有效地创建和更改任何类型的文本。它最初是为在 Unix 系统上的文本编辑而设计的，但现在在几乎所有操作系统上都可以使用，包括 Windows、macOS 和各种 Linux 发行版。智能网联汽车可能使用该组件。在9.0.1873版本前的vim组件中，regexp.c文件的vim_regsub_both函数存在堆缓冲区溢出漏洞，可能导致程序崩溃。,待补充,https://github.com/vim/vim/commit/f6d28fe2c95c678cc3202cc5dc825a3fcc709e93,vim < 9.0.1873,2024-11-11
Xpdf,软件组件,Xpdf,CVE-2023-2663,Xpdf 是一款免费的 PDF 查看器和工具包，包括文本提取器、图像转换器、HTML 转换器等。智能网联汽车可能使用该组件。在4.04版本之前的Xpdf 组件中，XRef.cc文件的XRef::fetch函数存在栈溢出漏洞，可能导致程序拒绝服务。,待补充,,Xpdf <= 4.04,2024-11-11
Xpdf,软件组件,Xpdf,CVE-2023-2662,Xpdf 是一款免费的 PDF 查看器和工具包，包括文本提取器、图像转换器、HTML 转换器等。智能网联汽车可能使用该组件。在4.04版本之前的Xpdf 组件中，Stream.cc文件的ImageStream::ImageStream函数存在浮点异常漏洞，可能导致程序崩溃。,待补充,,Xpdf <= 4.04,2024-11-11
Vim,文本编辑器,vim,CVE-2023-5344,vim 是一个高度可配置的文本编辑器，用于有效地创建和更改任何类型的文本。它最初是为在 Unix 系统上的文本编辑而设计的，但现在在几乎所有操作系统上都可以使用，包括 Windows、macOS 和各种 Linux 发行版。智能网联汽车可能使用该组件。在9.0.1969版本前的vim组件中，message.c文件的trunc_string函数存在堆缓冲区溢出漏洞，可能导致程序崩溃。,待补充,https://github.com/vim/vim/commit/3bd7fa12e146c6051490d048a4acbfba974eeb04,vim < 9.0.1969,2024-11-11
Vim,文本编辑器,vim,CVE-2023-4752,vim 是一个高度可配置的文本编辑器，用于有效地创建和更改任何类型的文本。它最初是为在 Unix 系统上的文本编辑而设计的，但现在在几乎所有操作系统上都可以使用，包括 Windows、macOS 和各种 Linux 发行版。智能网联汽车可能使用该组件。在9.0.1858版本前的vim组件中，insexpand.c文件的ins_compl_get_exp函数存在释放后重用漏洞，可能导致程序崩溃或远程代码执行。,待补充,https://github.com/vim/vim/commit/ee9166eb3b41846661a39b662dc7ebe8b5e15139,vim < 9.0.1858,2024-11-11
Xorg-server,软件组件,xorg-server,CVE-2022-2320,xorg-server是X Window System（X11）显示服务器的免费和开源实现，提供窗口管理、图形渲染以及输入输出设备管理等功能。智能网联汽车可能使用该组件。在21.1.0版本的xorg-server组件中，xkb.c文件的ProcXkbSetDeviceInfo函数存在越界写入漏洞，可能导致系统崩溃。,待补充,https://gitlab.freedesktop.org/xorg/xserver/-/merge_requests/938/diffs?commit_id=dd8caf39e9e15d8f302e54045dd08d8ebf1025dc,xorg-server = 21.1.0,2024-11-11
wolfSSL,软件组件,wolfSSL,CVE-2022-38153,wolfSSL是一款嵌入式轻量级开源SSL/TLS库，使用ANSI C编写，专为嵌入式、RTOS和资源受限的环境设计。智能网联汽车中可能使用该组件。在5.3.0版本的wolfSSL组件中，处理握手功能时存在资源分配漏洞，可能导致客户端崩溃。,待补充,https://github.com/wolfSSL/wolfssl/pull/5476/files,wolfSSL= 5.3.0,2024-11-11
Xorg-server,软件组件,xorg-server,CVE-2022-3551,xorg-server是X Window System（X11）显示服务器的免费和开源实现，提供窗口管理、图形渲染以及输入输出设备管理等功能。智能网联汽车可能使用该组件。在21.1.6版本之前的xorg-server组件中，xkb.c文件的ProcXkbGetKbdByName函数存在内存溢出漏洞，可能导致程序崩溃。,待补充,https://cgit.freedesktop.org/xorg/xserver/commit/?id=18f91b950e22c2a342a4fbc55e9ddf7534a707d2,xorg-server < 21.1.6,2024-11-11
Vlc,软件组件,vlc,CVE-2022-41325,vlc是一款自由、开源的跨平台多媒体播放器及框架，可播放大多数多媒体文件，支持 DVD、音频 CD、VCD 及各类流媒体协议。智能网联汽车中可能使用该组件。在3.0.17.4版本前的vlc组件中，vnc.c文件的mallocFrameBufferHandler函数存在整数溢出漏洞，可能导致程序崩溃或执行代码。,待补充,https://www.synacktiv.com/sites/default/files/2022-11/vlc_vnc_int_overflow-CVE-2022-41325.pdf,vlc <= 3.0.17.4,2024-11-11
Xorg-server,软件组件,xorg-server,CVE-2022-3550,xorg-server是X Window System（X11）显示服务器的免费和开源实现，提供窗口管理、图形渲染以及输入输出设备管理等功能。智能网联汽车可能使用该组件。在21.1.6版本之前的xorg-server组件中，xkb.c文件的_GetCountedString函数存在缓冲区溢出漏洞，可能导致程序崩溃。,待补充,https://cgit.freedesktop.org/xorg/xserver/commit/?id=11beef0b7f1ed290348e45618e5fa0d2bffcb72e,xorg-server < 21.1.6,2024-11-11
Tar,软件组件,Tar,CVE-2022-48303,GNU Tar 是一个归档程序，其主要用途是存储、备份和传输。它用于创建和操作归档文件，为用户提供了一种有组织、有系统的方法来控制大量数据。智能网联汽车中可能使用该组件。在1.34版本前的Tar组件中，list.c文件的from_header函数存在越界读取漏洞，可能导致拒绝服务。,待补充,https://file.savannah.gnu.org/file/Fix-savannah-bug-62387.patch?file_id=54212,Tar <= 1.34,2024-11-11
Xorg-server,软件组件,xorg-server,CVE-2022-2319,xorg-server是X Window System（X11）显示服务器的免费和开源实现，提供窗口管理、图形渲染以及输入输出设备管理等功能。智能网联汽车可能使用该组件。在21.1.0版本的xorg-server组件中，xkb.c文件的ProcXkbSetGeometry函数存在越界访问漏洞，可能导致程序崩溃。,待补充,https://gitlab.freedesktop.org/xorg/xserver/-/merge_requests/938/diffs?commit_id=6907b6ea2b4ce949cb07271f5b678d5966d9df42,xorg-server = 21.1.0,2024-11-11
Wger,软件组件,wger,CVE-2022-2650,在2.2版本前的wger组件中，当处理身份验证时存在检查缺陷漏洞，可能导致系统拒绝服务。,待补充,https://github.com/wger-project/wger/commit/5e3167e3a2dc95836fa2607fe201524c031a2c4c,wger< 2.2,2024-11-11
Bento4,软件组件,Bento4,CVE-2022-27607,"Bento4 是一个 C++ 类库和工具，用于读写 ISO-MP4 文件,支持 H.264 和 H.265 基本流的解析和多路复用、将 ISO-MP4 转换为 MPEG2-TS、打包 HLS 和 MPEG-DASH、CMAF、内容加密和解密等。智能网联汽车中可能使用该组件。在1.6.0-639版本的Bento4组件中，AP4_HvccAtom.cpp文件的AP4_HvccAtom::AP4_HvccAtom函数存在堆缓冲区溢出漏洞，可能导致拒绝服务。",待补充,,Bento4 = 1.6.0-639,2024-11-11
WavPack,软件组件,WavPack,CVE-2022-2476,WavPack 是一个开源的音频编码和解码库，主要用于无损音频压缩。其支持混合压缩模式，支持多种操作系统，还提供了多个命令行工具，用于音频文件的编码、解码和管理。智能网联汽车中可能使用该组件。在5.4.0版本的WavPack组件中，解压缩WavPack格式音频时存在空指针解引用漏洞，可能导致程序异常。,待补充,https://github.com/dbry/WavPack/commit/25b4a2725d8568212e7cf89ca05ca29d128af7ac,WavPack = 5.4.0,2024-11-11
WavPack,软件组件,WavPack,CVE-2021-44269,WavPack 是一个开源的音频编码和解码库，主要用于无损音频压缩。其支持混合压缩模式，支持多种操作系统，还提供了多个命令行工具，用于音频文件的编码、解码和管理。智能网联汽车中可能使用该组件。在5.4.0版本的WavPack组件中，pack_utils.c文件的WavpackPackSamples函数存在越界读取漏洞，可能导致程序崩溃。,待补充,https://github.com/dbry/WavPack/commit/773f9d0803c6888ae7d5391878d7337f24216f4a,WavPack = 5.4.0,2024-11-11
Vlc,软件组件,vlc,CVE-2021-25803,vlc是一款自由、开源的跨平台多媒体播放器及框架，可播放大多数多媒体文件，支持 DVD、音频 CD、VCD 及各类流媒体协议。智能网联汽车中可能使用该组件。在3.0.11版本的vlc组件中，vlc_input.h文件的vlc_input_attachment_New函数存在缓冲区溢出漏洞，可能导致系统崩溃。,待补充,https://code.videolan.org/videolan/vlc-3.0/-/commit/56cbe9c4b59edbdc5e1bb2687992f3bbf492eccb,vlc = 3.0.11,2024-11-08
Bento4,软件组件,Bento4,CVE-2021-35307,"Bento4 是一个 C++ 类库和工具，用于读写 ISO-MP4 文件,支持 H.264 和 H.265 基本流的解析和多路复用、将 ISO-MP4 转换为 MPEG2-TS、打包 HLS 和 MPEG-DASH、CMAF、内容加密和解密等。智能网联汽车中可能使用该组件。在1.6.0-636之前的版本的Bento4组件中，Ap4Descriptor.h文件的AP4_DescriptorFinder::Test函数存在空指针解引用漏洞，可能导致系统拒绝服务。",待补充,,Bento4 <= 1.6.0-636,2024-11-08
Vsftpd,软件组件,vsftpd,CVE-2021-30047,vsftpd是一个完全免费的、开放源代码的ftp服务器软件，主要功能包括文件传输协议（FTP）服务，允许用户上传和下载文件。智能网联汽车可能使用该组件。在3.0.3版本的vsftpd组件中，处理客户端连接请求时存在拒绝服务漏洞，可能导致程序崩溃。,待补充,,vsftpd = 3.0.3,2024-11-08
Wazuh,软件组件,Wazuh,CVE-2021-41821,Wazuh 是一个用于威胁预防、检测和响应的免费开源平台，提供入侵检测、日志数据分析、文件完整性监控、漏洞检测等功能。智能网联汽车中可能使用该组件。在4.1.5版本前的Wazuh 组件中，Wazuh Manager处理消息时存在整数溢出漏洞，可能导致拒绝服务。,待补充,https://github.com/wazuh/wazuh/commit/c88f6b92144a109e428a1c77ac17307fcb3a1c63,Wazuh <= 4.1.5,2024-11-08
Wazuh,软件组件,Wazuh,CVE-2021-44079,Wazuh 是一个用于威胁预防、检测和响应的免费开源平台，提供入侵检测、日志数据分析、文件完整性监控、漏洞检测等功能。智能网联汽车中可能使用该组件。在4.2.0版本到4.2.5的Wazuh 组件中，主动响应工具存在命令注入漏洞，可能导致远程代码执行。,待补充,https://github.com/wazuh/wazuh/commit/a121e732cd4885a9630b890c04e94c6ba4b75038,4.2.0 <= Wazuh < 4.2.5,2024-11-08
Vlc,软件组件,vlc,CVE-2021-25804,vlc是一款自由、开源的跨平台多媒体播放器及框架，可播放大多数多媒体文件，支持 DVD、音频 CD、VCD 及各类流媒体协议。智能网联汽车中可能使用该组件。在3.0.11版本的vlc组件中，avi.c文件的Open函数存在空指针解引用漏洞，可能导致拒绝服务。,待补充,https://code.videolan.org/videolan/vlc-3.0/-/commit/a7f577ec26d35bbd7b2a3cda89d1b41bde69de9c,vlc = 3.0.11,2024-11-08
Bento4,软件组件,Bento4,CVE-2021-40941,"Bento4 是一个 C++ 类库和工具，用于读写 ISO-MP4 文件,支持 H.264 和 H.265 基本流的解析和多路复用、将 ISO-MP4 转换为 MPEG2-TS、打包 HLS 和 MPEG-DASH、CMAF、内容加密和解密等。智能网联汽车中可能使用该组件。在1.6.0-638版本的Bento4组件中，Ap4Array.h文件的AP4_Array<AP4_TrunAtom::Entry>::EnsureCapacity函数存在资源分配漏洞，可能导致拒绝服务。",待补充,,Bento4 = 1.6.0-638,2024-11-08
Wazuh,软件组件,Wazuh,CVE-2021-26814,Wazuh 是一个用于威胁预防、检测和响应的免费开源平台，提供入侵检测、日志数据分析、文件完整性监控、漏洞检测等功能。智能网联汽车中可能使用该组件。在4.0.0到4.0.3版本的Wazuh 组件中，/manager/files接口存在目录遍历漏洞，可能导致敏感信息泄露。,待补充,https://github.com/wazuh/wazuh/commit/1185ecb7604e2b88f114cca2f125a2d3835274a1,4.0.0 <= Wazuh <= 4.0.3,2024-11-08
Bento4,软件组件,Bento4,CVE-2021-40943,"Bento4 是一个 C++ 类库和工具，用于读写 ISO-MP4 文件,支持 H.264 和 H.265 基本流的解析和多路复用、将 ISO-MP4 转换为 MPEG2-TS、打包 HLS 和 MPEG-DASH、CMAF、内容加密和解密等。智能网联汽车中可能使用该组件。在1.6.0-638版本的Bento4组件中，Ap4Descriptor.h文件的AP4_DescriptorListInspector::Action函数存在空指针解引用漏洞，可能导致拒绝服务。",待补充,,Bento4 = 1.6.0-638,2024-11-08
Xpdf,软件组件,Xpdf,CVE-2021-36493,Xpdf 是一款免费的 PDF 查看器和工具包，包括文本提取器、图像转换器、HTML 转换器等。智能网联汽车可能使用该组件。在4.03版本的Xpdf 组件中，XRef.cc文件的XRef::fetch函数存在栈溢出漏洞，可能导致程序崩溃。,待补充,,Xpdf = 4.03,2024-11-08
Libtiff,软件组件,libtiff,CVE-2024-7006,tiff是一个读写处理标签图像文件格式（Tag Image File Format，TIFF）的开源组件。智能网联汽车中可能使用该组件。tiff组件的libtiff/tif_dirinfo.c文件中_TIFFMergeFields函数存在空指针解引用漏洞，此问题可能允许攻击者通过某些方式触发内存分配失败，例如限制堆空间大小或注入错误，从而导致分段错误。这可能会导致应用程序崩溃，最终导致拒绝服务。,待补充,https://gitlab.com/libtiff/libtiff/-/merge_requests/559/diffs,3.5.1 <= libtiff <= 4.6.0,2024-11-07
wolfSSL,软件组件,wolfSSL,CVE-2024-5991,wolfSSL是一款嵌入式轻量级开源SSL/TLS库，使用ANSI C编写，专为嵌入式、RTOS和资源受限的环境设计。智能网联汽车中可能使用该组件。wolfSSL组件在5.7.0版本之前中的wolfssl/src/cert.c文件中X509_check_host函数存在越界读取漏洞，可能导致敏感信息泄露或程序崩溃。,待补充,https://github.com/wolfSSL/wolfssl/pull/7604/files,wolfSSL <= 5.7.0,2024-11-07
Suricata,软件组件,suricata,CVE-2024-38535,Suricata是一个用途广泛的开源威胁检测引擎，可以提供实时入侵检测、内联入侵预防、网络安全监控等功能，可能在智能网联汽车中使用。Suricata组件在6.0.20版本之前、7.0.0到7.0.6版本之间的rust/src/http2/detect.rs文件中http2_frames_get_header_value函数存在拒绝服务漏洞，在解析恶意的HTTP/2流量时可能会耗尽内存，导致系统拒绝服务。,待补充,https://github.com/OISF/suricata/commit/c82fa5ca0d1ce0bd8f936e0b860707a6571373b2,"suricata < 6.0.20;
7.0.0 <=suricata < 7.0.6",2024-11-07
Suricata,软件组件,Suricata,CVE-2024-38536,Suricata是一个用途广泛的开源威胁检测引擎，可以提供实时入侵检测、内联入侵预防、网络安全监控等功能，可能在智能网联汽车中使用。Suricata组件在7.0.6版本之前的http.memcap功能存在空指针引用漏洞，可能导致系统崩溃。,待补充,,Suricata < 7.0.6,2024-11-07
Suricata,软件组件,Suricata,CVE-2024-38534,Suricata是一个用途广泛的开源威胁检测引擎，可以提供实时入侵检测、内联入侵预防、网络安全监控等功能，可能在智能网联汽车中使用。Suricata组件在7.0.6版本之前的rust/src/modbus/modbus.rs文件中ModbusState 函数存在拒绝服务漏洞，在处理精心设计的modbus流量可以导致系统拒绝服务。,待补充,https://github.com/OISF/suricata/commit/a753cdbe84caee3b66d0bf49b2712d29a50d67ae,Suricata < 7.0.6,2024-11-07
Suricata,软件组件,Suricata,CVE-2024-37151,Suricata是一个用途广泛的开源威胁检测引擎，可以提供实时入侵检测、内联入侵预防、网络安全监控等功能，可能在智能网联汽车中使用。Suricata组件在6.0.0到6.0.20版本之间、7.0.0到7.0.6版本之间的src/defrag-hash.c文件中DefragGetTrackerFromHash 函数存在数据包重组异常漏洞，使用相同的IP ID值错误处理多个碎片数据包可能会导致数据包重组失败，从而导致功能失效。,待补充,https://github.com/OISF/suricata/commit/aab7f35c76721df19403a7c0c0025feae12f3b6b,6.0.0<=Suricata <6.0.20;7.0.0<=Suricata < 7.0.6,2024-11-07
Xorg-server,软件组件,xorg-server,CVE-2021-3472,xorg-server是X Window System（X11）显示服务器的免费和开源实现，提供窗口管理、图形渲染以及输入输出设备管理等功能。智能网联汽车可能使用该组件。在1.20.11版本前的xorg-server组件中，chgfctl.c文件的ProcXChangeFeedbackControl函数存在整数溢出漏洞，可能导致本地权限提升。,待补充,https://gitlab.freedesktop.org/xorg/xserver/-/commit/7aaf54a1884f71dc363f0b884e57bcb67407a6cd,xorg-server < 1.20.11,2024-11-07
Vlc,软件组件,vlc,CVE-2021-25802,vlc是一款自由、开源的跨平台多媒体播放器及框架，可播放大多数多媒体文件，支持 DVD、音频 CD、VCD 及各类流媒体协议。智能网联汽车中可能使用该组件。在3.0.11版本的vlc组件中，avi.c文件的AVI_ExtractSubtitle函数存在缓冲区溢出漏洞，可能导致系统崩溃。,待补充,https://code.videolan.org/videolan/vlc-3.0/-/commit/0660acc3ab64d2c3ad99cae887a438f0648faa72,vlc = 3.0.11,2024-11-07
Polkit,软件组件,polkit,CVE-2021-4034,polkit是一个开源组件，广泛用于类 UNIX 系统中，用于管理非特权进程与特权任务之间的权限控制和通信。它主要提供了一种机制，通过集中配置和规则，实现对权限请求的细粒度控制，从而提升系统的安全性。智能网联汽车可能使用该组件。在121版本前的polkit组件中，当处理命令操作时存在本地权限提升漏洞，可能导致执行任意代码。,待补充,https://gitlab.freedesktop.org/polkit/polkit/-/commit/a2bf5c9c83b6ae46cbd5c779d3055bff81ded683,polkit < 121,2024-11-07
Vlc,软件组件,vlc,CVE-2021-25801,vlc是一款自由、开源的跨平台多媒体播放器及框架，可播放大多数多媒体文件，以及 DVD、音频 CD、VCD 及各类流媒体协议。智能网联汽车中可能使用该组件。在3.0.11版本的vlc组件中，avi.c文件的AVI_IndexLoad_indx函数存在缓冲区溢出漏洞，可能导致越界读取。,待补充,https://code.videolan.org/videolan/vlc-3.0/-/commit/f5f8cc3ab8825f178de3f6714bfbff8b3f293fd2,vlc = 3.0.11,2024-11-07
Squid,软件组件,Squid,CVE-2023-46728,Squid是一个高性能的代理缓存服务器，Squid支持FTP、gopher、HTTPS和HTTP协议，和一般的代理缓存软件不同，Squid用一个单独的、非模块化的、I/O驱动的进程来处理所有的客户端请求。智能网联汽车中可能使用该组件。Squid组件在6.0.1之前版本中Gopher功能存在拒绝服务漏洞。由于NULL指针解引用错误，Squid容易受到针对Squid Gopher网关的拒绝服务攻击，导致程序崩溃。,待补充,https://github.com/squid-cache/squid/commit/6ea12e8fb590ac6959e9356a81aa3370576568c3,Squid <6.0.1,2024-11-06
Squid,软件组件,Squid,CVE-2023-46847,Squid是一个高性能的代理缓存服务器，Squid支持FTP、gopher、HTTPS和HTTP协议，和一般的代理缓存软件不同，Squid用一个单独的、非模块化的、I/O驱动的进程来处理所有的客户端请求。智能网联汽车中可能使用该组件。Squid组件在3.2.0.1到6.4版本之间的src/auth/digest/Config.cc文件中decode函数存在缓冲区溢出漏洞，当Squid配置为接受HTTP摘要式身份验证时，远程攻击者可以通过向堆内存写入最多2 MB的任意数据来执行缓冲区溢出攻击，导致服务程序崩溃。,待补充,https://www.squid-cache.org/Versions/v6/SQUID-2023_3.patch,3.2.0.1 <= Squid < 6.4,2024-11-06
Squid,软件组件,Squid,CVE-2023-49286,Squid是一个高性能的代理缓存服务器，Squid支持FTP、gopher、HTTPS和HTTP协议，和一般的代理缓存软件不同，Squid用一个单独的、非模块化的、I/O驱动的进程来处理所有的客户端请求。智能网联汽车中可能使用该组件。Squid组件在小于6.4版本的/src/ipc.cc文件中ipcCreate函数存在函数返回值检查不正确漏洞，Squid容易受到针对其助手进程管理的拒绝服务攻击。Squid 6.5版本已修复此错误。建议用户升级。,待补充,https://www.squid-cache.org/Versions/v6/SQUID-2023_8.patch,squid <= 6.4,2024-11-06
Squid,软件组件,Squid,CVE-2023-49285,Squid是一个高性能的代理缓存服务器，Squid支持FTP、gopher、HTTPS和HTTP协议，和一般的代理缓存软件不同，Squid用一个单独的、非模块化的、I/O驱动的进程来处理所有的客户端请求。智能网联汽车中可能使用该组件。Squid组件在6.4版本之前的/src/time/rfc1123.cc文件中make_month函数存在缓冲区读写缺陷漏洞，可能导致程序崩溃。,待补充,https://www.squid-cache.org/Versions/v6/SQUID-2023_7.patch,Squid <=6.4,2024-11-06
Squid,软件组件,Squid,CVE-2023-46724,Squid是一个高性能的代理缓存服务器，Squid支持FTP、gopher、HTTPS和HTTP协议，和一般的代理缓存软件不同，Squid用一个单独的、非模块化的、I/O驱动的进程来处理所有的客户端请求。智能网联汽车中可能使用该组件。Squid组件在3.3.0.1到6.4版本之间的src/anyp/Uri.cc文件中urlInitialize函数存在拒绝服务漏洞。可能导致程序崩溃。,待补充,https://www.squid-cache.org/Versions/v6/SQUID-2023_4.patch,3.3.0.1 <= Squid <6.4,2024-11-06
Squid,软件组件,Squid,CVE-2023-46848,Squid是一个高性能的代理缓存服务器，Squid支持FTP、gopher、HTTPS和HTTP协议，和一般的代理缓存软件不同，Squid用一个单独的、非模块化的、I/O驱动的进程来处理所有的客户端请求。智能网联汽车中可能使用该组件。Squid组件在5.0.3到6.4版本版本之间的Uri.cc文件中AnyP::Uri::Encode函数存在检查缺陷漏洞，可能在处理char类型的符号扩展数据时导致服务程序崩溃。,待补充,https://www.squid-cache.org/Versions/v6/SQUID-2023_5.patch,5.0.3 <= Squid < 6.4,2024-11-06
Qt,软件组件,Qt,CVE-2023-37369,Qt是一个跨平台的C++应用程序开发框架，提供了丰富的工具和库，可用于开发图形用户界面（GUI）、嵌入式系统、网络应用等各种类型的应用程序。智能网联汽车上可能使用该组件。Qt 组件在 5.15.15 版本之前，6.0.0到6.2.9 版本之间、6.3.0到6.5.2版本之间的src/xml/stream/qxmlstream.cpp文件中 QXmlStreamReader::fastScanName函数存在拒绝服务漏洞，通过一个精心设计的 XML 字符串可以触发 QXmlStreamReader 出现应用程序崩溃的情况。,待补充,https://codereview.qt-project.org/c/qt/qtbase/+/455027,Qt < 5.15.15、6.0.0 <= Qt < 6.2.9、6.3.0 <= Qt < 6.5.2,2024-11-06
Redis,软件组件,Redis,CVE-2023-41056,Redis（Remote Dictionary Server）是一种开源的内存数据库和缓存系统，具有高性能和多功能性的特点广泛用于缓存、实时分析、消息队列、会话存储等各种场景。智能网联汽车中可能使用该组件。Redis 组件在7.0.9到7.0.15版本、7.2.0到7.2.4版本中处理内存缓冲区大小调整的功能中存在堆溢出漏洞，如果不正确地处理内存缓冲区的大小调整，可能会引起整数溢出，这可能导致堆溢出，进而可能允许远程代码执行或系统拒绝服务。,待补充,https://github.com/redis/redis/compare/7.2.4...7.2,"7.0.9 <= Redis < 7.0.15;
7.2.0 <= Redis < 7.2.4",2024-11-06
Qt,软件组件,Qt,CVE-2023-38197,Qt是一个跨平台的C++应用程序开发框架，提供了丰富的工具和库，可用于开发图形用户界面（GUI）、嵌入式系统、网络应用等各种类型的应用程序。智能网联汽车上可能使用该组件。Qt 组件在 5.15.15版本之前、6.0.0到6.2.10版本之间、6.3.0到6.5.3版本之间的src/xml/stream/qxmlstream.cpp文件中 QXmlStreamReader类存在无限循环漏洞，这个问题出现在递归实体扩展中，攻击者可以利用这一点导致应用程序崩溃，甚至可能执行任意代码。,待补充,https://codereview.qt-project.org/c/qt/qtbase/+/488960,Qt < 5.15.15、6.0.0 <= Qt < 6.2.10、6.3.0 <= Qt < 6.5.3,2024-11-06
Squid,软件组件,Squid,CVE-2023-50269,Squid是一个高性能的代理缓存服务器，Squid支持FTP、gopher、HTTPS和HTTP协议，和一般的代理缓存软件不同，Squid用一个单独的、非模块化的、I/O驱动的进程来处理所有的客户端请求。智能网联汽车中可能使用该组件。Squid组件在2.6到2.7版本之间、3.1到5.9版本之间、6.0.1到6.5版本之间的_X_forwardd_For功能存在递归检查缺陷漏洞，可能在处理客户端发送较大的X-Forwarded-For标头时，导致应用程序崩溃。,待补充,https://www.squid-cache.org/Versions/v6/SQUID-2023_10.patch,2.6 <= Squid <= 2.7、3.1 <= Squid <= 5.9、6.0.1 <= Squid <= 6.5,2024-11-06
Redis,软件组件,Redis,CVE-2023-36824,Redis（Remote Dictionary Server）是一种开源的内存数据库和缓存系统，具有高性能和多功能性的特点广泛用于缓存、实时分析、消息队列、会话存储等各种场景。智能网联汽车中可能使用该组件。Redis 组件在7.0（含）到7.0.12版本中键提取功能存在堆溢出漏洞，如果从命令和一系列参数中提取键名，可能会在某些情况下触发堆溢出，导致读取随机堆内存、堆损坏，甚至可能执行远程代码。,待补充,https://github.com/redis/redis/compare/7.0.12...7.0,7.0 <= Redis < 7.0.12,2024-11-05
Squid,软件组件,Squid,CVE-2023-5824,Squid是一个高性能的代理缓存服务器，Squid支持FTP、gopher、HTTPS和HTTP协议，和一般的代理缓存软件不同，Squid用一个单独的、非模块化的、I/O驱动的进程来处理所有的客户端请求。智能网联汽车中可能使用该组件。Squid组件在小于6.4版本中的缓存检索功能存在漏洞，可能会导致工作进程停滞或崩溃，从而导致拒绝服务。,待补充,https://www.squid-cache.org/Versions/v6/SQUID-2023_2.patch,Squid < 6.4,2024-11-05
Tiff,软件组件,tiff,CVE-2023-25434,tiff是一个读写处理标签图像文件格式（Tag Image File Format，TIFF）的开源组件。智能网联汽车中可能使用该组件。tiff组件在4.5.0版本的/libtiff/tools/tiffcrop.c文件中extractContigSamplesBytes函数存在缓冲区溢出漏洞，可能导致应用程序拒绝服务。,待补充,,tiff=4.5.0,2024-11-05
Sudo,软件组件,Sudo,CVE-2023-7090,Sudo是一个系统工具，允许系统管理员授予普通用户以超级用户或其他用户身份执行某些命令的权限。智能网联汽车中常常使用该组件。Sudo组件在1.8.28版本之前中plugins/sudoers/file.c文件sudo_file_open函数存在权限管理不当漏洞，即在处理ipa_hostname时，其中/etc/sssd/sssd.conf中的ipa_hostname未在sudo中做限制。因此，它会导致应用程序中的权限管理不当，客户端主机即使在收回权限后也会保留权限。,待补充,https://github.com/sudo-project/sudo/commit/e99082e05b9f0dd0e0f47fa1d2e1b9d922ea8c4c,Sudo < 1.8.28,2024-11-05
Sudo,软件组件,Sudo,CVE-2023-22809,Sudo是一个系统工具，允许系统管理员授予普通用户以超级用户或其他用户身份执行某些命令的权限。智能网联汽车中常常使用该组件。Sudo组件在1.8.0到1.9.12.p1版本的sudoedit（aka-e）功能存在错误特权升级漏洞， 错误地处理了用户提供的环境变量（Sudo_EDITOR、VISUAL和EDITOR）中传递的额外参数，使本地攻击者能够将任意条目附加到要处理的文件列表中。这可能会导致特权升级。,待补充,,1.8.0 <= Sudo <=1.9.12.p1,2024-11-05
wolfSSL,软件组件,wolfSSL,CVE-2022-39173,wolfSSL是一款嵌入式轻量级开源SSL/TLS库，使用ANSI C编写，专为嵌入式、RTOS和资源受限的环境设计。智能网联汽车中可能使用该组件。wolfSSL组件在5.5.1之前版本中，恶意客户端可能会在TLS 1.3握手期间导致缓冲区溢出。当攻击者恢复之前的TLS会话时，就会发生这种情况。在恢复过程中，必须触发客户端Hello重试请求。两个Client Hellos都需要包含一个重复密码套件列表，以触发缓冲区溢出。总共需要发送两个客户端Hellos：一个在恢复的会话中，另一个作为对Hello Retry Request消息的响应。,待补充,,wolfSSL< 5.5.1,2024-11-05
wolfSSL,软件组件,wolfSSL,CVE-2022-42905,wolfSSL是一款嵌入式轻量级开源SSL/TLS库，使用ANSI C编写，专为嵌入式、RTOS和资源受限的环境设计。智能网联汽车中可能使用该组件。wolfSSL组件在5.5.2之前版本中， WOLFSSL_CALLBACKS 功能存在堆缓冲区读溢出漏洞。,待补充,,wolfSSL< 5.5.2,2024-11-05
Qt,软件组件,Qt,CVE-2022-43591,Qt是一个跨平台的C++应用程序开发框架，提供了丰富的工具和库，可用于开发图形用户界面（GUI）、嵌入式系统、网络应用等各种类型的应用程序。智能网联汽车上可能使用该组件。Qt 组件6.3.2 版本中的 QML QtScript Reflect API 中存在缓冲区溢出漏洞。一个特别制作的 JavaScript 代码可以触发越界内存访问，这可能导致任意代码执行。,待补充,,Qt = 6.3.2,2024-11-05
Qt,软件组件,Qt,CVE-2022-40983,Qt是一个跨平台的C++应用程序开发框架，提供了丰富的工具和库，可用于开发图形用户界面（GUI）、嵌入式系统、网络应用等各种类型的应用程序。智能网联汽车上可能使用该组件。Qt 组件6.3.2 版本中的 QML QtScript Reflect API 存在整数溢出漏洞。一个特别制作的 JavaScript 代码可以在内存分配期间触发整数溢出，这可能导致任意代码执行。目标应用程序需要访问恶意网页才能触发这个漏洞。,待补充,,Qt = 6.3.2,2024-11-05
Squid,软件组件,Squid,CVE-2022-41318,Squid是一个高性能的代理缓存服务器，Squid支持FTP、gopher、HTTPS和HTTP协议，和一般的代理缓存软件不同，Squid用一个单独的、非模块化的、I/O驱动的进程来处理所有的客户端请求。智能网联汽车中可能使用该组件。Squid组件在2.5到5.7版本的lib/ntlmauth/ntlmauth.cc文件中ntlm_fetch_string函数存在缓冲区读溢出漏洞，由于整数溢出保护不正确，SSPI和SMB认证辅助工具容易读取到意外的内存位置，可能导致敏感信息泄露或程序拒绝服务。,待补充,https://www.squid-cache.org/Versions/v5/SQUID-2022_2.patch,2.5 <= Squid < 5.7,2024-11-05
Tcpreplay,软件组件,Tcpreplay,CVE-2023-27786,Tcpreplay 是一个强大的网络数据包重放工具，它可以帮助用户模拟网络流量、测试网络设备性能、检测网络安全隐患等。智能网联汽车中可能使用该组件。Tcpreplay组件在4.4.3版本的macinstring函数存在拒绝服务漏洞，可能导致系统拒绝服务。,待补充,https://github.com/appneta/tcpreplay/pull/783,Tcpreplay = 4.4.3,2024-11-04
Tcpreplay,软件组件,Tcpreplay,CVE-2023-27788,Tcpreplay是一个强大的网络数据包重放工具，它可以帮助用户模拟网络流量、测试网络设备性能、检测网络安全隐患等。智能网联汽车中可能使用该组件。Tcpreplay组件在4.4.3版本portmap.c文件中的ports2PORT函数存在拒绝服务漏洞，可能导致系统拒绝服务。,待补充,https://github.com/appneta/tcpreplay/issues/786,Tcpreplay = 4.4.3,2024-11-04
Tcpreplay,软件组件,Tcpreplay,CVE-2023-27784,Tcpreplay是一个强大的网络数据包重放工具，它可以帮助用户模拟网络流量、测试网络设备性能、检测网络安全隐患等。智能网联汽车中可能使用该组件。Tcpreplay组件在4.4.3版本utils.c文件中的read_hexstring函数存在拒绝服务漏洞，可能导致系统拒绝服务。,待补充,https://github.com/appneta/tcpreplay/issues/787,Tcpreplay = 4.4.3,2024-11-04
Tcpreplay,软件组件,Tcpreplay,CVE-2023-27783,Tcpreplay是一个强大的网络数据包重放工具，它可以帮助用户模拟网络流量、测试网络设备性能、检测网络安全隐患等。智能网联汽车中可能使用该组件。Tcpreplay组件在4.4.3版本plugins/dlt_plugins.c文件中的tcpedit_dlt_cleanup函数存在拒绝服务漏洞，可能导致系统拒绝服务。,待补充,https://github.com/appneta/tcpreplay/pull/781,Tcpreplay = 4.4.3,2024-11-04
Tcpreplay,软件组件,Tcpreplay,CVE-2023-27785,Tcpreplay是一个强大的网络数据包重放工具，它可以帮助用户模拟网络流量、测试网络设备性能、检测网络安全隐患等。智能网联汽车中可能使用该组件。Tcpreplay组件在4.4.3版本的parse endpoints函数存在拒绝服务漏洞，可能导致系统拒绝服务。,待补充,https://github.com/appneta/tcpreplay/issues/785,Tcpreplay = 4.4.3,2024-11-04
Tcpreplay,软件组件,Tcpreplay,CVE-2023-27787,Tcpreplay 是一个强大的网络数据包重放工具，它可以帮助用户模拟网络流量、测试网络设备性能、检测网络安全隐患等。智能网联汽车中可能使用该组件。Tcpreplay组件在4.4.3版本list.c文件中的parse_list函数存在拒绝服务漏洞，可能导致系统拒绝服务。,待补充,https://github.com/appneta/tcpreplay/issues/788,Tcpreplay = 4.4.3,2024-11-04
Tcpreplay,软件组件,Tcpreplay,CVE-2023-27789,Tcpreplay是一个强大的网络数据包重放工具，它可以帮助用户模拟网络流量、测试网络设备性能、检测网络安全隐患等。智能网联汽车中可能使用该组件。Tcpreplay组件在4.4.3版本cidr.c文件中的cidr2cidr函数存在拒绝服务漏洞，可能导致系统拒绝服务。,待补充,https://github.com/appneta/tcpreplay/pull/783,Tcpreplay = 4.4.3,2024-11-04
Tcpreplay,软件组件,Tcpreplay,CVE-2022-37047,Tcpreplay是一个强大的网络数据包重放工具，它可以帮助用户模拟网络流量、测试网络设备性能、检测网络安全隐患等。智能网联汽车中可能使用该组件。Tcpreplay组件在4.4.1版本中 common/get.c文件中的get_ipv6_next函数存在堆缓冲区溢出漏洞，该漏洞允许攻击者通过发送特制的网络数据包，触发基于堆的缓冲区溢出，可能导致程序崩溃或执行任意代码。,待补充,,Tcpreplay = 4.4.1,2024-11-04
Tcpreplay,软件组件,Tcpreplay,CVE-2022-37049,Tcpreplay是一个强大的网络数据包重放工具，它可以帮助用户模拟网络流量、测试网络设备性能、检测网络安全隐患等。智能网联汽车中可能使用该组件。Tcpreplay组件在4.4.1版本中 common/get.c文件中的parse_mpls函数存在堆缓冲区溢出漏洞，该漏洞允许攻击者通过发送特制的网络数据包，触发基于堆的缓冲区溢出，可能导致程序崩溃或执行任意代码。,待补充,,Tcpreplay= 4.4.1,2024-11-04
Tcpreplay,软件组件,Tcpreplay,CVE-2022-37048,Tcpreplay是一个强大的网络数据包重放工具，它可以帮助用户模拟网络流量、测试网络设备性能、检测网络安全隐患等。智能网联汽车中可能使用该组件。Tcpreplay组件在4.4.1版本中 common/get.c文件中的get_l2len_protocol函数存在堆缓冲区溢出漏洞，该漏洞允许攻击者通过发送特制的网络数据包，触发基于堆的缓冲区溢出，可能导致程序崩溃或执行任意代码。,待补充,,Tcpreplay = 4.4.1,2024-11-04
Tcpreplay,软件组件,Tcpreplay,CVE-2023-4256,Tcpreplay是一个强大的网络数据包重放工具，它可以帮助用户模拟网络流量、测试网络设备性能、检测网络安全隐患等。智能网联汽车中可能使用该组件。Tcpreplay组件在4.4.3、4.4.4版本plugins/dlt_plugins.c文件中的tcpedit_dlt_cleanup()函数存在双重释放漏洞，可能导致系统拒绝服务。,待补充,,Tcpreplay = 4.4.3、Tcpreplay = 4.4.4,2024-11-01
Tcpreplay,软件组件,Tcpreplay,CVE-2022-27418,Tcpreplay是一个强大的网络数据包重放工具，它可以帮助用户模拟网络流量、测试网络设备性能、检测网络安全隐患等。智能网联汽车中可能使用该组件。Tcpreplay组件在4.4.1版本中/tcpedit/checksum.c文件的do_checksum_math函数存在堆缓冲区溢出漏洞，可能导致系统拒绝服务。,待补充,https://github.com/appneta/tcpreplay/issues/703,Tcpreplay = 4.4.1,2024-11-01
Tcpreplay,软件组件,Tcpreplay,CVE-2022-27941,Tcpreplay是一个强大的网络数据包重放工具，它可以帮助用户模拟网络流量、测试网络设备性能、检测网络安全隐患等。智能网联汽车中可能使用该组件。Tcpreplay组件在4.4.1版本中common/get.c文件的get_l2len_protocol函数存在堆缓冲区溢出漏洞，可能会导致信息泄露或程序崩溃等安全问题。,待补充,,Tcpreplay = 4.4.1,2024-11-01
Tcpreplay,软件组件,Tcpreplay,CVE-2022-27942,Tcpreplay是一个强大的网络数据包重放工具，它可以帮助用户模拟网络流量、测试网络设备性能、检测网络安全隐患等。智能网联汽车中可能使用该组件。Tcpreplay组件在4.4.1版本中common/get.c文件的parse_mpls函数存在堆缓冲区溢出漏洞，可能会导致信息泄露或程序崩溃等安全问题。,待补充,,Tcpreplay = 4.4.1,2024-11-01
Tcpreplay,软件组件,Tcpreplay,CVE-2022-27940,Tcpreplay是一个强大的网络数据包重放工具，它可以帮助用户模拟网络流量、测试网络设备性能、检测网络安全隐患等。智能网联汽车中可能使用该组件。Tcpreplay组件在4.4.1版本中common/get.c文件的get_ipv6_next函数存在堆缓冲区溢出漏洞，可能会导致信息泄露或程序崩溃等安全问题。,待补充,,Tcpreplay = 4.4.1,2024-11-01
Vim,文本编辑器,Vim,CVE-2022-1620,Vim 是一个高度可配置的文本编辑器，用于有效地创建和更改任何类型的文本。它最初是为在 Unix 系统上的文本编辑而设计的，但现在在几乎所有操作系统上都可以使用，包括 Windows、macOS 和各种 Linux 发行版。智能网联汽车上可能使用该组件。Vim组件在8.2.4901之前版本regexp.c文件中的vim_regexec_string函数存在空指针解引用漏洞，可能导致系统拒绝服务。,待补充,https://github.com/vim/vim/commit/8e4b76da1d7e987d43ca960dfbc372d1c617466f,Vim < 8.2.4901,2024-11-01
Vim,文本编辑器,Vim,CVE-2022-1619,Vim 是一个高度可配置的文本编辑器，用于有效地创建和更改任何类型的文本。它最初是为在 Unix 系统上的文本编辑而设计的，但现在在几乎所有操作系统上都可以使用，包括 Windows、macOS 和各种 Linux 发行版。智能网联汽车上可能使用该组件。Vim组件在8.2.4899之前版本的cmdline_erase_chars函数存在堆缓冲区溢出漏洞，攻击者可以构造特定的输入来触发此漏洞，导致软件崩溃、内存被修改，甚至可能实现远程代码执行。,待补充,https://github.com/vim/vim/commit/ef02f16609ff0a26ffc6e20263523424980898fe,Vim < 8.2.4899,2024-11-01
Vim,文本编辑器,Vim,CVE-2022-1720,Vim 是一个高度可配置的文本编辑器，用于有效地创建和更改任何类型的文本。它最初是为在 Unix 系统上的文本编辑而设计的，但现在在几乎所有操作系统上都可以使用，包括 Windows、macOS 和各种 Linux 发行版。智能网联汽车上可能使用该组件。Vim组件在8.2.4956之前版本的grab_file_name函数存在缓冲区溢出漏洞，可能导致系统拒绝服务。,待补充,https://github.com/vim/vim/commit/395bd1f6d3edc9f7edb5d1f2d7deaf5a9e3ab93c,Vim < 8.2.4956,2024-11-01
Tcpreplay,软件组件,Tcpreplay,CVE-2022-28487,Tcpreplay是一个强大的网络数据包重放工具，它可以帮助用户模拟网络流量、测试网络设备性能、检测网络安全隐患等。智能网联汽车中可能使用该组件。Tcpreplay组件在4.4.1版本中的fix_ipv6_checksums()函数存在内存泄漏漏洞，可能导致系统拒绝服务。,待补充,https://github.com/appneta/tcpreplay/pull/720,Tcpreplay = 4.4.1,2024-11-01
Vim,文本编辑器,Vim,CVE-2022-1629,Vim 是一个高度可配置的文本编辑器，用于有效地创建和更改任何类型的文本。它最初是为在 Unix 系统上的文本编辑而设计的，但现在在几乎所有操作系统上都可以使用，包括 Windows、macOS 和各种 Linux 发行版。智能网联汽车上可能使用该组件。Vim组件在8.2.4925之前版本find_next_quote函数存在缓冲区过度读取漏洞，当打开一个特制的文件时，可能会触发此漏洞，导致Vim软件崩溃、内存被修改，甚至可能执行远程代码。,待补充,https://github.com/vim/vim/commit/53a70289c2712808e6d4e88927e03cac01b470dd,Vim < 8.2.4925,2024-11-01
Vim,文本编辑器,Vim,CVE-2023-46246,Vim 是一个高度可配置的文本编辑器，用于有效地创建和更改任何类型的文本。它最初是为在 Unix 系统上的文本编辑而设计的，但现在在几乎所有操作系统上都可以使用，包括 Windows、macOS 和各种 Linux 发行版。智能网联汽车上可能使用该组件。Vim组件在9.0.2068之前版本的src/alloc.c 文件中的ga_grow_inner函数存在堆使用后的释放漏洞，当使用Vim编辑器的:history命令时，如果提供的参数超出了接受的值，可能会触发整数溢出（Integer Overflow），进而可能导致后续的使用后释放（use-after-free）漏洞。这可能会让攻击者有机会执行任意代码或造成系统崩溃。,待补充,https://github.com/vim/vim/commit/9198c1f2b1ddecde22af918541e0de2a32f0f45a,Vim < 9.0.2068,2024-10-31
Connman,软件组件,connman,CVE-2023-28488,connman（Connection Manager）是一个开源的网络连接管理器，旨在简化和管理Linux设备上的网络连接。它主要用于嵌入式设备、物联网设备以及其他资源受限的环境中。智能网联汽车中可能使用该组件。 ConnMan组件在0.55到1.41版本之间的gdhcp/client.c文件dhcp_recv_l2_packet函数存在栈缓冲区溢出漏洞，可能导致系统崩溃。,待补充,https://git.kernel.org/pub/scm/network/connman/connman.git/commit/?id=99e2c16ea1cced34a5dc450d76287a1c3e762138,0.55 <= connman <= 1.41,2024-10-31
Connman,软件组件,connman,CVE-2022-32293,connman（Connection Manager）是一个开源的网络连接管理器，旨在简化和管理Linux设备上的网络连接。它主要用于嵌入式设备、物联网设备以及其他资源受限的环境中。智能网联汽车中可能使用该组件。 connman组件在1.41版本之前的src/wispr.c文件中free_connman_wispr_portal_context函数存在释放后重用漏洞，可能导致系统拒绝服务。,待补充,https://git.kernel.org/pub/scm/network/connman/connman.git/commit/?id=72343929836de80727a27d6744c869dff045757c,connman <= 1.41,2024-10-31
Vim,文本编辑器,Vim,CVE-2022-1674,Vim 是一个高度可配置的文本编辑器，用于有效地创建和更改任何类型的文本。它最初是为在 Unix 系统上的文本编辑而设计的，但现在在几乎所有操作系统上都可以使用，包括 Windows、macOS 和各种 Linux 发行版。智能网联汽车上可能使用该组件。Vim组件在8.2.4938之前版本regexp.c文件中的vim_regexec_string函数存在空指针解引用漏洞，可能导致系统拒绝服务。,待补充,https://github.com/vim/vim/commit/a59f2dfd0cf9ee1a584d3de5b7c2d47648e79060,Vim < 8.2.4938,2024-10-31
Vim,文本编辑器,Vim,CVE-2022-3705,Vim 是一个高度可配置的文本编辑器，用于有效地创建和更改任何类型的文本。它最初是为在 Unix 系统上的文本编辑而设计的，但现在在几乎所有操作系统上都可以使用，包括 Windows、macOS 和各种 Linux 发行版。智能网联汽车上可能使用该组件。Vim组件在9.0.0805之前版本的quickfix.c 文件中的qf_update_buffer函数存在释放后使用漏洞，可能导致系统拒绝服务。,待补充,https://github.com/vim/vim/commit/d0fab10ed2a86698937e3c3fed2f10bd9bb5e731,Vim < 9.0.0805,2024-10-31
Tcpreplay,软件组件,Tcpreplay,CVE-2022-25484,Tcpreplay是一个强大的网络数据包重放工具，它可以帮助用户模拟网络流量、测试网络设备性能、检测网络安全隐患等。智能网联汽车中可能使用该组件。Tcpreplay组件在4.4.1版本中tree.c文件的packet2tree()函数存在可达断言漏洞，可能导致系统拒绝服务。,待补充,,Tcpreplay = 4.4.1,2024-10-31
Tcpreplay,软件组件,Tcpreplay,CVE-2022-27939,Tcpreplay是一个强大的网络数据包重放工具，它可以帮助用户模拟网络流量、测试网络设备性能、检测网络安全隐患等。智能网联汽车中可能使用该组件。Tcpreplay组件在4.4.1版本中common/get.c文件的get_layer4_v6函数存在可达断言漏洞，可能导致系统拒绝服务。,待补充,,Tcpreplay = 4.4.1,2024-10-31
Vim,文本编辑器,Vim,CVE-2022-47024,Vim 是一个高度可配置的文本编辑器，用于有效地创建和更改任何类型的文本。它最初是为在 Unix 系统上的文本编辑而设计的，但现在在几乎所有操作系统上都可以使用，包括 Windows、macOS 和各种 Linux 发行版。智能网联汽车上可能使用该组件。Vim组件在8.1.2269到9.0.0339版本的gui_x11.c 文件中的gui_x11_create_blank_mouse函数存在空指针解引用漏洞，可能导致系统拒绝服务。,待补充,https://github.com/vim/vim/commit/a63ad78ed31e36dbdf3a9cd28071dcdbefce7d19,8.1.2269 <= Vim <= 9.0.0339,2024-10-31
Tcpreplay,软件组件,Tcpreplay,CVE-2021-45386,Tcpreplay是一个强大的网络数据包重放工具，它可以帮助用户模拟网络流量、测试网络设备性能、检测网络安全隐患等。智能网联汽车中可能使用该组件。Tcpreplay组件在4.3.4版本中tree.c文件的add_tree_ipv6()函数存在可达断言漏洞，可能导致系统拒绝服务。,待补充,,Tcpreplay = 4.3.4,2024-10-31
Tcpreplay,软件组件,Tcpreplay,CVE-2021-45387,Tcpreplay是一个强大的网络数据包重放工具，它可以帮助用户模拟网络流量、测试网络设备性能、检测网络安全隐患等。智能网联汽车中可能使用该组件。Tcpreplay组件在4.3.4版本中tree.c文件的add_tree_ipv4()函数存在可达断言漏洞，可能导致系统拒绝服务。,待补充,,Tcpreplay = 4.3.4,2024-10-31
Krb5,软件组件,krb5,CVE-2024-37371,krb5是kerberos协议的实现，它是一种网络认证协议，用于在不安全的网络中提供认证服务。kerberos协议通过使用密钥加密技术来验证用户的身份，并确保网络通信的安全性。智能网联汽车中可能使用该组件。Krb5组件在1.21.3版本之前的src/lib/gssapi/krb5/k5unsealiov.c文件中kg_unseal_iov_token函数存在检查缺陷漏洞，可能导致系统拒绝服务。,待补充,https://github.com/krb5/krb5/commit/55fbf435edbe2e92dd8101669b1ce7144bc96fef,krb5 < 1.21.3,2024-10-30
Krb5,软件组件,krb5,CVE-2024-37370,krb5是kerberos协议的实现，它是一种网络认证协议，用于在不安全的网络中提供认证服务。kerberos协议通过使用密钥加密技术来验证用户的身份，并确保网络通信的安全性。智能网联汽车中可能使用该组件。krb5组件在 1.21.3版本之前的src/lib/gssapi/krb5/k5sealv3.c文件中gss_krb5int_unseal_token_v3函数存在令牌检查缺陷漏洞，可能导致系统拒绝服务。,待补充,https://github.com/krb5/krb5/commit/55fbf435edbe2e92dd8101669b1ce7144bc96fef,krb5 < 1.21.3,2024-10-30
Suricata,软件组件,Suricata,CVE-2024-32664,Suricata是一个开源的网络威胁检测引擎，广泛应用于入侵检测、入侵防御和网络安全监控等领域。Suricata 可用于检测网络中的恶意活动、分析流量模式、识别潜在的攻击行为，并通过特定规则集定义检测逻辑。它能够处理高吞吐量的网络流量。在智能网联汽车中可能使用该组件。Suricata组件在6.0.0到6.0.19、7.0.0到7.0.5版本之间的src/util-base64.c文件中DecodeBase64函数存在缓冲区溢出漏洞，可能导致系统拒绝服务。,待补充,https://github.com/OISF/suricata/commit/311002baf288a225f62cf18a90c5fdd294447379,6.0.0 <= Suricata < 6.0.19 ; 7.0.0 <= Suricata < 7.0.5,2024-10-30
Suricata,软件组件,Suricata,CVE-2024-23836,Suricata是一个开源的网络威胁检测引擎，广泛应用于入侵检测、入侵防御和网络安全监控等领域。Suricata 可用于检测网络中的恶意活动、分析流量模式、识别潜在的攻击行为，并通过特定规则集定义检测逻辑。它能够处理高吞吐量的网络流量。在智能网联汽车中可能使用该组件。Suricata组件6.0.16版本之前、7.0.0到 7.0.3版本之间的SMTP流量处理功能存在拒绝服务漏洞，可能导致系统失效。,待补充,https://github.com/OISF/suricata/commit/f9de1cca6182e571f1c02387dca6e695e55608af,"Suricata < 6.0.16;
 7.0.0 <= Suricata < 7.0.3",2024-10-30
Suricata,软件组件,Suricata,CVE-2024-32867,Suricata是一个开源的网络威胁检测引擎，广泛应用于入侵检测、入侵防御和网络安全监控等领域。Suricata 可用于检测网络中的恶意活动、分析流量模式、识别潜在的攻击行为，并通过特定规则集定义检测逻辑。它能够处理高吞吐量的网络流量。在智能网联汽车中可能使用该组件。Suricata组件在6.0.0到6.0.19、7.0.0到7.0.5版本之间的src/defrag.c文件中Defrag4Reassemble函数存在分片错误漏洞，可能导致系统拒绝服务。,待补充,https://github.com/OISF/suricata/commit/2f39ba75f153ba9bdf8eedc2a839cc973dbaea66,6.0.0 <= Suricata < 6.0.19 ; 7.0.0 <= Suricata < 7.0.5,2024-10-30
Krb5,软件组件,krb5,CVE-2024-26461,krb5是Kerberos协议的实现，它是一种网络认证协议，用于在不安全的网络中提供认证服务。Kerberos协议通过使用密钥加密技术来验证用户的身份，并确保网络通信的安全性。智能网联汽车中可能使用该组。krb 5在1.21.2版本的/krb5/src/lib/gssapi/krb5/k5sealv3.c文件中gss_krb5int_make_seal_token_v3函数存在内存泄露漏洞，可能导致系统拒绝服务。,待补充,https://github.com/krb5/krb5/commit/c5f9c816107f70139de11b38aa02db2f1774ee0d,krb5 = 1.21.2,2024-10-30
Connman,软件组件,connman,CVE-2022-23096,connman（Connection Manager）是一个开源的网络连接管理器，旨在简化和管理Linux设备上的网络连接。它主要用于嵌入式设备、物联网设备以及其他资源受限的环境中。智能网联汽车中可能使用该组件。connman组件在1.40版本之前的src/dnsproxy.c文件中forward_dns_reply函数存在越界读取漏洞，可能导致系统崩溃。,待补充,https://git.kernel.org/pub/scm/network/connman/connman.git/commit/?id=e5a313736e13c90d19085e953a26256a198e4950,connman <= 1.40,2024-10-30
Connman,软件组件,connman,CVE-2022-23098,connman（Connection Manager）是一个开源的网络连接管理器，旨在简化和管理Linux设备上的网络连接。它主要用于嵌入式设备、物联网设备以及其他资源受限的环境中。智能网联汽车中可能使用该组件。Connman组件在1.40版本之前的src/dnsproxy.c文件中tcp_server_event函数存在拒绝服务漏洞，可能导致系统服务中断。,待补充,https://git.kernel.org/pub/scm/network/connman/connman.git/commit/?id=d8708b85c1e8fe25af7803e8a20cf20e7201d8a4,connman <= 1.40,2024-10-30
Connman,软件组件,connman,CVE-2022-32292,connman（Connection Manager）是一个开源的网络连接管理器，旨在简化和管理Linux设备上的网络连接。它主要用于嵌入式设备、物联网设备以及其他资源受限的环境中。智能网联汽车中可能使用该组件。 connman组件在1.41版本之前的gweb/gweb.c文件中received_data 函数存在堆缓冲区溢出漏洞，可能导致系统崩溃。,待补充,https://git.kernel.org/pub/scm/network/connman/connman.git/commit/?id=d1a5ede5d255bde8ef707f8441b997563b9312bd,connman <= 1.41,2024-10-30
Connman,软件组件,connman,CVE-2021-26676,connman（Connection Manager）是一个开源的网络连接管理器，旨在简化和管理Linux设备上的网络连接。它主要用于嵌入式设备、物联网设备以及其他资源受限的环境中。智能网联汽车中可能使用该组件。Connman组件在1.39版本之前的gdhcp/client.c文件中dhcp_get_option函数存在检查缺陷漏洞，可能导致敏感信息泄漏。,待补充,https://git.kernel.org/pub/scm/network/connman/connman.git/commit/?id=58d397ba74873384aee449690a9070bacd5676fa,connman < 1.39,2024-10-30
Libvpx,软件组件,libvpx,CVE-2024-5197,libvpx是一个免费的、开源的音视频编解码库，它支持VP8和VP9格式。libvpx在CPU利用率和视频质量之间达到了良好的平衡，支持Windows、Linux、Mac OS等多种操作系统，以及ARM、x86等架构。智能网联汽车中可能使用该组件。Libvpx组件在1.14.1版本之前的vpx/src/vpx_image.c文件中img_alloc_helper函数存在整数溢出漏洞，可能导致系统拒绝服务。,待补充,https://github.com/webmproject/libvpx/commit/c5640e3300690705c336966e2a8bb346a388c829,libvpx < 1.14.1,2024-10-29
Openldap,软件组件,openldap,CVE-2023-2953,openldap 是一个开源的Lightweight Directory Access Protocol (LDAP) 实现，它提供了一个高效、灵活的目录服务框架，用于存储和检索与网络资源、用户和其他实体相关的组织信息。智能网联汽车中可能使用该组件。Openldap组件在2.4版本中的libldap/fetch.c文件中ldif_open_url函数存在空指针引用漏洞，可能导致系统拒绝服务。,待补充,https://git.openldap.org/openldap/openldap/-/commit/ea8dd2d279c5aeaf9d4672a4e95bebd99babcce1,openldap = 2.4,2024-10-29
Krb5,软件组件,krb5,CVE-2022-42898,Krb5是Kerberos协议的实现，它是一种网络认证协议，用于在不安全的网络中提供认证服务。Kerberos协议通过使用密钥加密技术来验证用户的身份，并确保网络通信的安全性。智能网联汽车中可能使用该组件。Krb5组件在1.8到1.19.4 版本之间、1.20版本中的lib/krb5/krb/pac.c文件中krb5_pac_parse函数存在缓冲区溢出漏洞，可能导致系统拒绝服务。,待补充,https://github.com/krb5/krb5/commit/ea92d2f0fcceb54a70910fa32e9a0d7a5afc3583,"1.8 <= krb5 < 1.19.4, krb5 = 1.20",2024-10-29
PSPP,软件组件,PSPP,CVE-2022-39832,PSPP （GNU pspp）是一个免费的、开源的统计分析软件。在智能网联汽车中可能使用该组件。PSPP在1.6.2版本的utilities/pspp-dump-sav.c文件中的read_string函数存在堆缓冲区溢出漏洞，该漏洞允许攻击者通过特制的输入数据触发，可能导致应用程序崩溃。,待补充,,PSPP = 1.6.2,2024-10-29
OpenSSL,软件组件,OpenSSL,CVE-2022-2274,OpenSSL是一个开源的能够实现安全套接层（SSLv2/v3）和安全传输层（TLSv1）协议的通用加密库，常用于车云通信中对传输协议的加解密。该组件支持多种加密算法，包括对称密码、哈希算法、安全散列算法等。在智能网联汽车中可能使用该组件。在支持AVX512IFMA指令的X86_64 CPU上，OpenSSL 3.0.4版本在实现RSA的过程中引入了一个严重错误，导致未能正确实现使用2048位私钥的RSA算法，并且在计算过程中会发生内存损坏。攻击者可以通过精心构造TLS认证请求或其他认证行为来触发该漏洞，并可能导致远程代码执行。,待补充,,OpenSSL = 3.0.4,2024-10-29
OpenSSL,软件组件,OpenSSL,CVE-2021-4044,OpenSSL是一个开源的能够实现安全套接层（SSLv2/v3）和安全传输层（TLSv1）协议的通用加密库，常用于车云通信中对传输协议的加解密。该组件支持多种加密算法，包括对称密码、哈希算法、安全散列算法等。在智能网联汽车中可能使用该组件。OpenSSL在 1.0.2之前的版本以及1.1.0、3.0.0 版本中的X509_verify_cert() 函数存在代码问题漏洞，具体来说，当该函数返回一个负的返回值来表示内部错误（例如内存不足）时，OpenSSL错误地处理了这样的负返回值。这导致IO函数（如SSL connect()或SSL do handshake()）不能正确指示成功，并且随后调用SSL get error()函数会返回SSL error WANT RETRY VERIFY。然而，这个返回值只有在应用程序之前调用SSL CTX set cert verify callback时才应该由OpenSSL返回。,待补充,,OpenSSL < 1.0.2、OpenSSL= 1.1.0、OpenSSL= 3.0.0,2024-10-29
Hiredis,软件组件,Hiredis,CVE-2021-32765,Hiredis 是一个用于与 Redis 数据库进行通信的轻量级 C 客户端库，能够解析 Redis 的 RESP 协议格式。Hiredis 也可以仅用作 Redis 协议解析器。它主要用于高效地与 Redis 服务器进行交互，提供了同步和异步的 API 接口。智能网联汽车中可能使用该组件。Hiredis组件在1.0.1版本之前的hiredis.c文件中createArrayObject函数存在整数溢出漏洞，可能导致系统拒绝服务。,待补充,https://github.com/redis/hiredis/commit/76a7b10005c70babee357a7d0f2becf28ec7ed1e,Hiredis ＜ 1.0.1,2024-10-29
NTFS-3G,软件组件,NTFS-3G,CVE-2021-39255,NTFS-3G可以实现linux、free bsd等操作系统中的NTFS读写支持。智能网联汽车中可能使用该组件。NTFS-3G在2021.8.22 之前的版本中ntfs_attr_find_in_attrdef 函数存在越界读取漏洞，可能导致系统拒绝服务。,待补充,,NTFS-3G < 2021.8.22,2024-10-29
NTFS-3G,软件组件,NTFS-3G,CVE-2021-39258,NTFS-3G可以实现linux、free bsd等操作系统中的NTFS读写支持。智能网联汽车中可能使用该组件。NTFS-3G在2021.8.22 之前的版本中 ntfs_attr_find、 ntfs_external_attr_find函数存在越界读取漏洞，可能导致系统拒绝服务。,待补充,,NTFS-3G < 2021.8.22,2024-10-29
ICU,软件组件,ICU,CVE-2021-30535,ICU(international components for unicode)是一个跨平台、跨语言的开源unicode字符处理组件。可以提供unicode文本处理、字符集转换、国际化支持等功能。智能网联汽车中可能使用该组件。ICU组件在70.1版本之前的icu4c/source/common/locid.cpp文件中Locale::setKeywordValue函数存在双重释放漏洞，可能导致系统拒绝服务。,待补充,https://github.com/unicode-org/icu/commit/2dc5bea9061b4fb05cd03e21b775dd944a0eb81d,ICU < 70.1,2024-10-29
uClibc,软件组件,uClibc,CVE-2022-29503,uClibc、uClibc-ng是小型的C语言标准库，主要用于嵌入式开发中，适用于微处理器，可能在智能网联汽车中使用。uClibC 0.9.33.2和uClibC ng 1.0.40的libpthread linuxthreads功能中存在内存损坏漏洞。线程分配可能会导致内存损坏。攻击者可以创建线程来触发此漏洞。,待补充,,"uClibc-ng, uClibC =0.9.33.2, uClibC ng = 1.0.40",2024-10-28
Xen,软件组件,xen,CVE-2022-23033,xen是一个直接运行在计算机硬件之上的用以替代操作系统的开源软件，它能够在计算机硬件上并发的运行多个客户操作系统。Xen支持x86、x86-64、power pc、arm等多种处理器，支持linux、netBSD、freeBSD、Solaris等多种操作系统。智能网联汽车中的虚拟化功能可能使用该组件。xen组件在4.12以前版本的/xen/arch/arm/p2m.c文件中__p2m_set_entry函数存在不当的资源关闭或释放漏洞，arm:guest_physmap_remove_page不删除p2m映射如果条目没有设置有效位，则从arm上的guest p2m页表中删除一个或多个条目的函数（p2m_remove_mapping、guest_physmap_remove_age和p2m_set_entry，其中mfn设置为INVALID_mfn）实际上不会清除页表条目。当客户机操作系统使用设置/方式缓存维护指令时，可以在没有设置有效位的情况下拥有有效的页表条目。例如，一个客户机发出一条集/路缓存维护指令，然后调用XENMEM_decrease_reservation超调用将内存页面还给Xen，即使在Xen开始将这些页面重新用于其他目的后，也可能能够保留对这些页面的访问。,待补充,https://www.openwall.com/lists/oss-security/2022/01/25/2,xen <= 4.12.0,2024-10-28
Redis,软件组件,Redis,CVE-2022-24735,Redis（Remote Dictionary Server）是一种开源的内存数据库和缓存系统，具有高性能和多功能性的特点广泛用于缓存、实时分析、消息队列、会话存储等各种场景。智能网联汽车中可能使用该组件。Redis 组件在6.2.7和7.0.0版本之前的版本中有权访问Redis的攻击者可以注入Lua代码，这些代码将以另一个Redis用户的（可能更高的）权限执行。Redis中的Lua脚本执行环境提供了一些措施，防止脚本产生持久的副作用，这些副作用可能会影响同一脚本或不同脚本在以后时间的执行。这些措施的多个弱点已经被公开知道很长时间了，但由于Redis的安全模型不支持用户或权限的概念，它们没有安全影响。随着Redis 6.0中引入的ACL（访问控制列表），这些弱点可以被权限较低的用户利用，以注入Lua代码，这些代码将在有权限的用户执行Lua脚本时在以后的时间执行。这个问题在Redis版本7.0.0和6.2.7中得到了修复。如果未使用Lua脚本，可以通过ACL规则阻止对‘SCRIPT LOAD’和‘EVAL’命令的访问，作为不修补redis-server可执行文件的额外解决方法。,待补充,https://github.com/redis/redis/pull/10651/files,"Redis <6.2.7; 
Redis = 7.0 rc1;
Redis = 7.0 rc2; 
Redis = 7.0 rc3",2024-10-28
wolfSSL,软件组件,wolfSSL,CVE-2022-38152,wolfSSL是一款嵌入式轻量级开源SSL/TLS库，使用ANSI C编写，专为嵌入式、RTOS和资源受限的环境设计。智能网联汽车中可能使用该组件。wolfSSL组件在5.5.0之前版本中存在漏洞。当TLS 1.3客户端连接到wolfSSL服务器并且在其会话上调用SSL_clear时，服务器会因分段错误而崩溃。这发生在第二个会话中，该会话是通过TLS会话恢复创建的，并重用了初始结构WOLFSSL。如果服务器通过调用WOLFSSL_clear（WOLFSSL*ssl）重用之前的会话结构（结构体WOLFSSL），则下一个收到的Client Hello（恢复之前的会话）会使服务器崩溃。请注意，此错误仅在使用TLS会话恢复恢复会话时触发。只有使用wolfSSL_clear而不是推荐的SSL_free的服务器；SSL_new序列受到影响。此外，wolfSSL_clear是wolfSSL兼容层的一部分，默认情况下未启用。它不是wolfSSL本机API的一部分。,待补充,https://github.com/wolfSSL/wolfssl/pull/5468/files,wolfSSL< 5.5.0,2024-10-28
Redis,软件组件,Redis,CVE-2022-33105,Redis（Remote Dictionary Server）是一种开源的内存数据库和缓存系统，具有高性能和多功能性的特点广泛用于缓存、实时分析、消息队列、会话存储等各种场景。智能网联汽车中可能使用该组件。Redis 组件在7.0版本的src/t_stream.c文件中streamGetEdgeID函数存在内存泄露漏洞。,待补充,https://github.com/redis/redis/commit/4a7a4e42db8ff757cdf3f4a824f66426036034ef,Redis = 7.0,2024-10-28
Qt,软件组件,Qt,CVE-2022-25634,Qt是一个跨平台的C++应用程序开发框架，提供了丰富的工具和库，可用于开发图形用户界面（GUI）、嵌入式系统、网络应用等各种类型的应用程序。智能网联汽车上可能使用该组件。Qt组件 5.15.8 版本及以下，以及 6.x 从 6.0.0 到 6.2.3 版本的src/plugins/platforms/windows/qwindowsglcontext.cpp文件的resolve函数中存在漏洞，利用该漏洞可以从一个非预期的工作目录加载系统库文件。,待补充,https://download.qt.io/official_releases/qt/5.15/CVE-2022-25643-5.15.diff,"Qt <= 5.15.8, 6.0.0 <= Qt <= 6.2.3",2024-10-28
wolfSSL,软件组件,wolfSSL,CVE-2022-23408,wolfSSL是一款嵌入式轻量级开源SSL/TLS库，使用ANSI C编写，专为嵌入式、RTOS和资源受限的环境设计。智能网联汽车中可能使用该组件。wolfSSL组件在5.0.0（含）到5.1.1版本的src/internal.c文件中BuildMessage函数存在内存初始化位置错误漏洞。wolfSSL在某些情况下使用非随机IV值。这会影响使用AES-CBC或DES3与TLS 1.1或1.2或DTLS 1.1或1.2的连接（没有AEAD）。,待补充,https://github.com/wolfSSL/wolfssl/pull/4710/files,5.0.0 <= wolfSSL< 5.1.1,2024-10-28
PSPP,软件组件,PSPP,CVE-2022-39831,PSPP （GNU pspp）是一个免费的、开源的统计分析软件。在智能网联汽车中可能使用该组件。PSPP在1.6.2版本的utilities/pspp-dump-sav.c文件中的read_bytes_internal函数存在堆溢出漏洞，该漏洞允许攻击者通过特制的输入数据触发，可能导致应用程序崩溃。,待补充,,PSPP = 1.6.2,2024-10-28
wolfSSL,软件组件,wolfSSL,CVE-2022-25640,wolfSSL是一款嵌入式轻量级开源SSL/TLS库，使用ANSI C编写，专为嵌入式、RTOS和资源受限的环境设计。智能网联汽车中可能使用该组件。wolfSSL组件在5.2.0之前的版本的身份验证功能中存在无法提供证书的漏洞。客户端可以简单地从握手中省略certificate_verify消息，并且永远不会提供证书。,待补充,https://github.com/wolfSSL/wolfssl/pull/4831/files,wolfSSL< 5.2.0,2024-10-28
NTFS-3G,软件组件,NTFS-3G,CVE-2021-39256,NTFS-3G可以实现linux、free bsd等操作系统中的NTFS读写支持。智能网联汽车中可能使用该组件。NTFS-3G在2021.8.22 之前的版本中 ntfs_inode_lookup_by_name 函数存在堆缓冲区溢出漏洞，可能导致系统拒绝服务。,待补充,,NTFS-3G < 2021.8.22,2024-10-28
NTFS-3G,软件组件,NTFS-3G,CVE-2023-52890,NTFS-3G可以实现linux、free bsd等操作系统中的NTFS读写功能。智能网联汽车中可能使用该组件。NTFS-3G组件在 75dcdc2 版本之前的libntfs-3g/unistr.c 文件中 ntfs_uppercase_mbs 函数存在释放后重用漏洞，可能导致系统拒绝服务。,待补充,https://github.com/tuxera/ntfs-3g/commit/75dcdc2cf37478fad6c0e3427403d198b554951d,NTFS-3G < 75dcdc2,2024-10-25
Less,软件组件,less,CVE-2022-48624,less组件是一个文本文件阅读工具，广泛用于各类Unix和Linux系统中，支持文件查看、前后翻页浏览、搜索和多文件查看等功能。智能网联汽车中可能使用该组件。less组件在606版本之前的filename.c 文件中close_altfile 函数存在检查缺陷漏洞，可能在处理带有shell命令的环境变量场景下导致恶意命令执行。,待补充,https://github.com/gwsw/less/commit/c6ac6de49698be84d264a0c4c0c40bb870b10144,less < 606,2024-10-25
Exiv2,软件组件,Exiv2,CVE-2021-34335,Exiv2组件用于管理图像元数据，提供对Exif、IPTC和XMP元数据以及ICC配置文件的快速简便的读写访问。在智能网联汽车中，某些图像应用可能会使用该组件。Exiv2组件在 v0.27.4 版本之前的src/minoltamn_int.cpp文件中resolveLens0xffff函数存在浮点数异常漏洞，可能在处理图像时因为发生整数除零而导致拒绝服务。,待补充,https://github.com/Exiv2/exiv2/pull/1750/files#diff-19013823264bcda080766294874b3f7530fd451d12b07b6ba3ac4ce674a7888e,Exiv2 < 0.27.4,2024-10-25
Exiv2,软件组件,Exiv2,CVE-2021-34334,Exiv2组件用于管理图像元数据，提供对Exif、IPTC和XMP元数据以及ICC配置文件的快速简便的读写访问。在智能网联汽车中，某些图像应用可能会使用该组件。Exiv2组件在0.27.4版本之前的src/crwimage_int.cpp文件中CrwMap::decodeArray函数存在拒绝服务漏洞，可能导致系统应用拒绝服务。,待补充,https://github.com/Exiv2/exiv2/pull/1766/files,Exiv2 <= 0.27.4,2024-10-25
Redis,软件组件,Redis,CVE-2021-29469,Redis（Remote Dictionary Server）是一种开源的内存数据库和缓存系统，具有高性能和多功能性的特点广泛用于缓存、实时分析、消息队列、会话存储等各种场景。智能网联汽车中可能使用该组件。Redis 组件3.1.1之前版本的lib/utils.js文件中replyInOrder 函数存在漏洞，即当客户端处于监控模式时，用于检测监控消息的正则表达式可能会导致某些字符串上出现指数级的回溯。这个问题可能导致拒绝服务。,待补充,https://github.com/redis/node-redis/commit/2d11b6dc9b9774464a91fb4b448bad8bf699629e,Redis < 3.1.1,2024-10-25
NTFS-3G,软件组件,NTFS-3G,CVE-2021-39254,NTFS-3G可以实现linux、free bsd等操作系统中的NTFS读写支持。智能网联汽车中可能使用该组件。NTFS-3G在2021.8.22 之前的版本中ntfs_attr_record_resize 函数存在堆缓冲区溢出漏洞，可能导致系统拒绝服务。,待补充,,NTFS-3G < 2021.8.22,2024-10-25
Redis,软件组件,Redis,CVE-2021-29477,Redis（Remote Dictionary Server）是一种开源的内存数据库和缓存系统，具有高性能和多功能性的特点广泛用于缓存、实时分析、消息队列、会话存储等各种场景。智能网联汽车中可能使用该组件。Redis 组件的src/t_string.c文件中stralgoLCS函数存在整数溢出漏洞，通过STRALGO LCS 命令破坏堆并可能导致远程代码执行。这个问题在版本 6.2.3 和 6.0.13 中被修复。一个额外的解决方法是使用 ACL 配置来阻止客户端使用 STRALGO LCS 命令，从而在不打补丁的情况下减轻问题。,待补充,https://github.com/redis/redis/commit/92e3b1802f72ca0c5b0bde97f01d9b57a758d85c,"6.0.0 <= Redis < 6.0.13;
6.2.0 <= Redis < 6.2.3",2024-10-25
wolfSSL,软件组件,wolfSSL,CVE-2021-37155,wolfSSL是一款嵌入式轻量级开源SSL/TLS库，使用ANSI C编写，专为嵌入式、RTOS和资源受限的环境设计。智能网联汽车中可能使用该组件。wolfSSL组件在4.6.0（含）到4.8.0版本的src/ssl.c文件中wolfSSL_CertManagerCheckOCSPResponse函数存在漏洞，当OCSP请求中的序列号与OCSP响应中的序列编号不同时不会产生失败结果。,待补充,https://github.com/wolfSSL/wolfssl/pull/3990/files,4.6.0 <= wolfSSL< 4.8.0,2024-10-25
Redis,软件组件,Redis,CVE-2021-29478,Redis（Remote Dictionary Server）是一种开源的内存数据库和缓存系统，具有高性能和多功能性的特点广泛用于缓存、实时分析、消息队列、会话存储等各种场景。智能网联汽车中可能使用该组件。Redis 组件在6.2.0（含）到6.2.3版本的src/intset.c文件中intsetBlobLen函数存在整数溢出漏洞，可能被利用来破坏堆，并可能导致远程代码执行。Redis 6.0 及更早版本不受此问题直接影响。这个问题在版本 6.2.3 中被修复。一个额外的解决方法是在不修补 redis-server 可执行文件的情况下，通过防止用户修改 set-max-intset-entries 配置参数来减轻这个问题。这可以通过使用 ACL 来限制非特权用户使用 CONFIG SET 命令来实现。,待补充,https://github.com/redis/redis/commit/046352069396fe3be0a50ca505cb65af15c0d995,6.2.0 <= Redis <6.2.3,2024-10-25
Squid,软件组件,Squid,CVE-2021-41611,Squid是一个高性能的代理缓存服务器，Squid支持FTP、gopher、HTTPS和HTTP协议，和一般的代理缓存软件不同，Squid用一个单独的、非模块化的、I/O驱动的进程来处理所有的客户端请求。智能网联汽车中可能使用该组件。Squid组件在5.0.6（含）到5.2版本的src/security/PeerConnector.cc文件中handleMissingCertificates函数存在漏洞，即当Squid在验证源服务器或对等证书时，可能会错误地将某些证书分类为可信。这使得远程服务器可能获得不当的安全信任。这种信任的指示可能会传递给客户端，从而允许访问不安全或被劫持的服务。,待补充,http://补丁链接: https://www.squid-cache.org/Versions/v5/SQUID-2021_6.patch,5.0.6 <= Squid <5.2,2024-10-25
Node.js,软件组件,Node.js,CVE-2023-32558,Node.js是一个开源的，跨平台的javascript运行环境，可用于开发服务应用、工具等。智能网联汽车中可能使用该组件。Node.js 在20.0.0（含）到20.5.1版本中 process.binding()函数存在权限绕过漏洞，允许通过路径遍历绕过权限模型，从而可能导致安全问题。攻击者可能会利用此漏洞来执行未授权的操作或访问敏感资源。,待补充,,20.0.0 <= Node.js < 20.5.1,2024-10-24
Node.js,软件组件,Node.js,CVE-2023-32002,Node.js是一个开源的，跨平台的javascript运行环境，可用于开发服务应用、工具等。智能网联汽车中可能使用该组件。Node.js 在16.0.0（含）到16.20.1（含）、18.0.0（含）到18.17.0（含）、20.0.0（含）到20.5.0（含）版本中Module._load()函数存在权限策略绕过漏洞，该函数可以绕过策略机制，并加载policy.json定义之外的模块。这意味着攻击者可能利用此漏洞执行未经授权的代码或访问敏感资源。,待补充,,16.0.0 <= Node.js <= 16.20.1、18.0.0 <= Node.js <= 18.17.0、20.0.0 <= Node.js <= 20.5.0,2024-10-24
Node.js,软件组件,Node.js,CVE-2023-32559,Node.js是一个开源的，跨平台的javascript运行环境，可用于开发服务应用、工具等。智能网联汽车中可能使用该组件。Node.js 在16.0.0（含）到16.20.1（含）、18.0.0（含）到18.17.0（含）、20.0.0（含）到20.5.0（含）版本中 process.binding()函数存在权限绕过漏洞，该函数在某些情况下可能被利用来绕过权限模型，从而允许攻击者执行未授权的操作或访问敏感资源。这种权限绕过漏洞可能对系统的安全性构成严重威胁。,待补充,,16.0.0 <= Node.js <= 16.20.1、18.0.0 <= Node.js <= 18.17.0、20.0.0 <= Node.js <= 20.5.0,2024-10-24
Node.js,软件组件,Node.js,CVE-2023-32006,Node.js是一个开源的，跨平台的javascript运行环境，可用于开发服务应用、工具等。智能网联汽车中可能使用该组件。Node.js 在16.0.0（含）到16.20.1（含）、18.0.0（含）到18.17.0（含）、20.0.0（含）到20.5.0（含）版本中module.constructor.createRequire()函数存在权限策略绕过漏洞，该函数可以绕过策略机制，并加载policy.json定义之外的模块。这意味着攻击者可能利用此漏洞执行未经授权的代码或访问敏感资源。,待补充,,16.0.0 <= Node.js <= 16.20.1、18.0.0 <= Node.js <= 18.17.0、20.0.0 <= Node.js <= 20.5.0,2024-10-24
NTFS-3G,软件组件,NTFS-3G,CVE-2021-35269,NTFS-3G可以实现linux、free bsd等操作系统中的NTFS读写支持。智能网联汽车中可能使用该组件。NTFS-3G在2021.8.22 之前的版本中，当在函数ntfs_attr_setup_flag中设置了一个特制的NTFS属性时，可能会发生堆缓冲区溢出，这可能导致代码执行和权限提升。,待补充,,NTFS-3G < 2021.8.22,2024-10-24
Dnsmasq,软件组件,dnsmasq,CVE-2021-45957,dnsmasq是车端常用的一款使用C语言编写的轻量级开源DNS转发和DHCP、TFTP服务器。在2.86版本的dnsmasq组件中，rfc1035.c文件的answer_request函数存在缓冲区溢出漏洞，可能导致程序崩溃。,待补充,,dnsmasq = 2.86,2024-10-24
NTFS-3G,软件组件,NTFS-3G,CVE-2021-39253,NTFS-3G可以实现linux、free bsd等操作系统中的NTFS读写支持。智能网联汽车中可能使用该组件。NTFS-3G在2021.8.22 之前的版本中ntfs_runlists_merge_i 函数存在越界读取漏洞。可能导致系统拒绝服务。,待补充,,NTFS-3G < 2021.8.22,2024-10-24
NTFS-3G,软件组件,NTFS-3G,CVE-2021-39251,NTFS-3G可以实现linux、free bsd等操作系统中的NTFS读写支持。智能网联汽车中可能使用该组件。NTFS-3G在2021.8.22 之前的版本中，ntfs_extent_inode_open 函数存在空指针解引用漏洞。可能允许攻击者利用漏洞执行任意代码或造成系统崩溃。,待补充,,NTFS-3G < 2021.8.22,2024-10-24
NTFS-3G,软件组件,NTFS-3G,CVE-2021-35266,NTFS-3G可以实现linux、free bsd等操作系统中的NTFS读写支持。智能网联汽车中可能使用该组件。NTFS-3G在2021.8.22 之前的版本中，当在NTFS映像中提供特制的NTFS inode路径名时，可能会触发堆缓冲区溢出。这种溢出可能导致内存泄露、拒绝服务攻击，甚至允许攻击者执行任意代码。,待补充,,NTFS-3G < 2021.8.22,2024-10-24
NTFS-3G,软件组件,NTFS-3G,CVE-2021-39252,NTFS-3G可以实现linux、free bsd等操作系统中的NTFS读写支持。智能网联汽车中可能使用该组件。NTFS-3G在2021.8.22 之前的版本中ntfs_ie_lookup 函数存在越界读取漏洞。可能导致系统崩溃、数据泄露或执行任意代码等严重后果。,待补充,,NTFS-3G < 2021.8.22,2024-10-24
Mbedtls,软件组件,mbedtls,CVE-2024-23744,mbedtls是C语言实现的常用的加密/解密算法、X.509证书操作以及TLS/DTLS 协议库。它的各个功能模块相对独立、耦合低，可以通过配置宏定义裁剪，非常适合用于嵌入式系统。智能网联汽车中可能使用该组件。在3.4.0到3.5.1版本的mbedtls组件中，处理客户端握手时存在拒绝服务漏洞，可能导致持续的握手拒绝。,待补充,https://github.com/Mbed-TLS/mbedtls/pull/8595/files,3.4.0 < mbedtls <= 3.5.1,2024-10-23
Mosquitto,软件组件,Mosquitto,CVE-2023-28366,Mosquitto是一个开源的消息代理服务器，实现了MQTT（Message Queuing Telemetry Transport）协议。它允许设备和应用程序通过发布/订阅模式进行通信，是物联网（IoT）领域常用的消息传递组件之一，适用在低功耗传感器、嵌入式设备、微型控制器等领域。智能网联汽车中可能使用该组件。在1.3.2到2.0.16版本的Mosquitto组件中，当处理客户端发送的多个具有重复消息 ID 的 QoS 2 消息时存在内存泄漏漏洞，可能导致拒绝服务。,待补充,https://github.com/eclipse-mosquitto/mosquitto/commit/6113eac95a9df634fbc858be542c4a0456bfe7b9,1.3.2 <= Mosquitto < 2.0.16,2024-10-23
Mosquitto,软件组件,Mosquitto,CVE-2023-5632,Mosquitto是一个开源的消息代理服务器，实现了MQTT（Message Queuing Telemetry Transport）协议。它允许设备和应用程序通过发布/订阅模式进行通信，是物联网（IoT）领域常用的消息传递组件之一，适用在低功耗传感器、嵌入式设备、微型控制器等领域。智能网联汽车中可能使用该组件。在2.0.6版本前的Mosquitto组件中，packet_mosq.c文件的packet__write函数存在拒绝服务漏洞，可能导致无法建立MQTT连接。,待补充,https://github.com/eclipse-mosquitto/mosquitto/commit/18bad1ff32435e523d7507e9b2ce0010124a8f2d,Mosquitto < 2.0.6,2024-10-23
Dnsmasq,软件组件,dnsmasq,CVE-2021-45952,dnsmasq是车端常用的一款使用C语言编写的轻量级开源DNS转发和DHCP、TFTP服务器。在2.86版本的dnsmasq组件中，rfc2131.c文件的dhcp_reply函数存在缓冲区溢出漏洞，可能导致程序崩溃。,待补充,,dnsmasq = 2.86,2024-10-23
Dnsmasq,软件组件,dnsmasq,CVE-2021-45955,dnsmasq是车端常用的一款使用C语言编写的轻量级开源DNS转发和DHCP、TFTP服务器。在2.86版本的dnsmasq组件中，rfc1035.c文件的resize_packet函数存在缓冲区溢出漏洞，可能导致程序崩溃。,待补充,,dnsmasq = 2.86,2024-10-23
Dnsmasq,软件组件,dnsmasq,CVE-2021-45951,dnsmasq是车端常用的一款使用C语言编写的轻量级开源DNS转发和DHCP、TFTP服务器。在2.86版本的dnsmasq组件中，rfc1035.c文件的check_bad_address函数存在缓冲区溢出漏洞，可能导致程序崩溃。,待补充,,dnsmasq = 2.86,2024-10-23
Libxslt,软件组件,libxslt,CVE-2021-30560,libxslt是一个开源的C语言XML转换库，它提供接口，使得用户可以使用XSLT（extensible stylesheet language transformations）将XML文档转换成不同的格式（HTML、XML、文本等），同时可以处理XML数据。在1.1.35版本前的libxslt组件中，transform.c文件的xsltApplyTemplates函数存在释放后使用漏洞，可能导致程序崩溃。,待补充,https://issues.chromium.org/action/issues/40056191/attachments/52936118?download=true,libxslt < 1.1.35,2024-10-23
Dnsmasq,软件组件,dnsmasq,CVE-2021-45953,dnsmasq是车端常用的一款使用C语言编写的轻量级开源DNS转发和DHCP、TFTP服务器。在2.86版本的dnsmasq组件中，rfc1035.c文件的extract_name函数存在缓冲区溢出漏洞，可能导致程序崩溃。,待补充,,dnsmasq = 2.86,2024-10-23
Mosquitto,软件组件,Mosquitto,CVE-2021-41039,Mosquitto是一个开源的消息代理服务器，实现了MQTT（Message Queuing Telemetry Transport）协议。它允许设备和应用程序通过发布/订阅模式进行通信，是物联网（IoT）领域常用的消息传递组件之一，适用在低功耗传感器、嵌入式设备、微型控制器等领域。智能网联汽车中可能使用该组件。在1.6到2.0.11版本的Mosquitto组件中，property_mosq.c文件的mosquitto_property_check_all存在不受控制的资源消耗漏洞，可能导致CPU性能下降或拒绝服务。,待补充,https://bugzillaattachments.eclipsecontent.org/bugs/attachment.cgi?id=286914,1.6 <= Mosquitto <= 2.0.11,2024-10-23
Dnsmasq,软件组件,dnsmasq,CVE-2021-45956,dnsmasq是车端常用的一款使用C语言编写的轻量级开源DNS转发和DHCP、TFTP服务器。在2.86版本的dnsmasq组件中，util.c文件的print_mac函数存在缓冲区溢出漏洞，可能导致程序崩溃。,待补充,,dnsmasq = 2.86,2024-10-23
Libexpat,软件组件,libexpat,CVE-2024-45491,libexpat是一个用C语言开发的、用来解析XML文档的开发库，它最初是开源Mozilla 项目下的一个XML解析器。在汽车组件中，XML解析库通常用于解析汽车软件的配置文件或数据交换格式，如ODX、MDX、AUTOSAR等。在2.6.3版本前的libexpat组件中，xmlparse.c文件的dtdCopy函数存在整数溢出漏洞，可能导致拒绝服务或代码执行。,待补充,https://github.com/libexpat/libexpat/pull/891/commits/8e439a9947e9dc80a395c0c7456545d8d9d9e421,libexpat < 2.6.3,2024-10-22
Glibc,软件组件,Glibc,CVE-2023-5156,Glibc组件提供了GNU系统和GNU/linux 系统的基础功能。在智能网联汽车中经常使用glibc组件服务系统。在2.34版本到2.39版本的Glibc组件中，getaddrinfo.c文件的getaddrinfo函数存在内存泄漏漏洞，可能导致拒绝服务。,待补充,https://sourceware.org/git/?p=glibc.git;a=patch;h=ec6b95c3303c700eb89eebeda2d7264cc184a796,2.34 <= Glibc < 2.39,2024-10-22
Glibc,软件组件,Glibc,CVE-2023-25139,Glibc组件提供了GNU系统和GNU/linux 系统的基础功能。在智能网联汽车中经常使用glibc组件服务系统。在2.37版本的Glibc组件中，sprintf.c文件的sprintf函数存在缓冲区溢出漏洞，可能导致程序崩溃。,待补充,https://sourceware.org/git/?p=glibc.git;a=patch;h=07b9521fc6369d000216b96562ff7c0ed32a16c4s,Glibc = 2.37,2024-10-22
Glibc,软件组件,Glibc,CVE-2023-0687,Glibc组件提供了GNU系统和GNU/linux 系统的基础功能。在智能网联汽车中经常使用glibc组件服务系统。在2.38版本前的Glibc组件中，gmon.c文件的monstartup函数存在缓冲区溢出漏洞，可能导致程序崩溃。,待补充,https://patchwork.sourceware.org/project/glibc/patch/20230204114138.5436-1-leo%40yuriev.ru/,Glibc < 2.38,2024-10-22
Glib,软件组件,Glib,CVE-2023-32643,Glib库是linux平台下常见的C语言函数库，具有移植性好，实用性强的特点。Glib能提供队列、链表、树、线程同步、信号、对象等复杂类型。是智能网联汽车常用的组件。在2.75.1版本之前的Glib组件中，gvariant-serialiser.c文件的g_variant_serialised_get_child函数存在堆缓冲区溢出漏洞，可能导致敏感信息泄露或拒绝服务。,待补充,https://gitlab.gnome.org/-/project/658/uploads/15ce5cc2e4255967a292572630c4bd01/0001-gvariant-Check-offset-table-doesn-t-fall-outside-var.patch,Glib < 2.75.1,2024-10-22
Libsndfile,软件组件,libsndfile,CVE-2022-33064,libsndfile组件是音频文件读写库，可支持WAV、FLAC等常见格式，在智能网联汽车中可能使用libsndfile组件进行音频文件读取。在1.1.0版本的libsndfile组件中，wav.c文件的wav_read_header函数存在越界写入漏洞，可能导致执行任意代码、造成拒绝服务。,待补充,,libsndfile= 1.1.0,2024-10-22
Libjpeg-turbo,软件组件,libjpeg-turbo,CVE-2021-29390,"libjpeg-turbo是一个基于libjpeg的高性能JPEG编解码库.它使用SIMD指令(MMX, SSE2, AVX2, NEON, AltiVec)来加速x86, x86-64, ARM和PowerPC系统上baseline JPEG压缩和解压缩。在2.0.90版本的libjpeg-turbo组件中，jdcoefct.c文件的decompress_smooth_data函数存在堆缓冲区错误漏洞，可能导致数据泄露。",待补充,,libjpeg-turbo= 2.0.90,2024-10-22
Libsndfile,软件组件,libsndfile,CVE-2021-3246,libsndfile组件是音频文件读写库，可支持WAV、FLAC等常见格式，在智能网联汽车中可能使用libsndfile组件进行音频文件读取。在1.0.30版本的libsndfile组件中，ms_adpcm.c文件的msadpcm_decode_block函数存在堆缓冲区溢出漏洞，可能导致执行任意代码。,待补充,https://github.com/libsndfile/libsndfile/commit/deb669ee8be55a94565f6f8a6b60890c2e7c6f32#diff-3bb9934284df08f6cc86dfd9badec919ff89d0967670e6247415064e3ca30c96,libsndfile= 1.0.30,2024-10-22
Glibc,软件组件,Glibc,CVE-2021-3998,Glibc组件提供了GNU系统和GNU/linux 系统的基础功能。在智能网联汽车中经常使用glibc组件服务系统。在2.33版本到2.35版本的Glibc组件中，canonicalize.c文件的realpath函数存在未经检查的返回值漏洞，可能导致敏感数据泄露。,待补充,https://sourceware.org/git/?p=glibc.git;a=patch;h=ee8d5e33adb284601c00c94687bc907e10aec9bb,2.33 <= Glibc < 2.35,2024-10-22
Libgcrypt,软件组件,Libgcrypt,CVE-2021-3345,Libgcrypt组件提供多种对称加密、非对称加密和单线散列函数功能。在智能网联汽车中可能使用该组件提供安全服务。在1.9.0版本的Libgcrypt组件中，hash-common.c文件的gcry_md_block_write函数存在堆缓冲区溢出漏洞，可能导致拒绝服务。,待补充,,Libgcrypt = 1.9.0,2024-10-22
OpenCV,软件组件,OpenCV,CVE-2023-2618,OpenCV（open source computer vision library）是一个开源计算机视觉和机器学习软件库，采用C\C++语言编写，可快速实现图像处理与识别、机器学习等功能。在智能网联汽车中可能在车道检测、目标检测与跟踪等方面使用。OpenCV在4.5.2（含）到4.8.0版本qrcode/decoder/decoded_bit_stream_parser.cpp文件的DecodedBitStreamParser::decodeHanziSegment 函数存在内存泄露漏洞，攻击者可以通过构造恶意的二维码来触发此漏洞，进而可能导致目标系统资源耗尽或引发其他安全问题。,待补充,https://github.com/opencv/opencv_contrib/pull/3484/commits/2b62ff6181163eea029ed1cab11363b4996e9cd6,4.5.2 <= OpenCV < 4.8.0,2024-10-21
Node.js,软件组件,Node.js,CVE-2023-23919,Node.js是一个开源的，跨平台的javascript运行环境，可用于开发服务应用、工具等。智能网联汽车中可能使用该组件。Node.js 在14.0.0（含）到14.14.0（含）、14.0.0（含）到14.21.3、16.0.0（含）到16.12.0（含）、16.0.0（含）到 16.19.1、18.0.0（含）到18.11.0（含）、18.0.0（含）到18.14.1、19.0.0（含）到19.2.0版本中设置OpenSSL错误堆栈的操作后无法清除该错误堆栈。这可能会导致在同一线程上的后续加密操作中出现误报错误，可能导致系统拒绝服务。,待补充,https://nodejs.org/en/blog/vulnerability/february-2023-security-releases/,14.0.0 <= Node.js <= 14.14.0、14.0.0 <= Node.js < 14.21.3、16.0.0 <= Node.js <= 16.12.0、16.0.0 <= Node.js < 16.19.1、18.0.0 <= Node.js <= 18.11.0、18.0.0 <= Node.js < 18.14.1、19.0.0 <= Node.js < 19.2.0,2024-10-21
OpenSC,软件组件,OpenSC,CVE-2023-2977,OpenSC是一个开源库，支持智能卡和安全硬件设备的使用。它提供了与智能卡和安全硬件设备交互的工具和接口。智能网联汽车中可能使用该组件。OpenSC 在0.23.0版本cardos_have_verifyrc_package 函数存在缓冲区溢出漏洞，可能导致系统拒绝服务。,待补充,https://github.com/OpenSC/OpenSC/issues/2785,OpenSC = 0.23.0,2024-10-21
OpenCV,软件组件,OpenCV,CVE-2023-2617,OpenCV（open source computer vision library）是一个开源计算机视觉和机器学习软件库，采用C\C++语言编写，可快速实现图像处理与识别、机器学习等功能。在智能网联汽车中可能在车道检测、目标检测与跟踪等方面使用。OpenCV在4.5.2（含）到4.7.0（含）版本qrcode/decoder/decoded_bit_stream_parser.cpp文件的DecodedBitStreamParser::decodeByteSegment 函数存在空指针解引用漏洞，可能导致系统拒绝服务。,待补充,https://github.com/opencv/opencv_contrib/pull/3480,4.5.2 <= OpenCV < =4.7.0,2024-10-21
Glib,软件组件,Glib,CVE-2023-32636,Glib库是linux平台下常见的C语言函数库，具有移植性好，实用性强的特点。Glib能提供队列、链表、树、线程同步、信号、对象等复杂类型。是智能网联汽车常用的组件。在2.74.4版本之前的Glib组件中，gvariant-core.c文件的g_variant_get_child_value函数存在输入验证错误漏洞，可能导致拒绝服务。,待补充,https://gitlab.gnome.org/-/project/658/uploads/beeb4addb3ed22f7ef927f5987bda84d/0001-gvariant-Propagate-trust-when-getting-a-child-of-a-s.patch,Glib < 2.74.4,2024-10-21
Node.js,软件组件,Node.js,CVE-2023-30581,Node.js是一个开源的，跨平台的javascript运行环境，可用于开发服务应用、工具等。智能网联汽车中可能使用该组件。Node.js 在16.0.0（含）到16.20.1、18.0.0（含）到18.16.1、20.0.0（含）到20.3.1版本中存在安全机制绕过漏洞，攻击者通过利用process.mainModule.__proto__.require()中的__proto__属性，绕过Node.js的实验性策略机制，从而加载策略文件（policy.json）定义之外的模块。这可能导致未经授权的代码执行，对系统的安全性构成严重威胁。,待补充,,16.0.0 <= Node.js < 16.20.1、18.0.0 <= Node.js < 18.16.1、20.0.0 <= Node.js < 20.3.1,2024-10-21
Glib,软件组件,Glib,CVE-2023-29499,Glib库是linux平台下常见的C语言函数库，具有移植性好，实用性强的特点。Glib能提供队列、链表、树、线程同步、信号、对象等复杂类型。是智能网联汽车常用的组件。在2.74.4版本之前的Glib组件中，gvariant-core.c文件的g_variant_is_normal_form函数存在输入验证错误漏洞，可能导致拒绝服务。,待补充,https://gitlab.gnome.org/-/project/658/uploads/39b7c71c1309fd43ea132dc8ca6d1a21/0001-gvariant-serialiser-Check-offset-table-entry-size-is.patch,Glib < 2.74.4,2024-10-21
Node.js,软件组件,Node.js,CVE-2022-35255,Node.js是一个开源的，跨平台的javascript运行环境，可用于开发服务应用、工具等。智能网联汽车中可能使用该组件。Node.js 在15.0.0 （含）到15.14.0（含）、16.0.0（含）到16.12.0（含）、16.13.0（含）到16.17.1、18.0.0（含）到18.9.1版本中WebCrypto API密钥生成随机性不足，攻击者可能能够预测或推断出生成的密钥，从而危及使用这些密钥进行加密操作的安全性。,待补充,https://github.com/nodejs/node/pull/44493,15.0.0 <= Node.js <= 15.14.0、16.0.0 <= Node.js <= 16.12.0、16.13.0 <= Node.js < 16.17.1、18.0.0 <= Node.js < 18.9.1,2024-10-21
NTFS-3G,软件组件,NTFS-3G,CVE-2021-33286,NTFS-3G可以实现linux、free bsd等操作系统中的NTFS读写支持。智能网联汽车中可能使用该组件。NTFS-3G在2021.8.22 之前的版本中存在ntfs_inode_lookup_by_name未清理属性长度导致堆缓冲区溢出漏洞，可能导致系统拒绝服务。,待补充,,NTFS-3G < 2021.8.22,2024-10-21
Node.js,软件组件,Node.js,CVE-2021-22940,Node.js是一个开源的，跨平台的javascript运行环境，可用于开发服务应用、工具等。智能网联汽车中可能使用该组件。Node.js 在12.0.0（含）到12.22.5、14.0.0（含）到14.17.5、16.0.0（含）到16.6.2版本中存在释放后使用（Use-after-free）漏洞，可能导致系统拒绝服务。,待补充,https://nodejs.org/en/blog/vulnerability/aug-2021-security-releases/,12.0.0 <= Node.js < 12.22.5、14.0.0 <= Node.js < 14.17.5、16.0.0 <= Node.js < 16.6.2,2024-10-21
Node.js,软件组件,Node.js,CVE-2023-23918,Node.js是一个开源的，跨平台的javascript运行环境，可用于开发服务应用、工具等。智能网联汽车中可能使用该组件。Node.js 在14.0.0（含）到14.14.0（含）、14.0.0（含）到14.21.3、16.0.0（含）到16.12.0（含）、16.0.0（含）到 16.19.1、18.0.0（含）到18.11.0（含）、18.0.0（含）到18.14.1、19.0.0（含）到19.16.1版本中process.mainModule.require()函数存在身份验证绕过漏洞，攻击者可以通过这个函数绕过权限策略，访问原本被限制访问的模块或功能。,待补充,https://nodejs.org/en/blog/vulnerability/february-2023-security-releases/,14.0.0 <= Node.js <= 14.14.0、14.0.0 <= Node.js < 14.21.3、16.0.0 <= Node.js <= 16.12.0、16.0.0 <= Node.js < 16.19.1、18.0.0 <= Node.js <= 18.11.0、18.0.0 <= Node.js < 18.14.1、19.0.0 <= Node.js < 19.16.1,2024-10-18
OpenSSL,软件组件,OpenSSL,CVE-2022-1292,OpenSSL是一个开源的能够实现安全套接层（SSLv2/v3）和安全传输层（TLSv1）协议的通用加密库，常用于车云通信中对传输协议的加解密。该组件支持多种加密算法，包括对称密码、哈希算法、安全散列算法等。在智能网联汽车中可能使用该组件。OpenSSL在 1.0.2（含）到1.0.2ze、1.1.1（含）到1.1.1o、3.0.0（含）到3.0.3 版本中的c_rehash脚本存在命令注入漏洞，这导致可操作/etc/ssl/certs/目录的攻击者能够注入恶意命令，并以该脚本的权限执行任意命令。,待补充,,1.0.2 <= OpenSSL < 1.0.2ze、1.1.1 <= OpenSSL < 1.1.1o、3.0.0 <= OpenSSL < 3.0.3,2024-10-18
NTFS-3G,软件组件,NTFS-3G,CVE-2021-39263,NTFS-3G可以实现linux、free bsd等操作系统中的NTFS读写支持。智能网联汽车中可能使用该组件。NTFS-3G在2021.8.22 之前的版本中 ntfs_get_attribute_value 函数存在堆缓冲区溢出漏洞，可能导致系统拒绝服务。,待补充,,NTFS-3G < 2021.8.22,2024-10-17
NTFS-3G,软件组件,NTFS-3G,CVE-2021-39261,NTFS-3G可以实现linux、free bsd等操作系统中的NTFS读写支持。智能网联汽车中可能使用该组件。NTFS-3G在2021.8.22 之前的版本中ntfs_compressed_pwrite 函数存在堆缓冲区溢出漏洞，可能导致远程代码执行或系统崩溃。,待补充,,NTFS-3G < 2021.8.22,2024-10-17
NTFS-3G,软件组件,NTFS-3G,CVE-2021-39259,NTFS-3G可以实现linux、free bsd等操作系统中的NTFS读写支持。智能网联汽车中可能使用该组件。NTFS-3G在2021.8.22 之前的版本中ntfs_inode_lookup_by_name 函数存在越界读取漏洞，可能导致系统拒绝服务。,待补充,,NTFS-3G < 2021.8.22,2024-10-16
Node.js,软件组件,Node.js,CVE-2021-22884,Node.js是一个开源的，跨平台的javascript运行环境，可用于开发服务应用、工具等。智能网联汽车中可能使用该组件。Node.js 在10.0.0（含）到10.24.0、12.0.0（含）到12.21.0、14.0.0（含）到14.16.0、15.0.0（含）到15.10.0 版本的组件的--inspect功能的白名单中包含“localhost6”时，攻击者可能通过控制受害者的DNS服务器或欺骗其DNS响应，利用此漏洞绕过DNS重新绑定保护机制，从而发动拒绝服务攻击。,待补充,https://www.oracle.com//security-alerts/cpujul2021.html,10.0.0 <= Node.js < 10.24.0、12.0.0 <= Node.js < 12.21.0、14.0.0 <= Node.js < 14.16.0、15.0.0 <= Node.js < 15.10.0,2024-10-16
Nginx,软件组件,Nginx,CVE-2022-41742,Nginx 是一个功能强大、灵活易用的 Web 服务器和反向代理服务器，适用于构建高性能的网络应用和服务。智能网联汽车中可能使用该组件。Nginx组件在1.1.3（含）到1.22.0（含）、1.23.0、1.23.1 版本的ngx_http_mp4_module模块存在越界写入漏洞，该漏洞允许攻击者通过发送特制的MP4文件来触发，可能导致worker进程的崩溃或内存泄露，从而对系统的稳定性和安全性构成威胁。,待补充,,1.1.3 <= Nginx <= 1.22.0、Nginx= 1.23.0、Nginx= 1.23.1,2024-10-15
NTFS-3G,软件组件,NTFS-3G,CVE-2021-39262,NTFS-3G可以实现linux、free bsd等操作系统中的NTFS读写支持。智能网联汽车中可能使用该组件。NTFS-3G在2021.8.22 之前的版本中ntfs_decompress 函数存在越界读取漏洞，可能导致系统拒绝服务。,待补充,,NTFS-3G < 2021.8.22,2024-10-15
NTFS-3G,软件组件,NTFS-3G,CVE-2021-39260,NTFS-3G可以实现linux、free bsd等操作系统中的NTFS读写支持。智能网联汽车中可能使用该组件。NTFS-3G在2021.8.22 之前的版本中ntfs_inode_sync_standard_information 函数存在越界读取漏洞，可能导致系统拒绝服务。,待补充,,NTFS-3G < 2021.8.22,2024-10-14
Node.js,软件组件,Node.js,CVE-2021-22931,Node.js是一个开源的，跨平台的javascript运行环境，可用于开发服务应用、工具等。智能网联汽车中可能使用该组件。Node.js 在12.0.0（含）到12.12.0（含）、12.13.0（含）到12.22.5、14.0.0（含）到14.14.0（含）、14.15.0（含）到14.17.5、16.0.0（含）到16.6.2 的域名服务器对返回的主机名缺少必要的输入验证，导致可能产生错误的主机名输出。这种错误的输出不仅可能导致域名劫持，还可能引发应用注入漏洞。攻击者可以利用这个漏洞执行远程代码执行（RCE）、跨站脚本攻击（XSS）以及拒绝服务（DoS）攻击，进而造成内存破坏和应用程序崩溃。,待补充,https://nodejs.org/en/blog/vulnerability/aug-2021-security-releases/,12.0.0 <= Node.js <= 12.12.0、12.13.0 <= Node.js < 12.22.5、14.0.0 <= Node.js <= 14.14.0、14.15.0 <= Node.js < 14.17.5、16.0.0 <= Node.js < 16.6.2,2024-10-14
Nginx,软件组件,Nginx,CVE-2022-41741,Nginx 是一个功能强大、灵活易用的 Web 服务器和反向代理服务器，适用于构建高性能的网络应用和服务。智能网联汽车中可能使用该组件。Nginx组件在1.1.3（含）到1.22.0（含）、1.23.0、1.23.1 版本的ngx_http_mp4_module模块存在内存损坏漏洞，可能导致系统拒绝服务。,待补充,,1.1.3 <= Nginx <= 1.22.0、Nginx= 1.23.0、Nginx= 1.23.1,2024-10-11
Node.js,软件组件,Node.js,CVE-2021-22883,Node.js是一个开源的，跨平台的javascript运行环境，可用于开发服务应用、工具等。智能网联汽车中可能使用该组件。Node.js 在10.0.0（含）到10.24.0、12.0.0（含）到12.21.0、14.0.0（含）到14.16.0、15.0.0（含）到15.10.0 版本的组件，在处理HTTP2的“unknownProtocol”时存在资源耗尽问题，可能导致系统拒绝服务。,待补充,https://www.oracle.com/security-alerts/cpuApr2021.html,10.0.0 <= Node.js < 10.24.0、12.0.0 <= Node.js < 12.21.0、14.0.0 <= Node.js < 14.16.0、15.0.0 <= Node.js < 15.10.0,2024-10-11
Ffmpeg,软件组件,Ffmpeg,CVE-2024-32230,Ffmpeg是一套开源的多媒体框架，支持音频、视频的录制、转换和流化。Ffmpeg几乎支持所有常见的数据封装格式、多媒体传输协议以及音视频编解码器。智能网联汽车中常用该组件。在7.0版本的Ffmpeg组件中，mpegvideo_enc.c文件的load_input_picture函数存在缓冲区溢出漏洞，可能导致程序崩溃。,待补充,http://git.videolan.org/?p=ffmpeg.git;a=commitdiff;h=96449cfeaeb95fcfd7a2b8d9ccf7719e97471ed1,Ffmpeg = 7.0,2024-10-10
Ffmpeg,软件组件,Ffmpeg,CVE-2024-7272,Ffmpeg是一套开源的多媒体框架，支持音频、视频的录制、转换和流化。Ffmpeg几乎支持所有常见的数据封装格式、多媒体传输协议以及音视频编解码器。智能网联汽车中常用该组件。在5.1.6版本之前的Ffmpeg组件中，swresample.c文件的fill_audiodata函数存在堆缓冲区溢出漏洞，可能导致远程代码执行。,待补充,,Ffmpeg < 5.1.6,2024-10-10
Curl,软件组件,curl,CVE-2024-6197,curl组件是一个使用URL语法的传送文件工具，支持FTP、FTPS、HTTP、HTTPS、SCP、SFTP、TFTP、TELNET、DICT、FILE和LDAP等多种协议。curl组件在智能车联网中的应用可能涉及文件的上传和下载。由于curl组件支持多种通信协议，包括HTTP和HTTPS等，因此它可以在智能车联网系统中用于与服务器进行通信，实现数据的传输。在8.6.0版本到8.9.0版本的curl组件中，ASN1解析器的utf8asn1str函数存在远程代码执行漏洞，可能导致程序崩溃。,待补充,https://hackerone.com/reports/2559516,8.6.0 <= curl < 8.9.0,2024-10-09
